{"type":"FeatureCollection","features":[{"type":"Feature","properties":{"id":"150102","name":"Ancón"},"geometry":{"type":"Polygon","coordinates":[[[-77.00476,-11.61427],[-77.00498,-11.61341],[-77.00515,-11.61267],[-77.00536,-11.61204],[-77.00555,-11.61147],[-77.00565,-11.6113],[-77.00579,-11.61104],[-77.00622,-11.61022],[-77.00656,-11.60957],[-77.00675,-11.60916],[-77.00723,-11.60866],[-77.00764,-11.6082],[-77.00812,-11.60793],[-77.00868,-11.60781],[-77.00938,-11.60752],[-77.01025,-11.60713],[-77.01098,-11.60691],[-77.01165,-11.60664],[-77.01204,-11.6064],[-77.01272,-11.60599],[-77.01318,-11.60572],[-77.01332,-11.60565],[-77.0139,-11.60536],[-77.0145,-11.60512],[-77.01521,-11.6047],[-77.01593,-11.60436],[-77.01646,-11.60405],[-77.01704,-11.60385],[-77.01743,-11.60368],[-77.01784,-11.60342],[-77.0182,-11.60299],[-77.01851,-11.60255],[-77.0187,-11.60219],[-77.01899,-11.60164],[-77.0193,-11.6013],[-77.01981,-11.60101],[-77.02032,-11.60082],[-77.02083,-11.6007],[-77.02133,-11.60029],[-77.0217,-11.5999],[-77.02179,-11.5994],[-77.02186,-11.59861],[-77.0219,-11.59748],[-77.02196,-11.59662],[-77.02213,-11.59631],[-77.02259,-11.59612],[-77.02322,-11.5959],[-77.02356,-11.59558],[-77.02385,-11.59525],[-77.02438,-11.595],[-77.02476,-11.59476],[-77.02498,-11.59442],[-77.02563,-11.59399],[-77.02614,-11.59375],[-77.02677,-11.5935],[-77.02742,-11.59316],[-77.02778,-11.59283],[-77.02817,-11.5923],[-77.02853,-11.59225],[-77.0292,-11.59226],[-77.02995,-11.59209],[-77.03063,-11.59196],[-77.03138,-11.5917],[-77.03259,-11.59116],[-77.03341,-11.59075],[-77.03394,-11.59034],[-77.03416,-11.58991],[-77.03474,-11.58959],[-77.03563,-11.58923],[-77.03631,-11.58905],[-77.03677,-11.58893],[-77.03747,-11.58835],[-77.03761,-11.58809],[-77.03802,-11.5878],[-77.03836,-11.58751],[-77.03882,-11.58691],[-77.03918,-11.58638],[-77.03944,-11.58583],[-77.03965,-11.5853],[-77.04011,-11.58501],[-77.04079,-11.5846],[-77.04146,-11.58412],[-77.04182,-11.58371],[-77.04209,-11.58342],[-77.04274,-11.58313],[-77.04291,-11.58269],[-77.04324,-11.58221],[-77.04363,-11.58166],[-77.04416,-11.58106],[-77.04478,-11.58015],[-77.04521,-11.57943],[-77.04581,-11.57873],[-77.04615,-11.57863],[-77.04722,-11.57886],[-77.04817,-11.57907],[-77.04873,-11.57895],[-77.04933,-11.57875],[-77.04979,-11.57848],[-77.05022,-11.57805],[-77.05063,-11.5775],[-77.05082,-11.57702],[-77.05123,-11.57656],[-77.05186,-11.57617],[-77.05244,-11.57607],[-77.0529,-11.57607],[-77.05348,-11.57607],[-77.05426,-11.57585],[-77.05496,-11.5756],[-77.05537,-11.57558],[-77.05571,-11.57569],[-77.05637,-11.57597],[-77.0571,-11.57642],[-77.05793,-11.57668],[-77.05902,-11.57703],[-77.05985,-11.57722],[-77.06087,-11.57743],[-77.06159,-11.57754],[-77.0623,-11.57763],[-77.06298,-11.57755],[-77.06344,-11.57743],[-77.06414,-11.57723],[-77.06462,-11.5769],[-77.06481,-11.57637],[-77.06505,-11.57577],[-77.06517,-11.57512],[-77.06509,-11.57469],[-77.06482,-11.5741],[-77.06477,-11.57364],[-77.06484,-11.57324],[-77.0651,-11.57297],[-77.06556,-11.57278],[-77.06614,-11.57258],[-77.06709,-11.57241],[-77.06779,-11.57257],[-77.06828,-11.57271],[-77.06876,-11.57297],[-77.06908,-11.57344],[-77.06945,-11.57418],[-77.06989,-11.57483],[-77.07033,-11.57518],[-77.07099,-11.5753],[-77.07193,-11.57527],[-77.07286,-11.57521],[-77.07351,-11.57523],[-77.07417,-11.57539],[-77.07473,-11.5757],[-77.07504,-11.57598],[-77.07568,-11.57634],[-77.07643,-11.57657],[-77.07726,-11.57678],[-77.0777,-11.57702],[-77.07789,-11.57776],[-77.07797,-11.57809],[-77.07805,-11.57859],[-77.078,-11.57922],[-77.07793,-11.57974],[-77.07767,-11.58013],[-77.07753,-11.58053],[-77.07748,-11.58099],[-77.07751,-11.58147],[-77.07773,-11.58178],[-77.07815,-11.58218],[-77.07839,-11.5828],[-77.07847,-11.58325],[-77.07843,-11.58397],[-77.07843,-11.58466],[-77.07847,-11.5855],[-77.07866,-11.58619],[-77.07883,-11.58654],[-77.07929,-11.58723],[-77.07984,-11.58819],[-77.08006,-11.58889],[-77.08026,-11.58987],[-77.08046,-11.59045],[-77.08081,-11.59117],[-77.08108,-11.59168],[-77.08145,-11.59219],[-77.08178,-11.59246],[-77.08228,-11.59264],[-77.08262,-11.59284],[-77.08293,-11.59319],[-77.08306,-11.59355],[-77.0832,-11.5939],[-77.08348,-11.59409],[-77.08375,-11.59419],[-77.08394,-11.59443],[-77.08403,-11.59477],[-77.08432,-11.59526],[-77.08447,-11.59573],[-77.08448,-11.59645],[-77.08453,-11.59702],[-77.08468,-11.59766],[-77.08487,-11.59814],[-77.08505,-11.59884],[-77.08523,-11.59965],[-77.08543,-11.60041],[-77.08569,-11.60094],[-77.08577,-11.60155],[-77.08572,-11.60191],[-77.08568,-11.60221],[-77.08549,-11.60274],[-77.08533,-11.60315],[-77.08518,-11.60361],[-77.08519,-11.60399],[-77.08527,-11.60424],[-77.08552,-11.6045],[-77.08574,-11.60479],[-77.08594,-11.60514],[-77.0864,-11.60536],[-77.08674,-11.60576],[-77.08701,-11.60626],[-77.08721,-11.60667],[-77.08782,-11.60721],[-77.0886,-11.60735],[-77.08981,-11.60748],[-77.09074,-11.608],[-77.0913,-11.60845],[-77.09181,-11.60883],[-77.09249,-11.60926],[-77.093,-11.60961],[-77.09344,-11.60973],[-77.0939,-11.60999],[-77.09447,-11.61044],[-77.09481,-11.61092],[-77.0952,-11.61173],[-77.09548,-11.61263],[-77.09589,-11.61323],[-77.0964,-11.61327],[-77.09698,-11.6131],[-77.09761,-11.6131],[-77.09829,-11.61321],[-77.09886,-11.61359],[-77.09915,-11.61399],[-77.09976,-11.61494],[-77.10057,-11.61544],[-77.10123,-11.61599],[-77.10191,-11.6167],[-77.1024,-11.6171],[-77.10306,-11.61855],[-77.10345,-11.61924],[-77.10387,-11.61943],[-77.10457,-11.6195],[-77.10513,-11.61947],[-77.10578,-11.61944],[-77.10617,-11.61968],[-77.10647,-11.62042],[-77.10653,-11.62118],[-77.10644,-11.62214],[-77.10601,-11.62298],[-77.10572,-11.62382],[-77.1057,-11.62458],[-77.1059,-11.6252],[-77.10629,-11.62556],[-77.10685,-11.62618],[-77.10739,-11.62684],[-77.10839,-11.62731],[-77.10946,-11.62769],[-77.11069,-11.6282],[-77.11207,-11.62913],[-77.11297,-11.62967],[-77.11435,-11.63002],[-77.11635,-11.63036],[-77.11795,-11.63033],[-77.11984,-11.63015],[-77.12122,-11.62952],[-77.12322,-11.6278],[-77.12522,-11.62673],[-77.12771,-11.62595],[-77.1296,-11.62562],[-77.13132,-11.62547],[-77.1322,-11.62542],[-77.13361,-11.62581],[-77.1347,-11.62664],[-77.13537,-11.62802],[-77.13565,-11.62938],[-77.13595,-11.63063],[-77.13625,-11.63158],[-77.13618,-11.63261],[-77.13616,-11.63321],[-77.13634,-11.63395],[-77.13654,-11.63445],[-77.13703,-11.63509],[-77.13737,-11.63554],[-77.13724,-11.63636],[-77.13717,-11.63695],[-77.13696,-11.63753],[-77.13659,-11.63801],[-77.13607,-11.6384],[-77.13546,-11.63872],[-77.13462,-11.63892],[-77.13381,-11.63899],[-77.13334,-11.63914],[-77.13222,-11.63946],[-77.1315,-11.63967],[-77.13119,-11.63989],[-77.13105,-11.64082],[-77.13097,-11.64126],[-77.13088,-11.64199],[-77.13083,-11.64268],[-77.13089,-11.64337],[-77.13107,-11.64394],[-77.13133,-11.64453],[-77.13166,-11.64509],[-77.13169,-11.64522],[-77.13172,-11.64541],[-77.13155,-11.64579],[-77.13136,-11.64625],[-77.13128,-11.64662],[-77.13124,-11.64726],[-77.13096,-11.64783],[-77.1306,-11.64842],[-77.1302,-11.64903],[-77.12969,-11.64945],[-77.12894,-11.64959],[-77.12745,-11.64969],[-77.12634,-11.65034],[-77.12547,-11.65186],[-77.12375,-11.65335],[-77.12265,-11.65446],[-77.12242,-11.65501],[-77.12205,-11.6563],[-77.12207,-11.65736],[-77.12301,-11.65818],[-77.12389,-11.65892],[-77.1248,-11.65957],[-77.12565,-11.66008],[-77.12634,-11.66038],[-77.12708,-11.66005],[-77.12775,-11.65922],[-77.12845,-11.65868],[-77.12943,-11.65781],[-77.13026,-11.65752],[-77.13175,-11.65729],[-77.1323,-11.65745],[-77.13313,-11.65769],[-77.13368,-11.65803],[-77.13429,-11.65844],[-77.13448,-11.6589],[-77.13499,-11.65966],[-77.13544,-11.66014],[-77.13609,-11.66034],[-77.13688,-11.66045],[-77.1376,-11.66077],[-77.13817,-11.66155],[-77.13907,-11.66245],[-77.13928,-11.66266],[-77.13942,-11.6628],[-77.13983,-11.66332],[-77.13993,-11.66345],[-77.14066,-11.66399],[-77.14152,-11.66438],[-77.14162,-11.66442],[-77.14263,-11.66481],[-77.14335,-11.66521],[-77.14429,-11.66591],[-77.14473,-11.66627],[-77.14513,-11.66659],[-77.1462,-11.6672],[-77.14729,-11.66778],[-77.14842,-11.66823],[-77.1498,-11.66882],[-77.15074,-11.66938],[-77.15117,-11.66965],[-77.15154,-11.66987],[-77.15216,-11.67063],[-77.15251,-11.67115],[-77.15266,-11.67241],[-77.15286,-11.67339],[-77.15331,-11.67432],[-77.15385,-11.67525],[-77.15485,-11.67637],[-77.15571,-11.67736],[-77.15612,-11.67782],[-77.15657,-11.67877],[-77.15723,-11.67991],[-77.15767,-11.68046],[-77.15816,-11.68117],[-77.15828,-11.68174],[-77.15801,-11.68277],[-77.1575,-11.68311],[-77.15644,-11.68358],[-77.1553,-11.68406],[-77.1552,-11.68418],[-77.1547,-11.68483],[-77.15451,-11.68579],[-77.15498,-11.68689],[-77.15518,-11.68803],[-77.155,-11.68897],[-77.15515,-11.68985],[-77.15526,-11.69138],[-77.15532,-11.69293],[-77.15552,-11.69406],[-77.15597,-11.69489],[-77.15633,-11.69556],[-77.15673,-11.69613],[-77.15688,-11.6965],[-77.15632,-11.69711],[-77.15603,-11.69765],[-77.15565,-11.69813],[-77.15523,-11.69863],[-77.15482,-11.69923],[-77.15454,-11.70009],[-77.15451,-11.70095],[-77.15453,-11.7017],[-77.15552,-11.70209],[-77.15655,-11.70208],[-77.15785,-11.70194],[-77.15943,-11.70171],[-77.16084,-11.70156],[-77.16156,-11.70089],[-77.16237,-11.69969],[-77.16348,-11.69875],[-77.1644,-11.69809],[-77.16521,-11.69646],[-77.16646,-11.69444],[-77.16892,-11.69304],[-77.17018,-11.6925],[-77.17148,-11.69193],[-77.17299,-11.69148],[-77.17376,-11.69085],[-77.1753,-11.68936],[-77.17645,-11.68834],[-77.17834,-11.68754],[-77.18057,-11.68669],[-77.18211,-11.68591],[-77.18319,-11.68587],[-77.1845,-11.6867],[-77.18538,-11.68832],[-77.18603,-11.68995],[-77.1873,-11.69189],[-77.18759,-11.69227],[-77.18907,-11.69422],[-77.18959,-11.6949],[-77.1903,-11.69575],[-77.1912,-11.69658],[-77.19241,-11.69735],[-77.19354,-11.69774],[-77.19464,-11.69794],[-77.19545,-11.69792],[-77.19546,-11.69792],[-77.19633,-11.69795],[-77.19613,-11.69812],[-77.19601,-11.6982],[-77.19594,-11.69829],[-77.19583,-11.69837],[-77.19574,-11.69841],[-77.19567,-11.6985],[-77.1956,-11.69856],[-77.19553,-11.69864],[-77.19523,-11.69894],[-77.1951,-11.69908],[-77.19506,-11.69915],[-77.19499,-11.6992],[-77.19492,-11.69927],[-77.19481,-11.69931],[-77.19472,-11.69939],[-77.19465,-11.69943],[-77.19453,-11.69956],[-77.19446,-11.69964],[-77.1944,-11.69974],[-77.19435,-11.69979],[-77.19428,-11.69989],[-77.19415,-11.70002],[-77.1939,-11.70044],[-77.19376,-11.70065],[-77.19369,-11.70079],[-77.19362,-11.70096],[-77.19361,-11.70104],[-77.19349,-11.70117],[-77.19326,-11.70134],[-77.19319,-11.7014],[-77.19308,-11.70148],[-77.19296,-11.7016],[-77.19281,-11.70174],[-77.1926,-11.70191],[-77.19242,-11.70207],[-77.19228,-11.70222],[-77.19224,-11.70229],[-77.19192,-11.70262],[-77.1918,-11.70276],[-77.19174,-11.70281],[-77.19163,-11.70295],[-77.19158,-11.703],[-77.19147,-11.70307],[-77.19145,-11.70313],[-77.19137,-11.70319],[-77.19124,-11.70334],[-77.19109,-11.70352],[-77.19098,-11.7036],[-77.19084,-11.70373],[-77.19077,-11.70384],[-77.19055,-11.70411],[-77.19048,-11.70415],[-77.19039,-11.70425],[-77.19032,-11.70435],[-77.19023,-11.70441],[-77.19018,-11.70448],[-77.1901,-11.70455],[-77.19003,-11.70461],[-77.18993,-11.7047],[-77.18985,-11.70476],[-77.1898,-11.70481],[-77.18973,-11.70491],[-77.18966,-11.70499],[-77.18954,-11.70511],[-77.18944,-11.70522],[-77.18935,-11.70536],[-77.18926,-11.70547],[-77.18921,-11.70557],[-77.18912,-11.7057],[-77.18908,-11.70578],[-77.18901,-11.70586],[-77.18892,-11.70599],[-77.18883,-11.70608],[-77.18878,-11.70612],[-77.1887,-11.70621],[-77.18863,-11.7063],[-77.18854,-11.7064],[-77.18843,-11.70651],[-77.18827,-11.70673],[-77.1882,-11.70679],[-77.18816,-11.70689],[-77.18808,-11.70701],[-77.18803,-11.70712],[-77.18802,-11.7072],[-77.18787,-11.70741],[-77.18778,-11.70756],[-77.18762,-11.70776],[-77.18745,-11.70801],[-77.1874,-11.70809],[-77.18736,-11.70815],[-77.18733,-11.70828],[-77.18727,-11.7085],[-77.18721,-11.70864],[-77.18714,-11.70873],[-77.18712,-11.70881],[-77.18703,-11.70894],[-77.18694,-11.70911],[-77.1869,-11.70916],[-77.18681,-11.70928],[-77.18673,-11.70941],[-77.18666,-11.70956],[-77.18656,-11.70967],[-77.18652,-11.70976],[-77.1864,-11.70986],[-77.18628,-11.71002],[-77.18622,-11.71007],[-77.18613,-11.71014],[-77.18604,-11.71023],[-77.18595,-11.71031],[-77.18585,-11.7104],[-77.18574,-11.71048],[-77.18562,-11.7106],[-77.18543,-11.71076],[-77.18532,-11.71085],[-77.1852,-11.71097],[-77.18509,-11.71107],[-77.185,-11.71115],[-77.18488,-11.71127],[-77.18473,-11.71136],[-77.18461,-11.71146],[-77.1845,-11.71155],[-77.18438,-11.71165],[-77.18425,-11.71172],[-77.18404,-11.71186],[-77.18395,-11.71193],[-77.18386,-11.71199],[-77.18372,-11.71212],[-77.18361,-11.71221],[-77.18358,-11.71234],[-77.18355,-11.71248],[-77.18355,-11.71257],[-77.18351,-11.7127],[-77.18352,-11.71309],[-77.1835,-11.71323],[-77.18344,-11.71345],[-77.18337,-11.71356],[-77.1833,-11.71363],[-77.18328,-11.7137],[-77.18324,-11.71377],[-77.18319,-11.71383],[-77.18316,-11.71392],[-77.18313,-11.714],[-77.18304,-11.71412],[-77.18291,-11.71442],[-77.18289,-11.71456],[-77.1829,-11.71504],[-77.18286,-11.7152],[-77.18282,-11.71527],[-77.18276,-11.71541],[-77.18268,-11.71555],[-77.18246,-11.71582],[-77.1824,-11.71587],[-77.18219,-11.71603],[-77.18196,-11.71622],[-77.18186,-11.71625],[-77.1817,-11.71628],[-77.18149,-11.71636],[-77.1814,-11.71635],[-77.18126,-11.71638],[-77.18119,-11.71641],[-77.18113,-11.71647],[-77.18105,-11.71656],[-77.18101,-11.71662],[-77.18094,-11.71673],[-77.18088,-11.71686],[-77.18079,-11.71706],[-77.18071,-11.71731],[-77.1807,-11.71742],[-77.18066,-11.71757],[-77.18061,-11.71774],[-77.18061,-11.71787],[-77.18059,-11.71794],[-77.1805,-11.71812],[-77.18046,-11.71827],[-77.18041,-11.71834],[-77.18039,-11.7184],[-77.18037,-11.71852],[-77.18033,-11.71859],[-77.18028,-11.71871],[-77.18024,-11.71877],[-77.18021,-11.71886],[-77.18017,-11.71896],[-77.17994,-11.71925],[-77.17988,-11.71932],[-77.17981,-11.71937],[-77.17954,-11.71947],[-77.17947,-11.71951],[-77.17926,-11.71973],[-77.17918,-11.71991],[-77.17897,-11.72016],[-77.17884,-11.72036],[-77.1788,-11.72053],[-77.1788,-11.72063],[-77.17881,-11.72077],[-77.17883,-11.72089],[-77.179,-11.72095],[-77.17883,-11.7214],[-77.17879,-11.72149],[-77.17879,-11.72158],[-77.17876,-11.72166],[-77.17867,-11.72177],[-77.17847,-11.72206],[-77.17837,-11.72227],[-77.17823,-11.72248],[-77.17824,-11.72286],[-77.17831,-11.72295],[-77.17839,-11.72299],[-77.17846,-11.72324],[-77.17844,-11.72338],[-77.17841,-11.72346],[-77.17835,-11.72359],[-77.17823,-11.72372],[-77.17817,-11.72384],[-77.17811,-11.7239],[-77.17804,-11.72392],[-77.17795,-11.72402],[-77.17781,-11.72411],[-77.17767,-11.72427],[-77.17758,-11.72433],[-77.17747,-11.72444],[-77.17711,-11.72489],[-77.17693,-11.72508],[-77.17691,-11.72517],[-77.17654,-11.72544],[-77.17636,-11.72558],[-77.17626,-11.72569],[-77.17609,-11.72584],[-77.176,-11.72596],[-77.17591,-11.72601],[-77.17587,-11.72612],[-77.17577,-11.72621],[-77.17549,-11.72647],[-77.17544,-11.72655],[-77.17528,-11.72669],[-77.17521,-11.72674],[-77.17514,-11.72683],[-77.17503,-11.72693],[-77.17499,-11.727],[-77.1749,-11.72712],[-77.1748,-11.72724],[-77.17471,-11.7274],[-77.17462,-11.72758],[-77.17455,-11.72771],[-77.17447,-11.72779],[-77.17442,-11.72792],[-77.17428,-11.72811],[-77.17416,-11.72828],[-77.17408,-11.7284],[-77.17401,-11.7285],[-77.17389,-11.72871],[-77.17385,-11.72883],[-77.17374,-11.72904],[-77.17364,-11.72913],[-77.1736,-11.72921],[-77.17355,-11.72926],[-77.17342,-11.72936],[-77.1733,-11.72949],[-77.17323,-11.72954],[-77.17313,-11.72965],[-77.17297,-11.72985],[-77.17287,-11.72994],[-77.17278,-11.73004],[-77.17269,-11.73019],[-77.17261,-11.73029],[-77.17254,-11.7304],[-77.1725,-11.73047],[-77.17234,-11.73071],[-77.17228,-11.73078],[-77.17214,-11.73104],[-77.17202,-11.73134],[-77.17197,-11.7315],[-77.17188,-11.73166],[-77.17184,-11.73176],[-77.17177,-11.73182],[-77.1716,-11.73211],[-77.17154,-11.73226],[-77.1714,-11.73257],[-77.17134,-11.73269],[-77.17121,-11.73287],[-77.17117,-11.73292],[-77.17111,-11.73304],[-77.17107,-11.7332],[-77.17091,-11.73356],[-77.17068,-11.73405],[-77.17062,-11.73416],[-77.17056,-11.73427],[-77.1705,-11.73437],[-77.17045,-11.7345],[-77.17039,-11.7346],[-77.17032,-11.73479],[-77.17023,-11.73499],[-77.17015,-11.73525],[-77.1701,-11.73533],[-77.17006,-11.73546],[-77.16999,-11.73557],[-77.16993,-11.7357],[-77.16991,-11.73577],[-77.16982,-11.73593],[-77.16979,-11.73614],[-77.16964,-11.73645],[-77.1696,-11.73664],[-77.16956,-11.73675],[-77.16954,-11.73684],[-77.1695,-11.73695],[-77.16951,-11.73714],[-77.16947,-11.73729],[-77.1693,-11.73739],[-77.16904,-11.73768],[-77.16884,-11.73796],[-77.16863,-11.73826],[-77.16837,-11.7387],[-77.16817,-11.73911],[-77.16797,-11.73961],[-77.16785,-11.73997],[-77.16769,-11.74062],[-77.16764,-11.74097],[-77.16761,-11.74131],[-77.16753,-11.74172],[-77.16739,-11.74244],[-77.16742,-11.74296],[-77.16743,-11.74319],[-77.16749,-11.74341],[-77.16763,-11.74374],[-77.16778,-11.74401],[-77.16793,-11.74423],[-77.16799,-11.74439],[-77.16813,-11.74478],[-77.16832,-11.74515],[-77.16864,-11.74589],[-77.1691,-11.74656],[-77.16939,-11.747],[-77.16947,-11.74707],[-77.16953,-11.74717],[-77.16964,-11.74743],[-77.16972,-11.74764],[-77.16978,-11.74783],[-77.16981,-11.74805],[-77.16982,-11.74821],[-77.16982,-11.74846],[-77.16979,-11.74864],[-77.16973,-11.74886],[-77.16971,-11.74915],[-77.1697,-11.74931],[-77.16973,-11.74955],[-77.1698,-11.74977],[-77.1699,-11.74998],[-77.16994,-11.75004],[-77.17023,-11.75044],[-77.17033,-11.75075],[-77.17039,-11.75085],[-77.17042,-11.75099],[-77.17045,-11.75106],[-77.17054,-11.75115],[-77.17063,-11.75127],[-77.17069,-11.75138],[-77.1708,-11.75159],[-77.17081,-11.75166],[-77.17082,-11.75173],[-77.17087,-11.75185],[-77.17096,-11.75207],[-77.17104,-11.75244],[-77.17109,-11.7525],[-77.17109,-11.75259],[-77.17114,-11.75276],[-77.17114,-11.75291],[-77.17117,-11.75302],[-77.17118,-11.75329],[-77.17121,-11.75341],[-77.17122,-11.75393],[-77.17127,-11.75403],[-77.17133,-11.75427],[-77.17135,-11.75493],[-77.1713,-11.75507],[-77.17131,-11.75523],[-77.17129,-11.75531],[-77.17127,-11.75546],[-77.17128,-11.75601],[-77.17133,-11.75614],[-77.17134,-11.75624],[-77.17138,-11.7564],[-77.17144,-11.75664],[-77.17145,-11.75672],[-77.17149,-11.75679],[-77.1715,-11.75687],[-77.17152,-11.75699],[-77.17155,-11.75709],[-77.17158,-11.75715],[-77.17165,-11.75727],[-77.17167,-11.75733],[-77.17174,-11.7575],[-77.17177,-11.75762],[-77.17183,-11.75776],[-77.17183,-11.75785],[-77.17186,-11.75798],[-77.17191,-11.75807],[-77.17194,-11.7582],[-77.17196,-11.75829],[-77.17198,-11.75904],[-77.17196,-11.75914],[-77.17197,-11.75933],[-77.17198,-11.75971],[-77.17196,-11.75981],[-77.17196,-11.75998],[-77.17197,-11.76008],[-77.17199,-11.76023],[-77.17199,-11.7603],[-77.17202,-11.76043],[-77.17186,-11.76097],[-77.17177,-11.76129],[-77.17168,-11.76151],[-77.17164,-11.76161],[-77.1716,-11.76182],[-77.17155,-11.76188],[-77.17149,-11.76221],[-77.1715,-11.76256],[-77.17153,-11.76266],[-77.17154,-11.76295],[-77.17147,-11.76311],[-77.17146,-11.76322],[-77.17136,-11.76354],[-77.17133,-11.76365],[-77.17128,-11.76373],[-77.17129,-11.76399],[-77.17133,-11.7642],[-77.17135,-11.76436],[-77.17137,-11.76443],[-77.17138,-11.76454],[-77.17142,-11.76466],[-77.17148,-11.76485],[-77.17151,-11.76499],[-77.1716,-11.76525],[-77.17168,-11.76542],[-77.17172,-11.76547],[-77.17179,-11.76562],[-77.17193,-11.76591],[-77.17215,-11.76628],[-77.17224,-11.76642],[-77.17232,-11.76658],[-77.17238,-11.76677],[-77.17252,-11.76707],[-77.17271,-11.76744],[-77.17342,-11.76725],[-77.17345,-11.76736],[-77.17284,-11.76752],[-77.17286,-11.76759],[-77.17291,-11.7677],[-77.17297,-11.76778],[-77.17309,-11.76804],[-77.17312,-11.76814],[-77.17315,-11.76823],[-77.1732,-11.76836],[-77.17323,-11.76843],[-77.17333,-11.76865],[-77.1734,-11.76895],[-77.17361,-11.7694],[-77.17373,-11.76974],[-77.17396,-11.77015],[-77.17414,-11.77046],[-77.17428,-11.77063],[-77.17444,-11.77088],[-77.1747,-11.77122],[-77.17489,-11.77148],[-77.175,-11.7716],[-77.17508,-11.77165],[-77.17536,-11.77139],[-77.17562,-11.77135],[-77.17562,-11.7714],[-77.1754,-11.77143],[-77.17523,-11.7716],[-77.17504,-11.77179],[-77.17514,-11.772],[-77.1752,-11.77209],[-77.17525,-11.77215],[-77.17532,-11.77219],[-77.1754,-11.77229],[-77.17548,-11.7724],[-77.17566,-11.77261],[-77.17573,-11.77268],[-77.17582,-11.77274],[-77.17587,-11.77279],[-77.176,-11.77286],[-77.17617,-11.77289],[-77.17632,-11.77282],[-77.17651,-11.77269],[-77.17656,-11.77264],[-77.17668,-11.77253],[-77.17679,-11.77245],[-77.17691,-11.77241],[-77.17698,-11.77241],[-77.17704,-11.77244],[-77.17714,-11.77252],[-77.17719,-11.77259],[-77.17721,-11.77265],[-77.17722,-11.77272],[-77.17718,-11.77283],[-77.17709,-11.77294],[-77.17704,-11.77298],[-77.17693,-11.77307],[-77.17669,-11.77326],[-77.17662,-11.77336],[-77.17662,-11.77358],[-77.17665,-11.77365],[-77.17671,-11.77372],[-77.17679,-11.77381],[-77.17689,-11.77394],[-77.177,-11.77406],[-77.17706,-11.7741],[-77.1772,-11.77421],[-77.17729,-11.77432],[-77.17736,-11.77436],[-77.17747,-11.77447],[-77.17757,-11.77456],[-77.17768,-11.77466],[-77.17789,-11.77483],[-77.17815,-11.77502],[-77.17831,-11.77517],[-77.17857,-11.77469],[-77.17852,-11.77461],[-77.1786,-11.77446],[-77.1786,-11.77438],[-77.17867,-11.77427],[-77.17876,-11.77441],[-77.17882,-11.77441],[-77.17904,-11.77453],[-77.17892,-11.77478],[-77.17874,-11.77479],[-77.17849,-11.77526],[-77.17855,-11.7753],[-77.17862,-11.77533],[-77.17869,-11.77536],[-77.17879,-11.77544],[-77.17895,-11.77549],[-77.17902,-11.77553],[-77.17927,-11.77564],[-77.17934,-11.77567],[-77.17956,-11.77575],[-77.17977,-11.77583],[-77.17985,-11.77583],[-77.17993,-11.77581],[-77.17992,-11.77571],[-77.17995,-11.77563],[-77.17999,-11.77559],[-77.18007,-11.77553],[-77.18014,-11.77552],[-77.18025,-11.77542],[-77.18023,-11.77531],[-77.18028,-11.7753],[-77.18028,-11.77517],[-77.18033,-11.77518],[-77.18032,-11.77531],[-77.18039,-11.77532],[-77.18039,-11.77538],[-77.18032,-11.77542],[-77.18021,-11.77551],[-77.1803,-11.77567],[-77.18031,-11.77574],[-77.18046,-11.77574],[-77.18053,-11.77572],[-77.18061,-11.77572],[-77.18075,-11.7757],[-77.18095,-11.77565],[-77.18103,-11.77562],[-77.18109,-11.77559],[-77.18115,-11.77554],[-77.1812,-11.77546],[-77.1812,-11.77532],[-77.18118,-11.77512],[-77.18111,-11.77506],[-77.18107,-11.77508],[-77.18105,-11.77504],[-77.18114,-11.77499],[-77.18117,-11.77502],[-77.18115,-11.77504],[-77.18126,-11.77513],[-77.1815,-11.77521],[-77.18157,-11.77519],[-77.18162,-11.77517],[-77.18175,-11.77506],[-77.18182,-11.77508],[-77.18183,-11.77506],[-77.18167,-11.77475],[-77.18165,-11.77476],[-77.18162,-11.7747],[-77.18166,-11.77468],[-77.18184,-11.77498],[-77.18192,-11.7749],[-77.18195,-11.77484],[-77.18193,-11.77478],[-77.18195,-11.77469],[-77.18191,-11.77463],[-77.18186,-11.77469],[-77.18184,-11.77469],[-77.18182,-11.77469],[-77.18179,-11.77462],[-77.18184,-11.7746],[-77.18185,-11.77461],[-77.18195,-11.77456],[-77.1819,-11.77445],[-77.18178,-11.77451],[-77.18176,-11.77448],[-77.18188,-11.77439],[-77.18186,-11.77436],[-77.18173,-11.77442],[-77.1817,-11.7744],[-77.18186,-11.77429],[-77.18183,-11.77425],[-77.18175,-11.77427],[-77.18172,-11.77426],[-77.18183,-11.77418],[-77.18181,-11.77413],[-77.18167,-11.77412],[-77.18166,-11.77408],[-77.18182,-11.77407],[-77.18181,-11.77391],[-77.18179,-11.77371],[-77.18183,-11.77363],[-77.18212,-11.77365],[-77.18222,-11.7736],[-77.18224,-11.77358],[-77.18229,-11.7735],[-77.18226,-11.77335],[-77.1822,-11.77331],[-77.18212,-11.77332],[-77.18211,-11.77325],[-77.18228,-11.77324],[-77.18234,-11.77332],[-77.18237,-11.77342],[-77.1824,-11.77347],[-77.18246,-11.77357],[-77.18272,-11.77377],[-77.18284,-11.7737],[-77.18288,-11.77373],[-77.18282,-11.77381],[-77.18292,-11.77388],[-77.18298,-11.77396],[-77.18305,-11.77401],[-77.18313,-11.77402],[-77.18326,-11.77405],[-77.18332,-11.77409],[-77.18342,-11.77415],[-77.18363,-11.77436],[-77.18378,-11.77435],[-77.18391,-11.77434],[-77.184,-11.77429],[-77.18409,-11.77351],[-77.18386,-11.77348],[-77.18387,-11.77342],[-77.18417,-11.77346],[-77.18405,-11.7743],[-77.18438,-11.77427],[-77.18441,-11.77402],[-77.18439,-11.77401],[-77.18441,-11.77381],[-77.18448,-11.77382],[-77.18442,-11.77426],[-77.18447,-11.77426],[-77.18459,-11.77423],[-77.1848,-11.77419],[-77.18493,-11.77418],[-77.18514,-11.77414],[-77.18535,-11.77411],[-77.18554,-11.77407],[-77.18565,-11.77404],[-77.18573,-11.77404],[-77.1858,-11.77405],[-77.18591,-11.77404],[-77.18597,-11.77403],[-77.18626,-11.77403],[-77.18652,-11.774],[-77.18669,-11.77398],[-77.18695,-11.7739],[-77.1871,-11.77379],[-77.1871,-11.77367],[-77.18708,-11.77357],[-77.18708,-11.77347],[-77.18706,-11.77327],[-77.18707,-11.77321],[-77.18707,-11.77313],[-77.18712,-11.77293],[-77.18717,-11.77282],[-77.18721,-11.77277],[-77.1873,-11.77272],[-77.1874,-11.77275],[-77.1875,-11.77282],[-77.18758,-11.7729],[-77.18765,-11.77298],[-77.18777,-11.77299],[-77.18791,-11.77291],[-77.18801,-11.77284],[-77.18809,-11.77275],[-77.18814,-11.77271],[-77.18817,-11.7726],[-77.18815,-11.77249],[-77.18821,-11.77237],[-77.18825,-11.77231],[-77.18829,-11.77225],[-77.18837,-11.77214],[-77.18842,-11.77203],[-77.18843,-11.7719],[-77.18846,-11.77183],[-77.18863,-11.77165],[-77.1887,-11.77158],[-77.18879,-11.77143],[-77.18882,-11.77124],[-77.18875,-11.77108],[-77.18861,-11.7709],[-77.18859,-11.7708],[-77.18863,-11.77065],[-77.1887,-11.77057],[-77.18881,-11.77058],[-77.18898,-11.77062],[-77.18923,-11.77072],[-77.18944,-11.77077],[-77.1897,-11.77076],[-77.18976,-11.77078],[-77.18987,-11.77081],[-77.18996,-11.77079],[-77.19008,-11.77073],[-77.19026,-11.77063],[-77.19058,-11.77038],[-77.1908,-11.77022],[-77.19087,-11.77013],[-77.19086,-11.77003],[-77.19076,-11.76987],[-77.1908,-11.76979],[-77.191,-11.76951],[-77.19116,-11.76913],[-77.19113,-11.76903],[-77.19107,-11.76891],[-77.19105,-11.7688],[-77.19107,-11.7687],[-77.19105,-11.76865],[-77.19095,-11.76848],[-77.19086,-11.76825],[-77.1909,-11.76813],[-77.19095,-11.7681],[-77.19104,-11.76806],[-77.19116,-11.76803],[-77.19125,-11.76795],[-77.19136,-11.76792],[-77.19146,-11.768],[-77.19151,-11.76795],[-77.19157,-11.76787],[-77.19169,-11.76789],[-77.19175,-11.76799],[-77.19184,-11.76805],[-77.19191,-11.76804],[-77.19207,-11.76799],[-77.19216,-11.76794],[-77.19228,-11.7678],[-77.19239,-11.76777],[-77.19249,-11.76781],[-77.19269,-11.76783],[-77.19279,-11.76779],[-77.19284,-11.76774],[-77.19288,-11.76764],[-77.19299,-11.7676],[-77.19306,-11.76756],[-77.1931,-11.76751],[-77.19315,-11.7674],[-77.19324,-11.76734],[-77.19331,-11.76732],[-77.19339,-11.76728],[-77.19346,-11.76724],[-77.19354,-11.76719],[-77.19361,-11.76718],[-77.19375,-11.76713],[-77.19385,-11.76706],[-77.19395,-11.76695],[-77.194,-11.76699],[-77.19409,-11.76698],[-77.19415,-11.76696],[-77.19424,-11.76701],[-77.19428,-11.7671],[-77.19439,-11.76713],[-77.19447,-11.76721],[-77.19454,-11.7673],[-77.19453,-11.76737],[-77.19454,-11.76743],[-77.19459,-11.76753],[-77.19459,-11.76764],[-77.19463,-11.76773],[-77.19474,-11.76779],[-77.19482,-11.76788],[-77.19488,-11.76797],[-77.19496,-11.7681],[-77.19502,-11.76816],[-77.19519,-11.76825],[-77.19531,-11.76829],[-77.19541,-11.76834],[-77.19552,-11.76833],[-77.19558,-11.76832],[-77.1957,-11.76831],[-77.19578,-11.76828],[-77.19584,-11.76821],[-77.19591,-11.76812],[-77.19597,-11.76815],[-77.19601,-11.76824],[-77.19606,-11.76834],[-77.19611,-11.76839],[-77.19617,-11.76847],[-77.19627,-11.76854],[-77.19637,-11.76856],[-77.19647,-11.76852],[-77.19655,-11.76844],[-77.19668,-11.76837],[-77.19674,-11.7683],[-77.19684,-11.76827],[-77.19694,-11.76832],[-77.19703,-11.76831],[-77.1971,-11.76831],[-77.19717,-11.76828],[-77.19726,-11.76833],[-77.19737,-11.76837],[-77.19743,-11.76847],[-77.19754,-11.76845],[-77.1976,-11.76842],[-77.19771,-11.76842],[-77.19777,-11.76839],[-77.19787,-11.76824],[-77.19792,-11.7682],[-77.19796,-11.76814],[-77.19804,-11.76807],[-77.19816,-11.76807],[-77.19821,-11.7681],[-77.19827,-11.76821],[-77.19825,-11.76834],[-77.19819,-11.76845],[-77.19805,-11.76861],[-77.19806,-11.76867],[-77.19802,-11.76878],[-77.19797,-11.76888],[-77.19805,-11.76892],[-77.19812,-11.76894],[-77.19821,-11.76897],[-77.19828,-11.76902],[-77.19825,-11.76912],[-77.19828,-11.76922],[-77.19839,-11.76925],[-77.19843,-11.76934],[-77.19843,-11.76942],[-77.19841,-11.76947],[-77.19837,-11.76959],[-77.19824,-11.76968],[-77.19816,-11.76974],[-77.1982,-11.76986],[-77.19821,-11.76997],[-77.19805,-11.77019],[-77.19797,-11.77029],[-77.19785,-11.77032],[-77.19763,-11.7703],[-77.19753,-11.77031],[-77.19743,-11.77034],[-77.1973,-11.77027],[-77.19723,-11.77027],[-77.19714,-11.77031],[-77.19696,-11.77056],[-77.19687,-11.77072],[-77.19684,-11.77087],[-77.19685,-11.77102],[-77.19686,-11.7712],[-77.19687,-11.77127],[-77.19689,-11.77134],[-77.19701,-11.77131],[-77.19712,-11.77131],[-77.19719,-11.77137],[-77.19727,-11.77145],[-77.19729,-11.77156],[-77.19736,-11.77163],[-77.19744,-11.7717],[-77.19758,-11.77188],[-77.1977,-11.77189],[-77.19782,-11.77185],[-77.1979,-11.7718],[-77.19803,-11.77181],[-77.19807,-11.77187],[-77.19812,-11.77209],[-77.19822,-11.77211],[-77.19828,-11.77207],[-77.19839,-11.77205],[-77.19846,-11.7721],[-77.19856,-11.77224],[-77.19861,-11.7723],[-77.1987,-11.77236],[-77.19873,-11.77241],[-77.19877,-11.77246],[-77.1988,-11.77257],[-77.1988,-11.77267],[-77.1987,-11.77284],[-77.19866,-11.77291],[-77.19856,-11.77299],[-77.19832,-11.77307],[-77.19822,-11.77309],[-77.19814,-11.77314],[-77.19816,-11.77324],[-77.19816,-11.77339],[-77.19814,-11.77348],[-77.1981,-11.77357],[-77.1981,-11.77372],[-77.19808,-11.77382],[-77.19806,-11.77403],[-77.19804,-11.77412],[-77.19803,-11.77422],[-77.19798,-11.77431],[-77.19796,-11.77436],[-77.19791,-11.77443],[-77.19783,-11.77453],[-77.19779,-11.77458],[-77.19774,-11.77469],[-77.19769,-11.77476],[-77.19761,-11.77482],[-77.19752,-11.77486],[-77.19745,-11.77489],[-77.19739,-11.77491],[-77.19716,-11.77499],[-77.19709,-11.77503],[-77.19693,-11.77511],[-77.19681,-11.77517],[-77.19667,-11.77523],[-77.19648,-11.77531],[-77.19643,-11.77541],[-77.19638,-11.77544],[-77.19631,-11.77546],[-77.19612,-11.77548],[-77.19603,-11.77559],[-77.19593,-11.77578],[-77.19587,-11.77595],[-77.19581,-11.77624],[-77.19577,-11.77634],[-77.19571,-11.77661],[-77.19564,-11.77689],[-77.19562,-11.77702],[-77.19561,-11.77716],[-77.1956,-11.77729],[-77.19562,-11.77738],[-77.19566,-11.77743],[-77.19564,-11.77751],[-77.19569,-11.77758],[-77.19569,-11.77772],[-77.1957,-11.77791],[-77.19574,-11.77816],[-77.19577,-11.77829],[-77.19577,-11.77835],[-77.19579,-11.77843],[-77.1958,-11.77858],[-77.19579,-11.77873],[-77.19579,-11.77879],[-77.19578,-11.77886],[-77.19575,-11.77899],[-77.19573,-11.77907],[-77.19568,-11.77919],[-77.1956,-11.77926],[-77.19554,-11.77935],[-77.19545,-11.77957],[-77.19538,-11.77979],[-77.19535,-11.77993],[-77.19535,-11.78005],[-77.19534,-11.78016],[-77.19535,-11.78025],[-77.19537,-11.78038],[-77.19541,-11.7805],[-77.19546,-11.78061],[-77.19553,-11.7807],[-77.1956,-11.78075],[-77.19567,-11.78077],[-77.19573,-11.78074],[-77.19585,-11.7806],[-77.19593,-11.78054],[-77.19604,-11.78054],[-77.19609,-11.78064],[-77.1961,-11.78079],[-77.19611,-11.78088],[-77.19608,-11.78099],[-77.19616,-11.78107],[-77.19629,-11.7811],[-77.19634,-11.78112],[-77.19655,-11.78118],[-77.19661,-11.78124],[-77.1966,-11.78131],[-77.19652,-11.7814],[-77.19646,-11.78144],[-77.19621,-11.78164],[-77.19615,-11.78165],[-77.19614,-11.78176],[-77.19628,-11.78186],[-77.19634,-11.7819],[-77.1964,-11.78195],[-77.19645,-11.78198],[-77.19651,-11.782],[-77.19661,-11.78206],[-77.19671,-11.78212],[-77.19677,-11.78212],[-77.19684,-11.78214],[-77.19694,-11.78209],[-77.19705,-11.78205],[-77.19711,-11.78216],[-77.19719,-11.78206],[-77.19724,-11.78201],[-77.19733,-11.78204],[-77.19736,-11.7821],[-77.19739,-11.78216],[-77.19749,-11.78215],[-77.19758,-11.7821],[-77.19771,-11.78208],[-77.19776,-11.7821],[-77.19787,-11.78214],[-77.19797,-11.7822],[-77.1981,-11.78235],[-77.19825,-11.78258],[-77.19829,-11.78267],[-77.19832,-11.7828],[-77.19832,-11.78291],[-77.19831,-11.78303],[-77.1983,-11.78309],[-77.19825,-11.78324],[-77.19815,-11.78348],[-77.19808,-11.78359],[-77.19803,-11.78363],[-77.19796,-11.78365],[-77.19786,-11.78369],[-77.19775,-11.78371],[-77.1977,-11.7838],[-77.19748,-11.78402],[-77.19732,-11.78423],[-77.19727,-11.78425],[-77.19716,-11.78427],[-77.19709,-11.7843],[-77.19699,-11.78431],[-77.19682,-11.78431],[-77.19672,-11.78434],[-77.19662,-11.78434],[-77.1965,-11.78429],[-77.1964,-11.78426],[-77.1963,-11.78422],[-77.19624,-11.78419],[-77.19616,-11.78414],[-77.19609,-11.7841],[-77.19599,-11.78403],[-77.19579,-11.78401],[-77.1957,-11.78394],[-77.19559,-11.78379],[-77.19557,-11.78374],[-77.19565,-11.78365],[-77.19558,-11.78362],[-77.19546,-11.78367],[-77.19533,-11.78374],[-77.19515,-11.78373],[-77.19502,-11.78374],[-77.19498,-11.7838],[-77.19497,-11.78391],[-77.19493,-11.78398],[-77.19487,-11.784],[-77.19485,-11.7841],[-77.19479,-11.78414],[-77.19468,-11.78415],[-77.19462,-11.78412],[-77.19451,-11.78411],[-77.19439,-11.78412],[-77.19427,-11.78414],[-77.19416,-11.7842],[-77.19412,-11.78425],[-77.19411,-11.78432],[-77.19418,-11.78441],[-77.19414,-11.78449],[-77.19402,-11.78449],[-77.19391,-11.78446],[-77.19386,-11.78438],[-77.19386,-11.78428],[-77.19385,-11.7842],[-77.19383,-11.78414],[-77.19379,-11.78408],[-77.19376,-11.78401],[-77.19372,-11.78385],[-77.19373,-11.78379],[-77.19373,-11.78372],[-77.1937,-11.78361],[-77.19363,-11.78354],[-77.19356,-11.7835],[-77.19349,-11.78349],[-77.19343,-11.78347],[-77.19337,-11.78344],[-77.19328,-11.78339],[-77.19317,-11.78332],[-77.19307,-11.78327],[-77.193,-11.78325],[-77.19288,-11.7832],[-77.19282,-11.78319],[-77.19272,-11.78318],[-77.19262,-11.78319],[-77.19247,-11.78322],[-77.19228,-11.78327],[-77.19206,-11.7833],[-77.1918,-11.78336],[-77.19151,-11.78342],[-77.1911,-11.78348],[-77.19093,-11.78351],[-77.19061,-11.78357],[-77.19043,-11.7836],[-77.19018,-11.7837],[-77.19014,-11.78376],[-77.1901,-11.78385],[-77.19008,-11.78396],[-77.19007,-11.78407],[-77.19005,-11.78419],[-77.19002,-11.78436],[-77.18999,-11.78447],[-77.18997,-11.78454],[-77.18996,-11.78464],[-77.18994,-11.78475],[-77.18985,-11.78493],[-77.1898,-11.78503],[-77.18974,-11.78512],[-77.18969,-11.78517],[-77.18963,-11.78524],[-77.18952,-11.78525],[-77.18946,-11.78533],[-77.18937,-11.78548],[-77.18929,-11.78556],[-77.18923,-11.7856],[-77.18912,-11.78559],[-77.18901,-11.78558],[-77.18896,-11.78567],[-77.18894,-11.78574],[-77.18892,-11.7858],[-77.18891,-11.78592],[-77.18888,-11.78604],[-77.18879,-11.7861],[-77.1887,-11.78615],[-77.18863,-11.78625],[-77.18859,-11.78634],[-77.18859,-11.78654],[-77.18857,-11.7866],[-77.18853,-11.78665],[-77.18848,-11.78671],[-77.18838,-11.78679],[-77.18832,-11.78685],[-77.18824,-11.78691],[-77.18821,-11.78703],[-77.18816,-11.7871],[-77.18808,-11.78709],[-77.18797,-11.7871],[-77.18791,-11.78721],[-77.1879,-11.7873],[-77.18787,-11.78737],[-77.18783,-11.78742],[-77.18783,-11.78749],[-77.18778,-11.78758],[-77.18764,-11.78765],[-77.18752,-11.78763],[-77.18746,-11.7876],[-77.1874,-11.78762],[-77.18728,-11.78776],[-77.1872,-11.78798],[-77.18709,-11.78807],[-77.18699,-11.78816],[-77.18694,-11.78821],[-77.18673,-11.78831],[-77.18656,-11.78837],[-77.18643,-11.7884],[-77.18635,-11.78842],[-77.1862,-11.78839],[-77.18612,-11.78837],[-77.18601,-11.78838],[-77.18594,-11.78845],[-77.18588,-11.78853],[-77.18579,-11.7886],[-77.18568,-11.78876],[-77.18553,-11.78894],[-77.15855,-11.78126],[-77.15237,-11.78722],[-77.14355,-11.79587],[-77.14061,-11.7989],[-77.13928,-11.80014],[-77.1393,-11.8002],[-77.14621,-11.81709],[-77.14711,-11.81928],[-77.14671,-11.81943],[-77.14638,-11.81959],[-77.14602,-11.81977],[-77.14574,-11.81989],[-77.14531,-11.81999],[-77.14496,-11.82008],[-77.14467,-11.82031],[-77.1445,-11.82059],[-77.14436,-11.8208],[-77.14404,-11.82096],[-77.14367,-11.82105],[-77.14329,-11.8211],[-77.14283,-11.82101],[-77.14245,-11.82089],[-77.14193,-11.82066],[-77.14159,-11.82037],[-77.14133,-11.82021],[-77.1411,-11.82017],[-77.1408,-11.82009],[-77.14045,-11.81996],[-77.14023,-11.8198],[-77.13997,-11.81947],[-77.13981,-11.81899],[-77.13965,-11.81859],[-77.13954,-11.81826],[-77.13945,-11.81822],[-77.13835,-11.81811],[-77.1379,-11.81807],[-77.13704,-11.81799],[-77.13521,-11.81782],[-77.13516,-11.81821],[-77.13504,-11.8182],[-77.13484,-11.81827],[-77.13439,-11.81824],[-77.13426,-11.81834],[-77.13406,-11.81833],[-77.13392,-11.81856],[-77.13339,-11.81819],[-77.13318,-11.81847],[-77.13265,-11.81926],[-77.13247,-11.81894],[-77.1323,-11.81884],[-77.13211,-11.81837],[-77.1319,-11.81826],[-77.13191,-11.81802],[-77.13167,-11.81787],[-77.13157,-11.81801],[-77.13138,-11.818],[-77.13091,-11.81808],[-77.13078,-11.81836],[-77.12996,-11.81852],[-77.12972,-11.81863],[-77.12952,-11.81869],[-77.12935,-11.81871],[-77.12914,-11.81874],[-77.12891,-11.81882],[-77.12876,-11.81888],[-77.12852,-11.81936],[-77.128,-11.81923],[-77.12727,-11.81875],[-77.12684,-11.81848],[-77.12596,-11.82069],[-77.12536,-11.82],[-77.125,-11.81985],[-77.12488,-11.8198],[-77.12407,-11.81947],[-77.12382,-11.81937],[-77.12237,-11.81937],[-77.1209,-11.81974],[-77.11866,-11.82028],[-77.11587,-11.82062],[-77.11348,-11.82034],[-77.11147,-11.81949],[-77.11005,-11.8182],[-77.10892,-11.81573],[-77.10793,-11.81331],[-77.10732,-11.81264],[-77.10686,-11.81257],[-77.10558,-11.81236],[-77.10468,-11.81208],[-77.10331,-11.81163],[-77.10137,-11.81013],[-77.101,-11.80985],[-77.09903,-11.80742],[-77.09698,-11.80516],[-77.09582,-11.80446],[-77.09392,-11.8036],[-77.09221,-11.80357],[-77.08514,-11.80174],[-77.08225,-11.80087],[-77.08024,-11.79932],[-77.07836,-11.7982],[-77.07665,-11.79726],[-77.07486,-11.79639],[-77.07378,-11.79513],[-77.07348,-11.79382],[-77.07341,-11.79266],[-77.07275,-11.79195],[-77.07191,-11.79166],[-77.07142,-11.79149],[-77.07028,-11.79085],[-77.06887,-11.79026],[-77.06824,-11.79024],[-77.06787,-11.79023],[-77.06596,-11.78955],[-77.06586,-11.78952],[-77.06475,-11.78897],[-77.06428,-11.78874],[-77.06428,-11.7888],[-77.06409,-11.78873],[-77.06281,-11.78855],[-77.06187,-11.78828],[-77.06105,-11.78808],[-77.06014,-11.78742],[-77.0591,-11.78686],[-77.05806,-11.78649],[-77.05701,-11.78582],[-77.05612,-11.78381],[-77.05551,-11.78242],[-77.05458,-11.78062],[-77.05415,-11.7792],[-77.05406,-11.7782],[-77.05384,-11.77583],[-77.05386,-11.77457],[-77.054,-11.77333],[-77.05454,-11.77194],[-77.05474,-11.77025],[-77.05453,-11.76912],[-77.05403,-11.76773],[-77.05361,-11.76678],[-77.05307,-11.76511],[-77.05258,-11.76434],[-77.05187,-11.76358],[-77.0509,-11.7623],[-77.04968,-11.76118],[-77.04597,-11.75914],[-77.04503,-11.75837],[-77.04398,-11.75699],[-77.04345,-11.75516],[-77.0424,-11.7539],[-77.04093,-11.75326],[-77.03938,-11.75248],[-77.03823,-11.75079],[-77.03693,-11.74841],[-77.03512,-11.74523],[-77.035,-11.74502],[-77.03338,-11.74233],[-77.0327,-11.74119],[-77.03245,-11.74079],[-77.03245,-11.74076],[-77.03242,-11.74047],[-77.03234,-11.74028],[-77.03231,-11.74018],[-77.03222,-11.73984],[-77.03222,-11.73916],[-77.03221,-11.7387],[-77.03222,-11.73821],[-77.03224,-11.73755],[-77.03244,-11.73689],[-77.03288,-11.73645],[-77.03342,-11.73579],[-77.03383,-11.7351],[-77.03435,-11.73438],[-77.03495,-11.73351],[-77.03544,-11.73253],[-77.03581,-11.73181],[-77.0361,-11.73132],[-77.03615,-11.73066],[-77.03612,-11.72997],[-77.03614,-11.72937],[-77.03623,-11.72888],[-77.03654,-11.72822],[-77.03677,-11.72767],[-77.03706,-11.72667],[-77.0374,-11.72595],[-77.03766,-11.7254],[-77.03806,-11.72482],[-77.03855,-11.72422],[-77.03875,-11.72376],[-77.03904,-11.72341],[-77.03939,-11.72309],[-77.0395,-11.72272],[-77.03964,-11.72197],[-77.03984,-11.72134],[-77.04004,-11.72082],[-77.04044,-11.72004],[-77.04093,-11.71949],[-77.04131,-11.71909],[-77.04183,-11.71883],[-77.04256,-11.71851],[-77.04267,-11.71805],[-77.04278,-11.71753],[-77.0429,-11.71704],[-77.04292,-11.71695],[-77.04301,-11.71661],[-77.04333,-11.71626],[-77.04367,-11.71583],[-77.04408,-11.71534],[-77.04433,-11.71471],[-77.04418,-11.71353],[-77.04394,-11.71296],[-77.04375,-11.71276],[-77.04347,-11.71247],[-77.04277,-11.71216],[-77.04196,-11.71197],[-77.04125,-11.71169],[-77.04041,-11.71158],[-77.03948,-11.71147],[-77.03794,-11.71146],[-77.03721,-11.71126],[-77.03665,-11.71102],[-77.03615,-11.71079],[-77.03574,-11.71062],[-77.0353,-11.7105],[-77.03491,-11.71032],[-77.03424,-11.71007],[-77.03358,-11.70958],[-77.03293,-11.70912],[-77.0325,-11.70868],[-77.03217,-11.70817],[-77.03189,-11.7077],[-77.03165,-11.70721],[-77.03141,-11.70682],[-77.03096,-11.70634],[-77.03058,-11.70587],[-77.02986,-11.70517],[-77.02942,-11.7047],[-77.02901,-11.70422],[-77.0287,-11.70392],[-77.02849,-11.70362],[-77.0283,-11.7033],[-77.02832,-11.70296],[-77.02838,-11.70263],[-77.02832,-11.70237],[-77.02803,-11.70217],[-77.02765,-11.702],[-77.02735,-11.70188],[-77.02715,-11.70172],[-77.02684,-11.70119],[-77.02649,-11.70052],[-77.02632,-11.70022],[-77.02612,-11.69978],[-77.02599,-11.69939],[-77.026,-11.69882],[-77.02605,-11.69843],[-77.02613,-11.69811],[-77.02618,-11.69763],[-77.02617,-11.69741],[-77.02617,-11.69731],[-77.0261,-11.69702],[-77.02594,-11.69672],[-77.02582,-11.69643],[-77.02574,-11.69597],[-77.02558,-11.69521],[-77.02544,-11.69481],[-77.02524,-11.69417],[-77.025,-11.69346],[-77.02465,-11.6927],[-77.02441,-11.69174],[-77.02436,-11.69083],[-77.02438,-11.69024],[-77.02452,-11.68967],[-77.02486,-11.6892],[-77.02512,-11.6889],[-77.02525,-11.68868],[-77.02541,-11.68837],[-77.02549,-11.68797],[-77.02556,-11.68757],[-77.02562,-11.68714],[-77.02561,-11.6867],[-77.02558,-11.68631],[-77.02554,-11.68571],[-77.02557,-11.6853],[-77.02564,-11.68497],[-77.02563,-11.6846],[-77.02559,-11.68432],[-77.02542,-11.68396],[-77.02532,-11.68361],[-77.02523,-11.68322],[-77.02522,-11.68283],[-77.02515,-11.68251],[-77.02501,-11.68206],[-77.02492,-11.68175],[-77.02489,-11.68144],[-77.02491,-11.68112],[-77.02494,-11.681],[-77.02497,-11.68082],[-77.02504,-11.68059],[-77.02512,-11.68033],[-77.02517,-11.68],[-77.02519,-11.67965],[-77.02528,-11.67921],[-77.02543,-11.67873],[-77.02544,-11.67853],[-77.02542,-11.67835],[-77.02537,-11.67805],[-77.02529,-11.67782],[-77.0251,-11.67772],[-77.02496,-11.67761],[-77.02484,-11.67742],[-77.02466,-11.67715],[-77.02463,-11.67689],[-77.02463,-11.6766],[-77.02483,-11.67629],[-77.02515,-11.67608],[-77.02544,-11.67582],[-77.02564,-11.67522],[-77.02575,-11.67499],[-77.02589,-11.67453],[-77.02604,-11.67416],[-77.02641,-11.67338],[-77.02675,-11.67292],[-77.0271,-11.6726],[-77.02733,-11.67222],[-77.02765,-11.67182],[-77.02779,-11.6715],[-77.02799,-11.67104],[-77.02816,-11.67047],[-77.02825,-11.66995],[-77.02833,-11.66938],[-77.02841,-11.66903],[-77.02862,-11.66863],[-77.0289,-11.66828],[-77.02905,-11.66796],[-77.02931,-11.66753],[-77.02965,-11.66698],[-77.02981,-11.66637],[-77.02988,-11.66612],[-77.03008,-11.66566],[-77.03045,-11.66474],[-77.03068,-11.66419],[-77.03065,-11.66368],[-77.03061,-11.66313],[-77.03055,-11.66244],[-77.03037,-11.66184],[-77.03031,-11.66144],[-77.03031,-11.66098],[-77.0303,-11.66018],[-77.03038,-11.65949],[-77.03053,-11.65909],[-77.03081,-11.65851],[-77.03104,-11.65802],[-77.0313,-11.65768],[-77.03153,-11.65736],[-77.03188,-11.65695],[-77.03231,-11.65643],[-77.03269,-11.65597],[-77.03306,-11.65565],[-77.0337,-11.65522],[-77.03425,-11.65476],[-77.03494,-11.65389],[-77.03514,-11.65346],[-77.03525,-11.65271],[-77.03519,-11.65214],[-77.03519,-11.65182],[-77.0351,-11.65142],[-77.03486,-11.65111],[-77.03448,-11.65094],[-77.03405,-11.65077],[-77.03358,-11.6504],[-77.03314,-11.64997],[-77.03276,-11.64951],[-77.03232,-11.64892],[-77.03202,-11.64863],[-77.03158,-11.64829],[-77.0312,-11.64795],[-77.0307,-11.64764],[-77.03038,-11.64732],[-77.03006,-11.64707],[-77.03,-11.64666],[-77.02991,-11.64621],[-77.02981,-11.64596],[-77.0297,-11.64566],[-77.02949,-11.64495],[-77.02946,-11.64443],[-77.02925,-11.644],[-77.02884,-11.6438],[-77.02826,-11.64341],[-77.02785,-11.64301],[-77.02735,-11.64255],[-77.02682,-11.64235],[-77.02636,-11.64213],[-77.02586,-11.64161],[-77.02548,-11.64119],[-77.0246,-11.64019],[-77.02413,-11.63979],[-77.02381,-11.63959],[-77.02351,-11.63951],[-77.02319,-11.63942],[-77.02287,-11.63917],[-77.02252,-11.63871],[-77.02214,-11.6382],[-77.0217,-11.63763],[-77.02131,-11.637],[-77.02117,-11.63673],[-77.02096,-11.63634],[-77.02066,-11.63585],[-77.02025,-11.63548],[-77.0199,-11.63529],[-77.01929,-11.63495],[-77.01844,-11.63464],[-77.01777,-11.63418],[-77.01716,-11.63387],[-77.01651,-11.63356],[-77.01619,-11.63319],[-77.0159,-11.63282],[-77.01578,-11.63216],[-77.01586,-11.63158],[-77.01591,-11.63104],[-77.01576,-11.63052],[-77.01523,-11.62955],[-77.01523,-11.62955],[-77.01494,-11.62918],[-77.01459,-11.62869],[-77.01438,-11.62821],[-77.01443,-11.62766],[-77.01463,-11.62706],[-77.01477,-11.6266],[-77.01494,-11.62576],[-77.01494,-11.62502],[-77.01488,-11.62439],[-77.01469,-11.62356],[-77.01451,-11.62284],[-77.01416,-11.62227],[-77.01349,-11.62147],[-77.01293,-11.62053],[-77.01237,-11.61996],[-77.01158,-11.61939],[-77.01105,-11.61873],[-77.01103,-11.61864],[-77.01093,-11.61822],[-77.01069,-11.61756],[-77.0104,-11.61701],[-77.01027,-11.61695],[-77.00996,-11.61679],[-77.00921,-11.61665],[-77.00906,-11.61662],[-77.0083,-11.61657],[-77.00754,-11.61658],[-77.00676,-11.61647],[-77.00603,-11.61636],[-77.00574,-11.6163],[-77.00497,-11.61545],[-77.00495,-11.61531],[-77.00476,-11.61427]]]}},{"type":"Feature","properties":{"id":"150103","name":"Ate"},"geometry":{"type":"Polygon","coordinates":[[[-76.78286,-12.02325],[-76.78288,-12.02131],[-76.78328,-12.01959],[-76.78383,-12.01824],[-76.7839,-12.01503],[-76.78427,-12.01232],[-76.7843,-12.01119],[-76.78456,-12.00925],[-76.78536,-12.00721],[-76.78653,-12.00593],[-76.78796,-12.0048],[-76.78927,-12.00396],[-76.79051,-12.00348],[-76.79183,-12.00348],[-76.79395,-12.00311],[-76.79468,-12.00307],[-76.79581,-12.00301],[-76.79738,-12.00301],[-76.79873,-12.00304],[-76.80078,-12.0014],[-76.80199,-12.00016],[-76.80334,-11.99877],[-76.80344,-11.99875],[-76.80516,-11.99847],[-76.80663,-11.99899],[-76.80875,-12.00012],[-76.81039,-12.00125],[-76.81181,-12.00216],[-76.81335,-12.00238],[-76.8147,-12.00206],[-76.81688,-12.00133],[-76.8191,-12.00117],[-76.81977,-12.00113],[-76.82078,-12.00089],[-76.82132,-12.00056],[-76.82187,-11.99998],[-76.82269,-11.99932],[-76.82358,-11.99877],[-76.82614,-11.99784],[-76.82759,-11.99725],[-76.82778,-11.99719],[-76.82882,-11.99684],[-76.83127,-11.99603],[-76.83164,-11.9958],[-76.83194,-11.99526],[-76.83202,-11.99527],[-76.8324,-11.99518],[-76.83243,-11.99517],[-76.83359,-11.9957],[-76.83467,-11.99629],[-76.83508,-11.99627],[-76.83533,-11.99592],[-76.83682,-11.99363],[-76.83721,-11.99259],[-76.83753,-11.99282],[-76.83769,-11.99295],[-76.83813,-11.9935],[-76.83843,-11.99382],[-76.83887,-11.99429],[-76.83903,-11.99448],[-76.83933,-11.99501],[-76.83962,-11.99548],[-76.83989,-11.99557],[-76.84029,-11.99574],[-76.84042,-11.99594],[-76.84063,-11.99612],[-76.84063,-11.9963],[-76.84067,-11.99659],[-76.84078,-11.9968],[-76.84091,-11.99713],[-76.84093,-11.99756],[-76.8409,-11.99779],[-76.84103,-11.99832],[-76.84112,-11.99881],[-76.84115,-11.99926],[-76.84144,-11.99991],[-76.84162,-12.00048],[-76.84199,-12.00106],[-76.84283,-12.00167],[-76.84362,-12.00227],[-76.8446,-12.00296],[-76.84603,-12.00373],[-76.8467,-12.00414],[-76.84732,-12.00433],[-76.84764,-12.00442],[-76.84807,-12.00448],[-76.84836,-12.0046],[-76.84866,-12.00469],[-76.84885,-12.00469],[-76.84912,-12.0047],[-76.84938,-12.00467],[-76.84968,-12.00469],[-76.85013,-12.00469],[-76.85037,-12.00471],[-76.85058,-12.00482],[-76.85089,-12.00493],[-76.85109,-12.00498],[-76.85135,-12.00501],[-76.85165,-12.00507],[-76.85194,-12.00516],[-76.85213,-12.00518],[-76.85252,-12.00526],[-76.85281,-12.00534],[-76.85304,-12.00541],[-76.85332,-12.0055],[-76.8537,-12.00566],[-76.8541,-12.00584],[-76.85436,-12.00583],[-76.85458,-12.00586],[-76.85484,-12.00588],[-76.85691,-12.00602],[-76.85713,-12.00601],[-76.85744,-12.00601],[-76.85775,-12.00602],[-76.85788,-12.00603],[-76.85813,-12.00603],[-76.85838,-12.00603],[-76.85861,-12.00608],[-76.85898,-12.00609],[-76.8593,-12.00618],[-76.85951,-12.00625],[-76.85974,-12.00629],[-76.85989,-12.00637],[-76.86002,-12.00641],[-76.86027,-12.0064],[-76.86047,-12.00634],[-76.8607,-12.00631],[-76.8609,-12.00631],[-76.86113,-12.00634],[-76.86133,-12.00634],[-76.86163,-12.0065],[-76.86268,-12.00645],[-76.86351,-12.00648],[-76.86422,-12.00655],[-76.86488,-12.00681],[-76.86577,-12.00686],[-76.86627,-12.00691],[-76.86701,-12.00696],[-76.8674,-12.00706],[-76.86767,-12.00713],[-76.8679,-12.00708],[-76.86813,-12.00714],[-76.86854,-12.00728],[-76.86885,-12.00741],[-76.86922,-12.0076],[-76.86965,-12.00778],[-76.86998,-12.00791],[-76.87049,-12.00802],[-76.87096,-12.00804],[-76.8712,-12.00814],[-76.87141,-12.00823],[-76.87164,-12.00825],[-76.87185,-12.00825],[-76.87211,-12.00821],[-76.87243,-12.00821],[-76.87299,-12.00827],[-76.87316,-12.00841],[-76.87327,-12.00856],[-76.87343,-12.00865],[-76.87356,-12.00867],[-76.87375,-12.00861],[-76.87391,-12.00859],[-76.87432,-12.00861],[-76.87462,-12.00856],[-76.87492,-12.00855],[-76.87538,-12.00869],[-76.87569,-12.00874],[-76.87594,-12.00879],[-76.87645,-12.00879],[-76.87693,-12.00877],[-76.87741,-12.00874],[-76.87769,-12.00883],[-76.87807,-12.009],[-76.87841,-12.00918],[-76.87873,-12.0093],[-76.8793,-12.0094],[-76.87986,-12.00956],[-76.88001,-12.0097],[-76.88025,-12.00983],[-76.88046,-12.00989],[-76.88086,-12.0099],[-76.88129,-12.00999],[-76.88147,-12.01009],[-76.88165,-12.01012],[-76.88192,-12.01011],[-76.88207,-12.01009],[-76.88226,-12.01007],[-76.88258,-12.01025],[-76.88292,-12.01029],[-76.88344,-12.01049],[-76.88405,-12.01067],[-76.88461,-12.01081],[-76.88486,-12.01083],[-76.88535,-12.01087],[-76.88591,-12.0109],[-76.88625,-12.01106],[-76.88659,-12.01125],[-76.88712,-12.01141],[-76.88761,-12.01162],[-76.88804,-12.01166],[-76.88844,-12.01171],[-76.88883,-12.01187],[-76.8895,-12.01215],[-76.88967,-12.01223],[-76.88991,-12.01238],[-76.89023,-12.01246],[-76.89044,-12.01251],[-76.89074,-12.01252],[-76.89123,-12.01263],[-76.89177,-12.01269],[-76.89198,-12.01275],[-76.89232,-12.01279],[-76.89268,-12.0128],[-76.89312,-12.01278],[-76.89346,-12.01278],[-76.89369,-12.0128],[-76.89396,-12.0129],[-76.89445,-12.01304],[-76.89505,-12.01307],[-76.89553,-12.01314],[-76.89601,-12.01327],[-76.8964,-12.01337],[-76.89684,-12.01336],[-76.89735,-12.0135],[-76.89782,-12.01358],[-76.89823,-12.01372],[-76.89866,-12.01389],[-76.89934,-12.01408],[-76.89965,-12.01419],[-76.89991,-12.01431],[-76.90017,-12.01444],[-76.90031,-12.0145],[-76.90054,-12.01458],[-76.90069,-12.01461],[-76.90089,-12.01462],[-76.9011,-12.01478],[-76.90137,-12.01503],[-76.90164,-12.01526],[-76.90207,-12.0155],[-76.90236,-12.01564],[-76.90264,-12.01583],[-76.90288,-12.01588],[-76.90314,-12.01595],[-76.90345,-12.01607],[-76.9038,-12.01629],[-76.90411,-12.01651],[-76.90445,-12.01675],[-76.90471,-12.01688],[-76.90491,-12.01695],[-76.90525,-12.01697],[-76.90564,-12.01712],[-76.90629,-12.01728],[-76.9067,-12.01753],[-76.90718,-12.01768],[-76.90776,-12.01791],[-76.9082,-12.01791],[-76.90854,-12.01782],[-76.90909,-12.01784],[-76.90953,-12.01808],[-76.90999,-12.01821],[-76.9105,-12.01838],[-76.91106,-12.0186],[-76.91195,-12.01891],[-76.9125,-12.01929],[-76.91302,-12.01953],[-76.91381,-12.01986],[-76.91422,-12.02013],[-76.91444,-12.02027],[-76.91502,-12.02035],[-76.91556,-12.02035],[-76.91655,-12.02056],[-76.91727,-12.02054],[-76.91804,-12.02079],[-76.9189,-12.02097],[-76.91953,-12.02107],[-76.92027,-12.02122],[-76.92132,-12.02122],[-76.92221,-12.02143],[-76.92325,-12.0216],[-76.92407,-12.0218],[-76.92494,-12.02187],[-76.92582,-12.02187],[-76.9272,-12.022],[-76.92891,-12.02197],[-76.93041,-12.02197],[-76.9315,-12.02195],[-76.93269,-12.02183],[-76.9339,-12.02173],[-76.93459,-12.02168],[-76.93526,-12.02186],[-76.9357,-12.02175],[-76.93601,-12.02162],[-76.93633,-12.02154],[-76.93673,-12.02143],[-76.93791,-12.0225],[-76.93891,-12.02254],[-76.93957,-12.02261],[-76.94113,-12.02264],[-76.94207,-12.02278],[-76.9434,-12.02283],[-76.94391,-12.02296],[-76.94465,-12.02329],[-76.94489,-12.02334],[-76.94551,-12.02334],[-76.94569,-12.02339],[-76.9461,-12.02349],[-76.94662,-12.02378],[-76.94695,-12.02396],[-76.94734,-12.02408],[-76.94755,-12.02408],[-76.94805,-12.02409],[-76.94837,-12.02414],[-76.94925,-12.02426],[-76.95018,-12.02423],[-76.95108,-12.02432],[-76.95243,-12.02418],[-76.95318,-12.02423],[-76.95339,-12.02462],[-76.95377,-12.02527],[-76.95436,-12.02642],[-76.9547,-12.02704],[-76.9552,-12.0279],[-76.95536,-12.02846],[-76.95523,-12.02934],[-76.94823,-12.02817],[-76.94583,-12.02783],[-76.94396,-12.0275],[-76.94382,-12.02778],[-76.94372,-12.02797],[-76.94355,-12.02815],[-76.94326,-12.02823],[-76.94276,-12.0283],[-76.94281,-12.02946],[-76.9425,-12.03075],[-76.94306,-12.03087],[-76.94287,-12.03238],[-76.93996,-12.03861],[-76.93981,-12.03913],[-76.93796,-12.04382],[-76.95231,-12.04955],[-76.95604,-12.05105],[-76.96101,-12.05317],[-76.96757,-12.05607],[-76.97223,-12.05799],[-76.97343,-12.05848],[-76.97583,-12.05959],[-76.97836,-12.06069],[-76.98005,-12.06182],[-76.98187,-12.06308],[-76.98193,-12.06296],[-76.98203,-12.06275],[-76.98227,-12.06256],[-76.98228,-12.06256],[-76.98248,-12.06225],[-76.98255,-12.06182],[-76.9825,-12.06114],[-76.98248,-12.06102],[-76.98238,-12.06056],[-76.98241,-12.06024],[-76.9826,-12.06004],[-76.98285,-12.0599],[-76.9834,-12.05978],[-76.98472,-12.05971],[-76.98605,-12.05971],[-76.98708,-12.05958],[-76.98784,-12.05929],[-76.98886,-12.05874],[-76.99028,-12.0574],[-76.9914,-12.05669],[-76.99259,-12.05651],[-76.9935,-12.05664],[-76.99399,-12.05698],[-76.99406,-12.05702],[-76.99436,-12.05751],[-76.99458,-12.0577],[-76.99476,-12.05792],[-76.99495,-12.0584],[-76.99509,-12.05873],[-76.99517,-12.05882],[-76.99525,-12.05892],[-76.99526,-12.05893],[-76.99539,-12.05896],[-76.99557,-12.059],[-76.99586,-12.05908],[-76.99598,-12.05911],[-76.99602,-12.05913],[-76.99623,-12.05924],[-76.99643,-12.05943],[-76.99657,-12.05965],[-76.99677,-12.05994],[-76.99701,-12.0603],[-76.99726,-12.06087],[-76.99742,-12.0609],[-76.99766,-12.0609],[-76.9978,-12.06084],[-76.9981,-12.06367],[-76.99582,-12.06388],[-76.99023,-12.06436],[-76.99008,-12.06441],[-76.98975,-12.06445],[-76.98864,-12.06424],[-76.98759,-12.06411],[-76.98696,-12.06404],[-76.98798,-12.06816],[-76.98878,-12.07142],[-76.98829,-12.0726],[-76.98762,-12.07352],[-76.98781,-12.07363],[-76.98785,-12.07365],[-76.98944,-12.07363],[-76.99066,-12.07384],[-76.99081,-12.07396],[-76.99095,-12.07417],[-76.99103,-12.07448],[-76.991,-12.07504],[-76.99083,-12.07542],[-76.99011,-12.07638],[-76.98732,-12.07994],[-76.98425,-12.08393],[-76.98401,-12.08473],[-76.98394,-12.08498],[-76.98267,-12.08478],[-76.98169,-12.08463],[-76.98137,-12.08409],[-76.98059,-12.0833],[-76.97968,-12.08261],[-76.97965,-12.08261],[-76.97845,-12.08147],[-76.97823,-12.08121],[-76.97748,-12.08029],[-76.97675,-12.07903],[-76.97626,-12.07813],[-76.97541,-12.07645],[-76.9745,-12.07433],[-76.97315,-12.07141],[-76.97253,-12.07013],[-76.972,-12.06883],[-76.97187,-12.06845],[-76.97184,-12.06832],[-76.97167,-12.06755],[-76.97153,-12.06687],[-76.97122,-12.06693],[-76.9709,-12.06703],[-76.97066,-12.06708],[-76.9704,-12.06713],[-76.97013,-12.06704],[-76.96962,-12.06679],[-76.96808,-12.06559],[-76.96416,-12.06408],[-76.96087,-12.06268],[-76.95859,-12.06188],[-76.9539,-12.06138],[-76.95058,-12.05992],[-76.94432,-12.0567],[-76.94207,-12.06067],[-76.94119,-12.06217],[-76.94112,-12.06229],[-76.94006,-12.06405],[-76.93942,-12.06493],[-76.93639,-12.06409],[-76.93615,-12.06413],[-76.93598,-12.06416],[-76.93585,-12.06415],[-76.93582,-12.06415],[-76.93571,-12.06416],[-76.93555,-12.06423],[-76.93535,-12.06431],[-76.93518,-12.06432],[-76.93515,-12.06431],[-76.93501,-12.0643],[-76.93477,-12.06416],[-76.93419,-12.0638],[-76.93342,-12.06348],[-76.93229,-12.06319],[-76.93087,-12.06328],[-76.92939,-12.064],[-76.92861,-12.06455],[-76.92747,-12.06528],[-76.92689,-12.06543],[-76.92656,-12.06551],[-76.92618,-12.0656],[-76.92516,-12.06531],[-76.92458,-12.06533],[-76.92431,-12.06534],[-76.92423,-12.06537],[-76.92397,-12.06548],[-76.92309,-12.06583],[-76.92209,-12.06606],[-76.92154,-12.06612],[-76.9215,-12.06611],[-76.92128,-12.06604],[-76.92036,-12.06537],[-76.91919,-12.06376],[-76.91842,-12.0627],[-76.91747,-12.06149],[-76.91671,-12.06052],[-76.91472,-12.05992],[-76.91463,-12.05988],[-76.91371,-12.05952],[-76.91207,-12.05951],[-76.9099,-12.05941],[-76.90782,-12.05938],[-76.90591,-12.05945],[-76.90478,-12.05955],[-76.90343,-12.0599],[-76.90224,-12.06029],[-76.90116,-12.06044],[-76.89978,-12.06002],[-76.89861,-12.0595],[-76.89637,-12.0589],[-76.8919,-12.05891],[-76.88913,-12.05936],[-76.87118,-12.04823],[-76.85191,-12.03768],[-76.84859,-12.03834],[-76.84508,-12.03885],[-76.84388,-12.03896],[-76.84205,-12.03954],[-76.84011,-12.03962],[-76.83591,-12.04013],[-76.83357,-12.04097],[-76.83196,-12.04243],[-76.83036,-12.04451],[-76.8282,-12.04616],[-76.82641,-12.04689],[-76.82466,-12.04751],[-76.82283,-12.04681],[-76.82104,-12.04535],[-76.81932,-12.04495],[-76.81735,-12.04495],[-76.81592,-12.04415],[-76.81472,-12.04287],[-76.81315,-12.04203],[-76.8118,-12.04164],[-76.80986,-12.04053],[-76.80734,-12.03907],[-76.80529,-12.03808],[-76.80325,-12.03636],[-76.80175,-12.03516],[-76.79901,-12.03319],[-76.79696,-12.03165],[-76.79516,-12.03024],[-76.79444,-12.02968],[-76.79239,-12.02796],[-76.79031,-12.02719],[-76.78845,-12.02665],[-76.78659,-12.0261],[-76.7848,-12.02496],[-76.78286,-12.02325]]]}},{"type":"Feature","properties":{"id":"150104","name":"Barranco"},"geometry":{"type":"Polygon","coordinates":[[[-77.018,-12.13125],[-77.01915,-12.13127],[-77.01945,-12.1306],[-77.01948,-12.13061],[-77.01961,-12.13067],[-77.02116,-12.13325],[-77.02127,-12.13345],[-77.0217,-12.13407],[-77.0221,-12.13446],[-77.02251,-12.13471],[-77.02312,-12.13493],[-77.023,-12.13527],[-77.02404,-12.13581],[-77.02425,-12.13588],[-77.02457,-12.13596],[-77.02468,-12.13599],[-77.02489,-12.13602],[-77.02501,-12.13604],[-77.02511,-12.13606],[-77.02522,-12.13609],[-77.02532,-12.13614],[-77.02542,-12.13619],[-77.02551,-12.13624],[-77.02568,-12.13637],[-77.02581,-12.1365],[-77.02592,-12.13665],[-77.02598,-12.13677],[-77.02656,-12.13778],[-77.02668,-12.13796],[-77.02681,-12.13814],[-77.0271,-12.13847],[-77.02747,-12.13881],[-77.02762,-12.13896],[-77.02776,-12.13913],[-77.02789,-12.13932],[-77.02794,-12.13942],[-77.02819,-12.13955],[-77.0283,-12.13963],[-77.02845,-12.13971],[-77.02944,-12.14014],[-77.02932,-12.14014],[-77.02921,-12.14018],[-77.02916,-12.1402],[-77.0291,-12.14025],[-77.02901,-12.14033],[-77.02896,-12.1404],[-77.02894,-12.14046],[-77.0289,-12.1405],[-77.02885,-12.14055],[-77.0288,-12.14062],[-77.0288,-12.14067],[-77.02877,-12.14075],[-77.02875,-12.14081],[-77.0287,-12.14091],[-77.02864,-12.14098],[-77.02857,-12.14102],[-77.02853,-12.14112],[-77.02852,-12.14117],[-77.02849,-12.14122],[-77.02842,-12.14132],[-77.02838,-12.14137],[-77.02832,-12.14143],[-77.02828,-12.1415],[-77.0282,-12.14159],[-77.02812,-12.14168],[-77.0281,-12.14174],[-77.02808,-12.1418],[-77.02803,-12.14186],[-77.02799,-12.14194],[-77.02796,-12.14205],[-77.02789,-12.14211],[-77.02783,-12.14213],[-77.0278,-12.14219],[-77.02777,-12.14227],[-77.02772,-12.14232],[-77.02764,-12.14237],[-77.0276,-12.14247],[-77.02757,-12.14256],[-77.02754,-12.14263],[-77.02747,-12.14268],[-77.02738,-12.14276],[-77.02735,-12.1428],[-77.02729,-12.14288],[-77.02724,-12.14293],[-77.02717,-12.14298],[-77.02711,-12.14302],[-77.02709,-12.14312],[-77.02706,-12.14319],[-77.02698,-12.14325],[-77.02694,-12.14342],[-77.0269,-12.14352],[-77.02684,-12.14357],[-77.02678,-12.14362],[-77.02673,-12.14372],[-77.02669,-12.14378],[-77.02663,-12.14382],[-77.02656,-12.14388],[-77.0265,-12.14392],[-77.02644,-12.144],[-77.0264,-12.14407],[-77.02637,-12.14413],[-77.02635,-12.14418],[-77.02633,-12.14424],[-77.0263,-12.14431],[-77.02625,-12.14439],[-77.02621,-12.14444],[-77.02608,-12.14455],[-77.02605,-12.14467],[-77.02604,-12.14478],[-77.02602,-12.14493],[-77.02599,-12.14502],[-77.026,-12.14509],[-77.02605,-12.14522],[-77.02608,-12.14528],[-77.02611,-12.14536],[-77.02613,-12.14543],[-77.02683,-12.14572],[-77.02681,-12.14579],[-77.0267,-12.14574],[-77.02655,-12.14582],[-77.02646,-12.14591],[-77.0264,-12.14599],[-77.02633,-12.14609],[-77.02622,-12.14628],[-77.0261,-12.14641],[-77.02606,-12.14653],[-77.02604,-12.14659],[-77.02598,-12.1467],[-77.02592,-12.14676],[-77.02587,-12.14684],[-77.02584,-12.14689],[-77.02578,-12.14698],[-77.02573,-12.14707],[-77.0257,-12.14713],[-77.02565,-12.14722],[-77.02561,-12.14732],[-77.02554,-12.14748],[-77.02548,-12.1476],[-77.02542,-12.14769],[-77.02534,-12.14788],[-77.02531,-12.14798],[-77.02528,-12.14815],[-77.02525,-12.14824],[-77.0252,-12.14832],[-77.02516,-12.14837],[-77.02511,-12.14847],[-77.0251,-12.14868],[-77.02503,-12.14905],[-77.02502,-12.14912],[-77.025,-12.14919],[-77.02498,-12.14929],[-77.02495,-12.14941],[-77.02492,-12.14956],[-77.02492,-12.14968],[-77.02492,-12.14981],[-77.02494,-12.15032],[-77.02492,-12.1504],[-77.02488,-12.15049],[-77.02484,-12.15054],[-77.02483,-12.15073],[-77.02478,-12.15083],[-77.02472,-12.15092],[-77.02471,-12.15098],[-77.02472,-12.15104],[-77.02473,-12.15113],[-77.02475,-12.15121],[-77.02477,-12.15131],[-77.02478,-12.15138],[-77.02479,-12.15147],[-77.02479,-12.15154],[-77.02478,-12.15166],[-77.02479,-12.15177],[-77.02499,-12.15181],[-77.02553,-12.15192],[-77.0255,-12.15199],[-77.0253,-12.15196],[-77.02525,-12.15202],[-77.02521,-12.15212],[-77.0252,-12.15222],[-77.02513,-12.1523],[-77.02511,-12.15246],[-77.02502,-12.15253],[-77.02499,-12.15264],[-77.02497,-12.15277],[-77.02495,-12.15288],[-77.0249,-12.15296],[-77.02488,-12.15303],[-77.02489,-12.15309],[-77.02492,-12.15319],[-77.02492,-12.15329],[-77.02489,-12.15348],[-77.02491,-12.15356],[-77.02493,-12.1537],[-77.02494,-12.15378],[-77.02496,-12.15388],[-77.02497,-12.15398],[-77.02501,-12.15409],[-77.02503,-12.15419],[-77.02504,-12.15427],[-77.02506,-12.15437],[-77.02505,-12.15448],[-77.02507,-12.15465],[-77.02509,-12.15478],[-77.02509,-12.15484],[-77.02511,-12.15491],[-77.02514,-12.15502],[-77.02518,-12.15512],[-77.02523,-12.15524],[-77.0253,-12.15545],[-77.02535,-12.15554],[-77.02555,-12.15557],[-77.02668,-12.15572],[-77.02667,-12.1558],[-77.02643,-12.15579],[-77.02644,-12.15592],[-77.02645,-12.15614],[-77.02644,-12.1562],[-77.02642,-12.15638],[-77.02638,-12.15654],[-77.02635,-12.15673],[-77.02633,-12.15691],[-77.02632,-12.15699],[-77.02631,-12.15715],[-77.02631,-12.15731],[-77.02503,-12.15704],[-77.02431,-12.15682],[-77.0229,-12.15627],[-77.01991,-12.15497],[-77.01954,-12.15475],[-77.01953,-12.15472],[-77.01949,-12.1544],[-77.01949,-12.15432],[-77.01946,-12.15405],[-77.01926,-12.15387],[-77.01679,-12.15521],[-77.01604,-12.15563],[-77.01585,-12.15511],[-77.01558,-12.15473],[-77.01635,-12.15407],[-77.01683,-12.15369],[-77.01715,-12.15345],[-77.01835,-12.15263],[-77.01736,-12.15052],[-77.01703,-12.14972],[-77.01596,-12.14736],[-77.01583,-12.14729],[-77.01576,-12.14719],[-77.01575,-12.14709],[-77.0152,-12.1471],[-77.01569,-12.14651],[-77.01389,-12.14411],[-77.01418,-12.14386],[-77.0141,-12.1437],[-77.01392,-12.14326],[-77.01382,-12.14309],[-77.01342,-12.14228],[-77.0126,-12.1406],[-77.01249,-12.14043],[-77.01385,-12.13925],[-77.01787,-12.13576],[-77.018,-12.13125]]]}},{"type":"Feature","properties":{"id":"150105","name":"Breña"},"geometry":{"type":"Polygon","coordinates":[[[-77.04567,-12.06525],[-77.04318,-12.06225],[-77.04297,-12.06197],[-77.04231,-12.06118],[-77.04147,-12.06017],[-77.04193,-12.05581],[-77.04199,-12.05519],[-77.04198,-12.0552],[-77.04206,-12.05348],[-77.0424,-12.05087],[-77.04478,-12.05077],[-77.04511,-12.05072],[-77.04611,-12.05056],[-77.04721,-12.05035],[-77.0503,-12.04971],[-77.05308,-12.04921],[-77.0537,-12.0491],[-77.05372,-12.04913],[-77.05407,-12.04986],[-77.05537,-12.05255],[-77.05576,-12.0531],[-77.05674,-12.0545],[-77.0576,-12.05581],[-77.0579,-12.05705],[-77.05816,-12.05784],[-77.05845,-12.05875],[-77.05847,-12.05884],[-77.05849,-12.05897],[-77.05859,-12.05969],[-77.05879,-12.06046],[-77.05893,-12.06097],[-77.05921,-12.06176],[-77.05932,-12.06207],[-77.05964,-12.06301],[-77.06117,-12.06753],[-77.06034,-12.06742],[-77.0542,-12.06655],[-77.04966,-12.07025],[-77.0483,-12.06858],[-77.04674,-12.06667],[-77.04567,-12.06525]]]}},{"type":"Feature","properties":{"id":"150106","name":"Carabayllo"},"geometry":{"type":"Polygon","coordinates":[[[-76.80487,-11.75587],[-76.80517,-11.75554],[-76.80548,-11.75518],[-76.80574,-11.75481],[-76.80609,-11.75432],[-76.80619,-11.75418],[-76.80641,-11.75386],[-76.80663,-11.75351],[-76.80689,-11.75318],[-76.80706,-11.75291],[-76.80732,-11.75272],[-76.80762,-11.75269],[-76.80812,-11.75275],[-76.80858,-11.75273],[-76.80937,-11.75247],[-76.81005,-11.75203],[-76.81053,-11.75154],[-76.81123,-11.75089],[-76.81153,-11.75052],[-76.81201,-11.75029],[-76.81245,-11.75023],[-76.81324,-11.75013],[-76.81384,-11.74979],[-76.81463,-11.74948],[-76.81541,-11.74924],[-76.816,-11.74909],[-76.81643,-11.74876],[-76.81699,-11.74838],[-76.81751,-11.74812],[-76.81759,-11.74808],[-76.81826,-11.74782],[-76.81916,-11.74766],[-76.81979,-11.74761],[-76.82057,-11.74763],[-76.82129,-11.74757],[-76.82161,-11.74749],[-76.82222,-11.74735],[-76.82271,-11.74728],[-76.82318,-11.74716],[-76.8236,-11.74699],[-76.82403,-11.74691],[-76.82451,-11.7469],[-76.82512,-11.74698],[-76.82565,-11.74713],[-76.82615,-11.7474],[-76.82675,-11.74759],[-76.8273,-11.74768],[-76.82782,-11.7475],[-76.82818,-11.74731],[-76.82849,-11.74697],[-76.82889,-11.74654],[-76.82928,-11.74622],[-76.82979,-11.74591],[-76.8305,-11.74558],[-76.8311,-11.74535],[-76.83185,-11.74488],[-76.83242,-11.74459],[-76.8329,-11.74419],[-76.83339,-11.74395],[-76.83382,-11.74376],[-76.83422,-11.7439],[-76.83465,-11.74419],[-76.83515,-11.74465],[-76.83525,-11.74476],[-76.83573,-11.7453],[-76.83626,-11.74593],[-76.83686,-11.74621],[-76.83729,-11.74619],[-76.83779,-11.74618],[-76.83824,-11.7463],[-76.83865,-11.74649],[-76.83897,-11.74683],[-76.83933,-11.74721],[-76.8398,-11.74742],[-76.84041,-11.74722],[-76.84075,-11.74701],[-76.84146,-11.74695],[-76.8425,-11.7469],[-76.84317,-11.7468],[-76.84399,-11.74679],[-76.84472,-11.74659],[-76.84538,-11.74619],[-76.84602,-11.74592],[-76.84681,-11.74587],[-76.84754,-11.74596],[-76.8484,-11.74625],[-76.84912,-11.74662],[-76.84986,-11.74709],[-76.85078,-11.74752],[-76.85141,-11.74803],[-76.85192,-11.7484],[-76.8527,-11.74865],[-76.85362,-11.74877],[-76.85458,-11.74884],[-76.85508,-11.7488],[-76.85585,-11.74846],[-76.85636,-11.74817],[-76.85641,-11.74814],[-76.85695,-11.74783],[-76.85768,-11.7477],[-76.85823,-11.74768],[-76.85879,-11.74791],[-76.85935,-11.74833],[-76.85989,-11.74856],[-76.86059,-11.74858],[-76.86138,-11.74843],[-76.86196,-11.74839],[-76.86328,-11.74831],[-76.86429,-11.74824],[-76.8652,-11.74805],[-76.86616,-11.74789],[-76.86775,-11.74747],[-76.86821,-11.74716],[-76.86872,-11.74679],[-76.86909,-11.74633],[-76.86916,-11.74591],[-76.86933,-11.74528],[-76.86956,-11.74475],[-76.86984,-11.74433],[-76.87053,-11.7439],[-76.87112,-11.74374],[-76.8719,-11.74363],[-76.87282,-11.7437],[-76.87353,-11.74374],[-76.87421,-11.7438],[-76.87488,-11.74373],[-76.87544,-11.74357],[-76.87586,-11.74313],[-76.87629,-11.74262],[-76.87678,-11.74194],[-76.87715,-11.74142],[-76.87729,-11.74098],[-76.87742,-11.74041],[-76.87755,-11.74011],[-76.87762,-11.73995],[-76.87797,-11.7393],[-76.87819,-11.73883],[-76.87839,-11.73832],[-76.87863,-11.73801],[-76.8792,-11.73747],[-76.87937,-11.73707],[-76.87957,-11.73634],[-76.87955,-11.73579],[-76.87944,-11.73525],[-76.87968,-11.73475],[-76.87994,-11.73441],[-76.88011,-11.73392],[-76.88043,-11.73324],[-76.8806,-11.73284],[-76.88055,-11.7325],[-76.88081,-11.73217],[-76.88108,-11.73223],[-76.88156,-11.73236],[-76.8819,-11.73256],[-76.88223,-11.73271],[-76.88285,-11.7329],[-76.88323,-11.73338],[-76.88404,-11.73407],[-76.8845,-11.73441],[-76.88496,-11.73483],[-76.88543,-11.73506],[-76.88601,-11.73515],[-76.88666,-11.73504],[-76.88711,-11.73454],[-76.88741,-11.7341],[-76.88797,-11.73386],[-76.88862,-11.73378],[-76.88927,-11.73355],[-76.88971,-11.73339],[-76.89023,-11.73282],[-76.89066,-11.7325],[-76.89108,-11.73219],[-76.89156,-11.73194],[-76.89226,-11.73178],[-76.89259,-11.7317],[-76.89276,-11.73166],[-76.89296,-11.7315],[-76.89311,-11.73115],[-76.89343,-11.73064],[-76.89363,-11.73037],[-76.89403,-11.73018],[-76.89484,-11.72999],[-76.8952,-11.72979],[-76.89569,-11.72976],[-76.89621,-11.72978],[-76.89674,-11.72992],[-76.89734,-11.73024],[-76.89789,-11.73039],[-76.89865,-11.73018],[-76.89921,-11.73001],[-76.89995,-11.72979],[-76.90063,-11.72943],[-76.90074,-11.72938],[-76.9013,-11.72914],[-76.90215,-11.72887],[-76.90268,-11.72878],[-76.90316,-11.7289],[-76.90356,-11.72923],[-76.90366,-11.72952],[-76.90416,-11.72978],[-76.90463,-11.72991],[-76.90494,-11.72999],[-76.90539,-11.72991],[-76.90584,-11.72984],[-76.90619,-11.72975],[-76.90649,-11.72976],[-76.90683,-11.72991],[-76.90758,-11.73035],[-76.90805,-11.73068],[-76.90909,-11.731],[-76.90967,-11.73112],[-76.91113,-11.73125],[-76.91187,-11.73139],[-76.9131,-11.73169],[-76.91383,-11.73195],[-76.91447,-11.73217],[-76.91484,-11.733],[-76.9149,-11.73335],[-76.91489,-11.7341],[-76.91483,-11.73499],[-76.91489,-11.73569],[-76.91498,-11.73632],[-76.91516,-11.73733],[-76.91512,-11.73815],[-76.91503,-11.73883],[-76.91483,-11.73926],[-76.91456,-11.73972],[-76.91442,-11.74018],[-76.91438,-11.74053],[-76.91447,-11.74091],[-76.91464,-11.74125],[-76.91508,-11.7416],[-76.91533,-11.74182],[-76.91546,-11.7423],[-76.91546,-11.74282],[-76.91547,-11.74331],[-76.91531,-11.74371],[-76.9154,-11.74444],[-76.91543,-11.74481],[-76.91565,-11.74516],[-76.91587,-11.74527],[-76.91618,-11.74526],[-76.91672,-11.74538],[-76.91694,-11.74549],[-76.91716,-11.7459],[-76.9173,-11.74616],[-76.91763,-11.74651],[-76.91835,-11.74682],[-76.91896,-11.74733],[-76.91916,-11.74777],[-76.91938,-11.74833],[-76.91978,-11.74882],[-76.92042,-11.74943],[-76.92082,-11.74972],[-76.92129,-11.7501],[-76.92165,-11.75037],[-76.92231,-11.75073],[-76.92279,-11.75103],[-76.9232,-11.75143],[-76.92359,-11.75169],[-76.92387,-11.75185],[-76.92441,-11.75214],[-76.92493,-11.75231],[-76.92538,-11.75239],[-76.92609,-11.75254],[-76.92681,-11.75254],[-76.92724,-11.75257],[-76.9278,-11.75272],[-76.92791,-11.75275],[-76.92852,-11.75288],[-76.92909,-11.75318],[-76.92956,-11.75348],[-76.93025,-11.75389],[-76.93064,-11.75406],[-76.9312,-11.75438],[-76.93168,-11.75459],[-76.93217,-11.75484],[-76.93243,-11.75507],[-76.93273,-11.75562],[-76.93292,-11.75593],[-76.93329,-11.75639],[-76.93357,-11.75623],[-76.93379,-11.75595],[-76.93399,-11.75567],[-76.93428,-11.75547],[-76.93481,-11.75493],[-76.93525,-11.75441],[-76.93587,-11.75356],[-76.93626,-11.75315],[-76.93655,-11.75275],[-76.93721,-11.75216],[-76.93798,-11.75171],[-76.9387,-11.75139],[-76.93975,-11.751],[-76.94052,-11.75059],[-76.94122,-11.75045],[-76.94201,-11.75028],[-76.94267,-11.75027],[-76.94302,-11.75036],[-76.9438,-11.75062],[-76.9447,-11.75072],[-76.94517,-11.75075],[-76.94562,-11.75065],[-76.94618,-11.75031],[-76.94652,-11.74997],[-76.9469,-11.74952],[-76.94715,-11.74908],[-76.9475,-11.74857],[-76.94801,-11.74799],[-76.9487,-11.74758],[-76.94922,-11.74749],[-76.95004,-11.74759],[-76.95074,-11.74736],[-76.95098,-11.74714],[-76.9512,-11.74671],[-76.95127,-11.74642],[-76.95146,-11.74599],[-76.95169,-11.74542],[-76.95203,-11.74493],[-76.95243,-11.74437],[-76.95258,-11.74419],[-76.95281,-11.74393],[-76.95306,-11.74359],[-76.9531,-11.74333],[-76.95321,-11.74282],[-76.95331,-11.7425],[-76.9535,-11.74219],[-76.95374,-11.74189],[-76.95416,-11.74136],[-76.95425,-11.74117],[-76.9543,-11.74106],[-76.95447,-11.74069],[-76.9546,-11.7404],[-76.95469,-11.73992],[-76.95477,-11.73955],[-76.95475,-11.73909],[-76.95475,-11.73903],[-76.95481,-11.73824],[-76.95492,-11.73756],[-76.95508,-11.73687],[-76.95545,-11.73649],[-76.95585,-11.7361],[-76.95631,-11.73593],[-76.95639,-11.7359],[-76.95689,-11.73591],[-76.95701,-11.73593],[-76.95738,-11.73598],[-76.95785,-11.73606],[-76.95801,-11.73604],[-76.95812,-11.73603],[-76.95824,-11.73602],[-76.95855,-11.73591],[-76.95883,-11.73571],[-76.95918,-11.73548],[-76.95955,-11.73502],[-76.95978,-11.73468],[-76.95982,-11.73463],[-76.96004,-11.73437],[-76.96026,-11.73425],[-76.96069,-11.73414],[-76.96127,-11.73407],[-76.96159,-11.73404],[-76.96175,-11.73403],[-76.96217,-11.73405],[-76.96256,-11.73419],[-76.96327,-11.73444],[-76.96359,-11.73447],[-76.96444,-11.73447],[-76.96505,-11.73446],[-76.96564,-11.73449],[-76.96629,-11.73456],[-76.9668,-11.73463],[-76.96728,-11.73486],[-76.96814,-11.73519],[-76.96873,-11.73546],[-76.96919,-11.73569],[-76.97008,-11.73607],[-76.97176,-11.73608],[-76.97361,-11.73609],[-76.97373,-11.73627],[-76.97378,-11.73641],[-76.97388,-11.73665],[-76.97404,-11.73734],[-76.97405,-11.73742],[-76.97408,-11.73787],[-76.97412,-11.73837],[-76.97423,-11.73893],[-76.97421,-11.73919],[-76.97412,-11.73945],[-76.97405,-11.73987],[-76.97408,-11.74048],[-76.97419,-11.74095],[-76.97435,-11.74135],[-76.9744,-11.74146],[-76.97448,-11.74193],[-76.97441,-11.74231],[-76.97431,-11.7426],[-76.97415,-11.74306],[-76.97404,-11.74354],[-76.97399,-11.74412],[-76.97387,-11.74533],[-76.97395,-11.74572],[-76.97395,-11.74605],[-76.97366,-11.74737],[-76.97367,-11.74798],[-76.97658,-11.74783],[-76.97718,-11.74737],[-76.97776,-11.7471],[-76.97822,-11.74682],[-76.9788,-11.74663],[-76.97932,-11.74645],[-76.98027,-11.74631],[-76.98089,-11.74612],[-76.98169,-11.74588],[-76.98241,-11.74588],[-76.98303,-11.74603],[-76.98373,-11.7461],[-76.98449,-11.74611],[-76.98528,-11.7463],[-76.98545,-11.74646],[-76.98605,-11.74702],[-76.98665,-11.74747],[-76.98776,-11.7481],[-76.98872,-11.74878],[-76.98967,-11.74908],[-76.99037,-11.74934],[-76.991,-11.7497],[-76.99152,-11.74996],[-76.99199,-11.75017],[-76.99238,-11.75053],[-76.99262,-11.75084],[-76.99291,-11.75114],[-76.99347,-11.75131],[-76.99408,-11.75131],[-76.99456,-11.75132],[-76.99499,-11.75145],[-76.9952,-11.7517],[-76.99571,-11.75204],[-76.9962,-11.75227],[-76.99678,-11.75236],[-76.99738,-11.75218],[-76.9981,-11.75187],[-76.99864,-11.7516],[-76.99897,-11.7515],[-76.99951,-11.7514],[-76.9999,-11.75142],[-77.00052,-11.75149],[-77.00101,-11.75154],[-77.00151,-11.75164],[-77.00196,-11.75156],[-77.00246,-11.75128],[-77.00304,-11.75086],[-77.00438,-11.75043],[-77.00475,-11.75031],[-77.0055,-11.75033],[-77.00595,-11.75042],[-77.00689,-11.7507],[-77.00708,-11.75078],[-77.00765,-11.75102],[-77.00825,-11.75111],[-77.00957,-11.75118],[-77.01021,-11.75119],[-77.011,-11.75107],[-77.01195,-11.75066],[-77.0131,-11.75025],[-77.01383,-11.75],[-77.0143,-11.74996],[-77.01498,-11.74997],[-77.01583,-11.74979],[-77.0167,-11.74958],[-77.01678,-11.74954],[-77.01709,-11.7494],[-77.01744,-11.74911],[-77.01833,-11.74871],[-77.01889,-11.74836],[-77.01943,-11.74793],[-77.02032,-11.74752],[-77.02097,-11.74706],[-77.02159,-11.74642],[-77.02207,-11.746],[-77.02227,-11.74585],[-77.02244,-11.74548],[-77.02275,-11.74506],[-77.02317,-11.74463],[-77.02354,-11.74433],[-77.0238,-11.74365],[-77.02423,-11.74298],[-77.02473,-11.74267],[-77.02517,-11.74259],[-77.02572,-11.74255],[-77.02628,-11.74245],[-77.02678,-11.74245],[-77.02706,-11.74233],[-77.02719,-11.74212],[-77.02739,-11.7418],[-77.02742,-11.74175],[-77.02782,-11.74139],[-77.02831,-11.74127],[-77.02879,-11.74125],[-77.02984,-11.74093],[-77.03048,-11.74068],[-77.03085,-11.74066],[-77.03138,-11.74073],[-77.03153,-11.74075],[-77.032,-11.74084],[-77.03245,-11.74079],[-77.0327,-11.74119],[-77.03338,-11.74233],[-77.035,-11.74502],[-77.03512,-11.74523],[-77.03693,-11.74841],[-77.03823,-11.75079],[-77.03938,-11.75248],[-77.04093,-11.75326],[-77.0424,-11.7539],[-77.04345,-11.75516],[-77.04398,-11.75699],[-77.04503,-11.75837],[-77.04597,-11.75914],[-77.04968,-11.76118],[-77.0509,-11.7623],[-77.05187,-11.76358],[-77.05258,-11.76434],[-77.05307,-11.76511],[-77.05361,-11.76678],[-77.05403,-11.76773],[-77.05453,-11.76912],[-77.05474,-11.77025],[-77.05454,-11.77194],[-77.054,-11.77333],[-77.05386,-11.77457],[-77.05384,-11.77583],[-77.05406,-11.7782],[-77.05415,-11.7792],[-77.05458,-11.78062],[-77.05551,-11.78242],[-77.05612,-11.78381],[-77.05701,-11.78582],[-77.05806,-11.78649],[-77.0591,-11.78686],[-77.06014,-11.78742],[-77.06105,-11.78808],[-77.06187,-11.78828],[-77.06281,-11.78855],[-77.06409,-11.78873],[-77.06428,-11.7888],[-77.06428,-11.78874],[-77.06475,-11.78897],[-77.06586,-11.78952],[-77.06596,-11.78955],[-77.06787,-11.79023],[-77.06824,-11.79024],[-77.06887,-11.79026],[-77.07028,-11.79085],[-77.07142,-11.79149],[-77.07191,-11.79166],[-77.07275,-11.79195],[-77.07341,-11.79266],[-77.07348,-11.79382],[-77.07378,-11.79513],[-77.07486,-11.79639],[-77.07665,-11.79726],[-77.07836,-11.7982],[-77.08024,-11.79932],[-77.08225,-11.80087],[-77.08514,-11.80174],[-77.09221,-11.80357],[-77.09307,-11.80686],[-77.09308,-11.80871],[-77.09205,-11.81154],[-77.09202,-11.81159],[-77.09189,-11.81201],[-77.08991,-11.81547],[-77.08978,-11.81648],[-77.09016,-11.81798],[-77.0906,-11.81868],[-77.09076,-11.81966],[-77.09066,-11.82188],[-77.09079,-11.82311],[-77.08877,-11.82455],[-77.088,-11.82507],[-77.0876,-11.82668],[-77.08784,-11.82735],[-77.0886,-11.82854],[-77.0894,-11.83018],[-77.08841,-11.83278],[-77.08749,-11.83479],[-77.08687,-11.8352],[-77.08642,-11.83567],[-77.08629,-11.8359],[-77.08588,-11.83665],[-77.08582,-11.83817],[-77.08591,-11.83871],[-77.08576,-11.83948],[-77.0853,-11.8409],[-77.0842,-11.84104],[-77.08312,-11.84067],[-77.08049,-11.84224],[-77.07745,-11.84478],[-77.07545,-11.84718],[-77.07459,-11.8474],[-77.0725,-11.84853],[-77.06989,-11.84947],[-77.06801,-11.85029],[-77.06754,-11.85055],[-77.06498,-11.85152],[-77.0627,-11.85179],[-77.06222,-11.85477],[-77.05996,-11.85712],[-77.05884,-11.85765],[-77.05986,-11.85915],[-77.05863,-11.85994],[-77.05856,-11.86231],[-77.05822,-11.8629],[-77.05822,-11.86523],[-77.05835,-11.86648],[-77.05872,-11.86797],[-77.05891,-11.86869],[-77.05904,-11.86929],[-77.05867,-11.86992],[-77.05828,-11.87029],[-77.05774,-11.87046],[-77.05734,-11.87012],[-77.05705,-11.87038],[-77.05694,-11.8707],[-77.05698,-11.87175],[-77.05671,-11.8729],[-77.05609,-11.87372],[-77.05525,-11.87512],[-77.05518,-11.87681],[-77.05537,-11.87918],[-77.05524,-11.88259],[-77.05564,-11.88539],[-77.05535,-11.88597],[-77.05408,-11.88857],[-77.05406,-11.88984],[-77.05369,-11.88894],[-77.05328,-11.88836],[-77.05253,-11.88791],[-77.05208,-11.88774],[-77.05171,-11.88761],[-77.05095,-11.88781],[-77.04889,-11.89069],[-77.04806,-11.89175],[-77.0473,-11.89281],[-77.04671,-11.89362],[-77.04672,-11.89403],[-77.04712,-11.89482],[-77.04759,-11.89556],[-77.04789,-11.89634],[-77.04789,-11.89656],[-77.04789,-11.89658],[-77.04639,-11.89743],[-77.04551,-11.89789],[-77.0452,-11.8973],[-77.04496,-11.89723],[-77.0446,-11.89719],[-77.04448,-11.89706],[-77.04432,-11.89677],[-77.04346,-11.89721],[-77.04334,-11.89681],[-77.04313,-11.89583],[-77.043,-11.89551],[-77.04295,-11.89544],[-77.04281,-11.89524],[-77.0426,-11.89495],[-77.0421,-11.8945],[-77.04068,-11.89536],[-77.0393,-11.89792],[-77.03884,-11.89822],[-77.03868,-11.89832],[-77.03863,-11.8985],[-77.03866,-11.89888],[-77.03866,-11.89914],[-77.03866,-11.89921],[-77.03865,-11.89923],[-77.03859,-11.89933],[-77.03842,-11.89946],[-77.03833,-11.89957],[-77.03832,-11.8997],[-77.03826,-11.89983],[-77.03812,-11.90008],[-77.03671,-11.90221],[-77.03661,-11.90235],[-77.03408,-11.9062],[-77.03332,-11.90736],[-77.03339,-11.90744],[-77.03306,-11.90791],[-77.03262,-11.90763],[-77.03235,-11.90743],[-77.03226,-11.90728],[-77.03208,-11.90735],[-77.03195,-11.90741],[-77.03158,-11.90757],[-77.03148,-11.90764],[-77.03143,-11.90768],[-77.03148,-11.90775],[-77.0316,-11.90782],[-77.03186,-11.90797],[-77.03194,-11.90809],[-77.03193,-11.90817],[-77.03166,-11.9083],[-77.03155,-11.90839],[-77.03135,-11.9085],[-77.03121,-11.90862],[-77.03121,-11.90868],[-77.03108,-11.90877],[-77.03094,-11.9089],[-77.03086,-11.90896],[-77.03099,-11.90917],[-77.031,-11.90953],[-77.03091,-11.90985],[-77.03075,-11.91015],[-77.02968,-11.91008],[-77.02902,-11.90996],[-77.02844,-11.9097],[-77.02795,-11.9095],[-77.02727,-11.90941],[-77.02637,-11.90943],[-77.02548,-11.90928],[-77.02438,-11.9088],[-77.02364,-11.90825],[-77.02279,-11.90767],[-77.02223,-11.9071],[-77.02189,-11.90676],[-77.02124,-11.90604],[-77.01965,-11.9051],[-77.01866,-11.9048],[-77.01709,-11.90451],[-77.01607,-11.90413],[-77.01476,-11.90345],[-77.01426,-11.90323],[-77.01325,-11.90339],[-77.0121,-11.90376],[-77.0109,-11.90386],[-77.00903,-11.90392],[-77.00709,-11.90388],[-77.00595,-11.90387],[-77.00473,-11.90346],[-77.00297,-11.90208],[-77.00189,-11.9011],[-77.00136,-11.90072],[-77.00032,-11.89989],[-76.9997,-11.8998],[-76.99831,-11.89974],[-76.99775,-11.89966],[-76.997,-11.89955],[-76.99609,-11.89951],[-76.9953,-11.89982],[-76.99521,-11.89986],[-76.99416,-11.90033],[-76.99289,-11.9007],[-76.99217,-11.90071],[-76.99052,-11.90013],[-76.98989,-11.89936],[-76.98795,-11.89715],[-76.98644,-11.89586],[-76.98589,-11.8954],[-76.98402,-11.89436],[-76.98196,-11.89311],[-76.97932,-11.89227],[-76.97664,-11.89127],[-76.97465,-11.88963],[-76.9732,-11.88763],[-76.97171,-11.88563],[-76.97046,-11.88421],[-76.96981,-11.88321],[-76.96849,-11.88089],[-76.96739,-11.87896],[-76.96621,-11.87761],[-76.96553,-11.87683],[-76.96437,-11.87554],[-76.96317,-11.874],[-76.96211,-11.8729],[-76.96063,-11.87181],[-76.95905,-11.87107],[-76.95731,-11.87049],[-76.95719,-11.87043],[-76.95644,-11.87007],[-76.95531,-11.8682],[-76.95392,-11.86665],[-76.95267,-11.86549],[-76.95012,-11.86401],[-76.94829,-11.86282],[-76.94735,-11.86211],[-76.946,-11.86188],[-76.94353,-11.86154],[-76.94228,-11.86087],[-76.94202,-11.85909],[-76.94142,-11.85706],[-76.94016,-11.85563],[-76.93966,-11.85494],[-76.93856,-11.85344],[-76.93804,-11.85252],[-76.93552,-11.84803],[-76.93484,-11.84651],[-76.93421,-11.84466],[-76.93417,-11.84103],[-76.93417,-11.83871],[-76.93433,-11.83698],[-76.93526,-11.8352],[-76.93564,-11.83368],[-76.93488,-11.83323],[-76.9345,-11.83301],[-76.9326,-11.83322],[-76.93054,-11.8336],[-76.92851,-11.8333],[-76.92598,-11.83292],[-76.92406,-11.83215],[-76.92201,-11.83141],[-76.91935,-11.83115],[-76.91754,-11.83145],[-76.91641,-11.83136],[-76.91513,-11.8306],[-76.91315,-11.82896],[-76.91032,-11.82794],[-76.9083,-11.82696],[-76.90585,-11.82558],[-76.90382,-11.82372],[-76.90372,-11.82353],[-76.90327,-11.82271],[-76.90424,-11.82081],[-76.90513,-11.81887],[-76.90589,-11.81685],[-76.90657,-11.81376],[-76.90661,-11.81102],[-76.90695,-11.80824],[-76.90724,-11.80503],[-76.90754,-11.80334],[-76.90754,-11.80161],[-76.90766,-11.79925],[-76.90737,-11.79773],[-76.90661,-11.79612],[-76.90576,-11.79536],[-76.90448,-11.79485],[-76.90289,-11.79397],[-76.90061,-11.79338],[-76.89863,-11.79317],[-76.89649,-11.79322],[-76.8939,-11.79368],[-76.89089,-11.79416],[-76.88998,-11.79431],[-76.88728,-11.79486],[-76.88474,-11.7955],[-76.88445,-11.79558],[-76.8831,-11.79528],[-76.88188,-11.79448],[-76.88006,-11.79444],[-76.87964,-11.79444],[-76.87749,-11.7946],[-76.87365,-11.79591],[-76.87061,-11.79667],[-76.86657,-11.79747],[-76.86635,-11.79752],[-76.86381,-11.7984],[-76.86154,-11.79887],[-76.85875,-11.79882],[-76.85639,-11.79929],[-76.85419,-11.79925],[-76.85124,-11.79815],[-76.85022,-11.79709],[-76.84984,-11.79658],[-76.849,-11.79549],[-76.84714,-11.79287],[-76.84524,-11.78989],[-76.8452,-11.78984],[-76.84517,-11.78975],[-76.84427,-11.78735],[-76.8433,-11.7857],[-76.84136,-11.78431],[-76.83904,-11.7828],[-76.83883,-11.78266],[-76.8371,-11.78093],[-76.83651,-11.78043],[-76.83461,-11.77882],[-76.8325,-11.77827],[-76.82988,-11.77795],[-76.82803,-11.77772],[-76.82554,-11.7773],[-76.82186,-11.77423],[-76.81902,-11.771],[-76.81705,-11.7691],[-76.81564,-11.7682],[-76.81402,-11.76593],[-76.81338,-11.76452],[-76.81197,-11.76332],[-76.80683,-11.75789],[-76.80487,-11.75587]]]}},{"type":"Feature","properties":{"id":"150107","name":"Chaclacayo"},"geometry":{"type":"Polygon","coordinates":[[[-76.71479,-11.99236],[-76.71523,-11.98999],[-76.71682,-11.98823],[-76.71935,-11.98646],[-76.72061,-11.98512],[-76.7212,-11.98369],[-76.72229,-11.97982],[-76.7233,-11.97696],[-76.72313,-11.97418],[-76.7238,-11.97233],[-76.72515,-11.9699],[-76.72633,-11.96838],[-76.72809,-11.96611],[-76.72918,-11.96426],[-76.73024,-11.96302],[-76.73065,-11.9622],[-76.73089,-11.96185],[-76.73125,-11.96155],[-76.73217,-11.96159],[-76.73225,-11.96161],[-76.73295,-11.96175],[-76.73317,-11.96179],[-76.73395,-11.96193],[-76.73425,-11.96198],[-76.73541,-11.96231],[-76.73629,-11.96259],[-76.73709,-11.9633],[-76.73853,-11.96433],[-76.73907,-11.96462],[-76.73961,-11.96477],[-76.74063,-11.9648],[-76.74086,-11.96477],[-76.74108,-11.96479],[-76.7413,-11.96491],[-76.74141,-11.96506],[-76.74153,-11.96521],[-76.7417,-11.96532],[-76.74195,-11.96544],[-76.74224,-11.96551],[-76.74258,-11.96562],[-76.74293,-11.96569],[-76.74316,-11.9658],[-76.74332,-11.96594],[-76.7435,-11.96633],[-76.74373,-11.96672],[-76.74401,-11.96705],[-76.74474,-11.96747],[-76.74501,-11.96754],[-76.74549,-11.96765],[-76.74609,-11.96771],[-76.74654,-11.96771],[-76.74688,-11.9677],[-76.74717,-11.9677],[-76.74745,-11.96769],[-76.74771,-11.96769],[-76.74787,-11.96769],[-76.74804,-11.96765],[-76.74824,-11.96767],[-76.74841,-11.96771],[-76.74852,-11.96775],[-76.74863,-11.9678],[-76.74881,-11.96792],[-76.74898,-11.96807],[-76.74926,-11.9683],[-76.74953,-11.96847],[-76.74978,-11.96859],[-76.75004,-11.96867],[-76.75026,-11.9687],[-76.75044,-11.96873],[-76.75058,-11.96871],[-76.75073,-11.9687],[-76.75096,-11.96869],[-76.7512,-11.96876],[-76.75142,-11.96885],[-76.75159,-11.96897],[-76.75175,-11.96909],[-76.75192,-11.96919],[-76.75212,-11.96935],[-76.75239,-11.96949],[-76.75263,-11.96958],[-76.75308,-11.96987],[-76.75343,-11.96998],[-76.75383,-11.97001],[-76.75415,-11.97017],[-76.75465,-11.97052],[-76.75522,-11.9707],[-76.75562,-11.9708],[-76.75596,-11.97089],[-76.75619,-11.97094],[-76.75666,-11.97106],[-76.75698,-11.97113],[-76.7573,-11.97119],[-76.75766,-11.97126],[-76.75809,-11.97135],[-76.7584,-11.97141],[-76.7587,-11.97138],[-76.75906,-11.97134],[-76.75928,-11.97132],[-76.75943,-11.97131],[-76.75962,-11.97129],[-76.75983,-11.97128],[-76.76012,-11.97115],[-76.76048,-11.97101],[-76.76067,-11.97091],[-76.76082,-11.97087],[-76.76094,-11.97082],[-76.76116,-11.97064],[-76.76145,-11.97062],[-76.7617,-11.97062],[-76.76199,-11.97069],[-76.7622,-11.97082],[-76.76236,-11.97099],[-76.76256,-11.97116],[-76.7629,-11.97121],[-76.76313,-11.97127],[-76.76332,-11.97137],[-76.76357,-11.97156],[-76.76381,-11.97169],[-76.76423,-11.97195],[-76.76462,-11.97218],[-76.76499,-11.97244],[-76.7653,-11.9726],[-76.76575,-11.97266],[-76.76611,-11.9726],[-76.76641,-11.97265],[-76.76677,-11.97259],[-76.76712,-11.97259],[-76.7673,-11.97262],[-76.76749,-11.97269],[-76.76778,-11.97275],[-76.76814,-11.97291],[-76.76864,-11.97313],[-76.76891,-11.97326],[-76.76916,-11.97345],[-76.76934,-11.97365],[-76.7696,-11.97374],[-76.76989,-11.97398],[-76.77025,-11.97414],[-76.77048,-11.97419],[-76.77089,-11.97426],[-76.77133,-11.9743],[-76.77187,-11.97441],[-76.77219,-11.9744],[-76.77251,-11.97435],[-76.77295,-11.9743],[-76.77331,-11.97427],[-76.77364,-11.97426],[-76.77386,-11.97428],[-76.77433,-11.97438],[-76.77466,-11.97442],[-76.77488,-11.97464],[-76.77517,-11.97482],[-76.77558,-11.97508],[-76.77589,-11.97507],[-76.77621,-11.97509],[-76.77639,-11.97509],[-76.7766,-11.97511],[-76.77685,-11.97512],[-76.77718,-11.97516],[-76.77754,-11.97516],[-76.77795,-11.97515],[-76.77857,-11.97524],[-76.77884,-11.97514],[-76.77932,-11.97515],[-76.77966,-11.97515],[-76.78001,-11.97515],[-76.78044,-11.97522],[-76.78114,-11.97554],[-76.7816,-11.97572],[-76.78205,-11.976],[-76.78247,-11.9762],[-76.78271,-11.97648],[-76.78315,-11.97668],[-76.78366,-11.97691],[-76.78427,-11.9772],[-76.78517,-11.97748],[-76.78642,-11.97764],[-76.78699,-11.97769],[-76.78789,-11.97796],[-76.78862,-11.978],[-76.78915,-11.97798],[-76.79072,-11.97822],[-76.79171,-11.97847],[-76.79245,-11.97884],[-76.79288,-11.97876],[-76.79329,-11.97871],[-76.79351,-11.97877],[-76.7942,-11.97879],[-76.79491,-11.97888],[-76.79522,-11.9791],[-76.79574,-11.97934],[-76.79616,-11.97966],[-76.79663,-11.97987],[-76.79706,-11.98007],[-76.79748,-11.98025],[-76.79773,-11.98037],[-76.79812,-11.98064],[-76.79885,-11.9809],[-76.79925,-11.98111],[-76.79971,-11.98135],[-76.80007,-11.98142],[-76.80074,-11.98172],[-76.80133,-11.98185],[-76.80211,-11.98209],[-76.8025,-11.98215],[-76.80294,-11.98221],[-76.8035,-11.98239],[-76.80384,-11.98246],[-76.80435,-11.98263],[-76.80464,-11.98261],[-76.80501,-11.98274],[-76.80531,-11.98284],[-76.80573,-11.98299],[-76.80628,-11.98318],[-76.80685,-11.98324],[-76.80716,-11.98332],[-76.80756,-11.9834],[-76.80793,-11.98346],[-76.80816,-11.98348],[-76.80845,-11.98349],[-76.80883,-11.98352],[-76.80919,-11.98356],[-76.80954,-11.98356],[-76.81007,-11.9835],[-76.8104,-11.98349],[-76.81081,-11.98349],[-76.81114,-11.98365],[-76.8117,-11.98354],[-76.8121,-11.98355],[-76.81268,-11.98355],[-76.81301,-11.9836],[-76.81325,-11.9836],[-76.81359,-11.98363],[-76.81396,-11.98367],[-76.81422,-11.98376],[-76.8144,-11.98388],[-76.81467,-11.9839],[-76.81518,-11.98394],[-76.81555,-11.98405],[-76.81611,-11.98421],[-76.81667,-11.98437],[-76.81726,-11.98456],[-76.81781,-11.98475],[-76.8184,-11.98496],[-76.81884,-11.98501],[-76.81915,-11.98519],[-76.81943,-11.98533],[-76.81981,-11.98544],[-76.82013,-11.98554],[-76.82055,-11.98581],[-76.82109,-11.98613],[-76.82159,-11.98646],[-76.82215,-11.98678],[-76.82278,-11.98706],[-76.82329,-11.98727],[-76.82371,-11.98755],[-76.82425,-11.9877],[-76.82468,-11.98787],[-76.82509,-11.98796],[-76.82532,-11.98799],[-76.82571,-11.98818],[-76.82629,-11.98828],[-76.82644,-11.98828],[-76.82669,-11.98824],[-76.82687,-11.9883],[-76.82709,-11.98847],[-76.82727,-11.98857],[-76.82735,-11.98858],[-76.82772,-11.98859],[-76.8279,-11.98865],[-76.82819,-11.98874],[-76.82862,-11.98878],[-76.82913,-11.98884],[-76.82952,-11.98882],[-76.82989,-11.989],[-76.8303,-11.98934],[-76.83054,-11.98969],[-76.83077,-11.98993],[-76.83128,-11.99012],[-76.83173,-11.99028],[-76.83212,-11.99034],[-76.83225,-11.99039],[-76.83471,-11.99125],[-76.83721,-11.99259],[-76.83682,-11.99363],[-76.83533,-11.99592],[-76.83508,-11.99627],[-76.83467,-11.99629],[-76.83359,-11.9957],[-76.83243,-11.99517],[-76.8324,-11.99518],[-76.83202,-11.99527],[-76.83194,-11.99526],[-76.83164,-11.9958],[-76.83127,-11.99603],[-76.82882,-11.99684],[-76.82778,-11.99719],[-76.82759,-11.99725],[-76.82614,-11.99784],[-76.82358,-11.99877],[-76.82269,-11.99932],[-76.82187,-11.99998],[-76.82132,-12.00056],[-76.82078,-12.00089],[-76.81977,-12.00113],[-76.8191,-12.00117],[-76.81688,-12.00133],[-76.8147,-12.00206],[-76.81335,-12.00238],[-76.81181,-12.00216],[-76.81039,-12.00125],[-76.80875,-12.00012],[-76.80663,-11.99899],[-76.80516,-11.99847],[-76.80344,-11.99875],[-76.80334,-11.99877],[-76.80199,-12.00016],[-76.80078,-12.0014],[-76.79873,-12.00304],[-76.79738,-12.00301],[-76.79581,-12.00301],[-76.79468,-12.00307],[-76.79395,-12.00311],[-76.79183,-12.00348],[-76.79051,-12.00348],[-76.78927,-12.00396],[-76.78796,-12.0048],[-76.78653,-12.00593],[-76.78536,-12.00721],[-76.78456,-12.00925],[-76.7843,-12.01119],[-76.78427,-12.01232],[-76.7839,-12.01503],[-76.78383,-12.01824],[-76.78328,-12.01959],[-76.78288,-12.02131],[-76.78286,-12.02325],[-76.77984,-12.02231],[-76.77741,-12.02176],[-76.7772,-12.02171],[-76.77582,-12.02146],[-76.7748,-12.02127],[-76.769,-12.02064],[-76.76582,-12.02001],[-76.7622,-12.01875],[-76.76078,-12.01852],[-76.76049,-12.01847],[-76.75761,-12.01757],[-76.75498,-12.01727],[-76.754,-12.01684],[-76.7529,-12.01636],[-76.75129,-12.01522],[-76.75022,-12.01387],[-76.74953,-12.01179],[-76.7488,-12.01002],[-76.74685,-12.00646],[-76.74518,-12.00508],[-76.74329,-12.00382],[-76.74271,-12.00345],[-76.7419,-12.00293],[-76.74014,-12.00268],[-76.73794,-12.0022],[-76.73702,-12.00164],[-76.73611,-12.00108],[-76.735,-12.00038],[-76.73468,-12.00027],[-76.73381,-11.99997],[-76.73258,-11.99997],[-76.72948,-11.99943],[-76.72596,-11.99994],[-76.72404,-11.99957],[-76.72234,-11.99959],[-76.72036,-11.99806],[-76.71851,-11.99504],[-76.71766,-11.9931],[-76.71649,-11.99268],[-76.71479,-11.99236]]]}},{"type":"Feature","properties":{"id":"150108","name":"Chorrillos"},"geometry":{"type":"Polygon","coordinates":[[[-77.01604,-12.15563],[-77.01679,-12.15521],[-77.01926,-12.15387],[-77.01946,-12.15405],[-77.01949,-12.15432],[-77.01949,-12.1544],[-77.01953,-12.15472],[-77.01954,-12.15475],[-77.01991,-12.15497],[-77.0229,-12.15627],[-77.02431,-12.15682],[-77.02503,-12.15704],[-77.02631,-12.15731],[-77.02629,-12.15764],[-77.0263,-12.15784],[-77.02626,-12.15797],[-77.02623,-12.15807],[-77.02622,-12.15815],[-77.02621,-12.15826],[-77.02622,-12.1584],[-77.02623,-12.15852],[-77.02626,-12.15864],[-77.02633,-12.15882],[-77.02644,-12.15887],[-77.02659,-12.15891],[-77.02664,-12.15894],[-77.02676,-12.15898],[-77.02682,-12.15902],[-77.02704,-12.15914],[-77.02768,-12.15922],[-77.02759,-12.15926],[-77.0275,-12.15935],[-77.02745,-12.15943],[-77.02743,-12.1595],[-77.02741,-12.15958],[-77.02741,-12.15968],[-77.02743,-12.15979],[-77.02743,-12.15987],[-77.02741,-12.15998],[-77.02737,-12.16011],[-77.02734,-12.16022],[-77.02731,-12.16033],[-77.02729,-12.16039],[-77.02726,-12.16047],[-77.02723,-12.16054],[-77.02718,-12.16062],[-77.02714,-12.16072],[-77.0271,-12.16082],[-77.02708,-12.1609],[-77.02706,-12.16097],[-77.02703,-12.16107],[-77.02702,-12.16113],[-77.02702,-12.16121],[-77.02701,-12.1613],[-77.02699,-12.16149],[-77.02697,-12.1617],[-77.02694,-12.1619],[-77.02693,-12.16197],[-77.02691,-12.16219],[-77.02691,-12.16233],[-77.02694,-12.16273],[-77.02697,-12.16296],[-77.02701,-12.16317],[-77.02703,-12.16336],[-77.02706,-12.16348],[-77.02709,-12.16362],[-77.02721,-12.16406],[-77.0273,-12.16438],[-77.02735,-12.16458],[-77.02744,-12.16477],[-77.02749,-12.16486],[-77.02752,-12.16496],[-77.02759,-12.16508],[-77.02769,-12.16521],[-77.02787,-12.16546],[-77.02791,-12.16551],[-77.02798,-12.16558],[-77.02804,-12.16562],[-77.02817,-12.16571],[-77.0283,-12.16578],[-77.02842,-12.16585],[-77.02855,-12.16592],[-77.02865,-12.16598],[-77.02878,-12.16603],[-77.02885,-12.16605],[-77.02899,-12.16607],[-77.02907,-12.16603],[-77.02922,-12.1658],[-77.02955,-12.16597],[-77.02965,-12.16572],[-77.02971,-12.16516],[-77.02977,-12.16517],[-77.02977,-12.16542],[-77.02988,-12.16548],[-77.02997,-12.16553],[-77.03005,-12.16557],[-77.03014,-12.16561],[-77.03024,-12.16565],[-77.03035,-12.1657],[-77.03044,-12.16572],[-77.03051,-12.16574],[-77.03064,-12.16578],[-77.03071,-12.16581],[-77.03082,-12.16583],[-77.03091,-12.16582],[-77.03107,-12.16551],[-77.03116,-12.16534],[-77.0314,-12.1649],[-77.03173,-12.16431],[-77.03181,-12.16437],[-77.03158,-12.16479],[-77.03147,-12.16499],[-77.03144,-12.16504],[-77.03133,-12.16524],[-77.03128,-12.16533],[-77.03133,-12.16539],[-77.03139,-12.16545],[-77.03145,-12.1655],[-77.03149,-12.16554],[-77.03165,-12.16566],[-77.03174,-12.16572],[-77.03184,-12.16577],[-77.03195,-12.16581],[-77.03204,-12.16584],[-77.03212,-12.16586],[-77.03216,-12.1658],[-77.03235,-12.16552],[-77.03241,-12.16542],[-77.03282,-12.16521],[-77.0329,-12.16515],[-77.03302,-12.16505],[-77.03311,-12.16496],[-77.03315,-12.16503],[-77.03307,-12.16515],[-77.03314,-12.1652],[-77.03317,-12.16526],[-77.03319,-12.16532],[-77.03323,-12.16537],[-77.03328,-12.16542],[-77.03331,-12.16549],[-77.03341,-12.16558],[-77.03352,-12.1657],[-77.03364,-12.16553],[-77.03423,-12.16541],[-77.03454,-12.16528],[-77.03551,-12.16529],[-77.03611,-12.1653],[-77.03609,-12.16544],[-77.03509,-12.16543],[-77.03506,-12.16555],[-77.03505,-12.16571],[-77.03505,-12.16587],[-77.03505,-12.16594],[-77.03507,-12.16608],[-77.03507,-12.16618],[-77.03508,-12.16632],[-77.03508,-12.1664],[-77.0351,-12.16652],[-77.03537,-12.16647],[-77.0354,-12.16656],[-77.03546,-12.16671],[-77.0356,-12.16693],[-77.03614,-12.1671],[-77.03621,-12.16711],[-77.03627,-12.1672],[-77.03635,-12.1673],[-77.03644,-12.16739],[-77.03655,-12.16745],[-77.03663,-12.16745],[-77.03671,-12.16747],[-77.03693,-12.16751],[-77.03709,-12.16753],[-77.03721,-12.16752],[-77.03742,-12.16749],[-77.03753,-12.16748],[-77.03762,-12.1675],[-77.03771,-12.16755],[-77.03779,-12.16758],[-77.03787,-12.1676],[-77.03799,-12.16758],[-77.03805,-12.1676],[-77.03809,-12.16763],[-77.03809,-12.1677],[-77.03803,-12.1678],[-77.03806,-12.16792],[-77.03805,-12.16798],[-77.03801,-12.16807],[-77.03805,-12.16813],[-77.03822,-12.16819],[-77.0383,-12.16829],[-77.03835,-12.16835],[-77.0384,-12.16842],[-77.03838,-12.1685],[-77.03833,-12.16852],[-77.03826,-12.16851],[-77.03818,-12.16848],[-77.03813,-12.16845],[-77.03801,-12.16844],[-77.03803,-12.1685],[-77.03819,-12.16858],[-77.03826,-12.16861],[-77.03833,-12.16865],[-77.03834,-12.16871],[-77.03824,-12.16879],[-77.03815,-12.16871],[-77.03809,-12.16872],[-77.03814,-12.16879],[-77.0381,-12.16883],[-77.03789,-12.16883],[-77.03783,-12.16877],[-77.03778,-12.16873],[-77.03772,-12.16875],[-77.0377,-12.16882],[-77.03769,-12.16893],[-77.03768,-12.16899],[-77.03762,-12.16906],[-77.03754,-12.1691],[-77.03746,-12.16913],[-77.0374,-12.16913],[-77.03736,-12.16917],[-77.0374,-12.16923],[-77.03742,-12.16931],[-77.03744,-12.16939],[-77.03739,-12.16943],[-77.03733,-12.16942],[-77.03727,-12.16943],[-77.0372,-12.16943],[-77.03713,-12.1694],[-77.03707,-12.1694],[-77.0371,-12.16947],[-77.03706,-12.16952],[-77.037,-12.16951],[-77.03695,-12.16948],[-77.03685,-12.16945],[-77.03679,-12.16945],[-77.03674,-12.16948],[-77.03678,-12.16951],[-77.03684,-12.16953],[-77.0369,-12.16958],[-77.03681,-12.16967],[-77.03675,-12.1697],[-77.03669,-12.16968],[-77.03662,-12.16963],[-77.03656,-12.16971],[-77.03651,-12.16981],[-77.03646,-12.16989],[-77.03643,-12.16998],[-77.03638,-12.17002],[-77.03632,-12.17006],[-77.03626,-12.17007],[-77.03622,-12.17011],[-77.03618,-12.17023],[-77.03618,-12.17029],[-77.03622,-12.17034],[-77.03632,-12.17038],[-77.03637,-12.17042],[-77.03643,-12.17045],[-77.03647,-12.17049],[-77.03643,-12.17068],[-77.03638,-12.17089],[-77.03637,-12.17094],[-77.03638,-12.17104],[-77.03638,-12.17113],[-77.0363,-12.17111],[-77.03625,-12.17106],[-77.03613,-12.17107],[-77.03607,-12.17105],[-77.03599,-12.17095],[-77.0359,-12.17091],[-77.03585,-12.17094],[-77.0358,-12.17097],[-77.03575,-12.17103],[-77.03571,-12.17107],[-77.03564,-12.17113],[-77.03557,-12.17117],[-77.03548,-12.1712],[-77.03539,-12.1712],[-77.03527,-12.17129],[-77.03514,-12.1715],[-77.03511,-12.17159],[-77.03503,-12.17189],[-77.03501,-12.17195],[-77.03494,-12.17206],[-77.03489,-12.17212],[-77.03485,-12.17227],[-77.03519,-12.17267],[-77.03505,-12.17286],[-77.03462,-12.17279],[-77.03451,-12.1729],[-77.03448,-12.17296],[-77.03437,-12.17323],[-77.03434,-12.17338],[-77.03429,-12.17353],[-77.03423,-12.17366],[-77.03416,-12.17377],[-77.03401,-12.17405],[-77.03387,-12.17429],[-77.03378,-12.17443],[-77.03369,-12.17475],[-77.03369,-12.17507],[-77.03362,-12.17529],[-77.03357,-12.17545],[-77.03347,-12.17628],[-77.03347,-12.17658],[-77.03349,-12.17676],[-77.03361,-12.17699],[-77.03362,-12.17706],[-77.03364,-12.17715],[-77.03364,-12.1773],[-77.03366,-12.17756],[-77.03374,-12.17779],[-77.03381,-12.17816],[-77.03385,-12.17821],[-77.03394,-12.17829],[-77.03416,-12.17843],[-77.03429,-12.17857],[-77.03444,-12.17875],[-77.03456,-12.17883],[-77.03479,-12.17892],[-77.0349,-12.17894],[-77.03495,-12.17898],[-77.03505,-12.17912],[-77.03508,-12.17919],[-77.03524,-12.17941],[-77.03532,-12.17949],[-77.03541,-12.17955],[-77.03558,-12.1797],[-77.0357,-12.17977],[-77.03579,-12.17982],[-77.03604,-12.17987],[-77.03621,-12.18002],[-77.03625,-12.18007],[-77.03634,-12.18013],[-77.03643,-12.18015],[-77.03669,-12.18028],[-77.0368,-12.18034],[-77.03698,-12.18038],[-77.03724,-12.18049],[-77.03743,-12.18053],[-77.03763,-12.18055],[-77.03782,-12.18065],[-77.03796,-12.18075],[-77.03812,-12.18082],[-77.03829,-12.18088],[-77.03848,-12.18096],[-77.03861,-12.18105],[-77.03881,-12.18117],[-77.03902,-12.18118],[-77.0391,-12.18123],[-77.03917,-12.18132],[-77.03922,-12.18137],[-77.03927,-12.18142],[-77.03929,-12.18154],[-77.03935,-12.18167],[-77.0394,-12.18184],[-77.03944,-12.18191],[-77.03947,-12.18198],[-77.0395,-12.18207],[-77.03955,-12.18214],[-77.03954,-12.18222],[-77.03947,-12.18239],[-77.0394,-12.18262],[-77.03938,-12.18274],[-77.03932,-12.1829],[-77.03923,-12.18315],[-77.03918,-12.18337],[-77.03918,-12.18354],[-77.03919,-12.18368],[-77.03918,-12.18377],[-77.03914,-12.18399],[-77.03913,-12.18417],[-77.03901,-12.18434],[-77.03899,-12.18445],[-77.03897,-12.1846],[-77.03896,-12.18469],[-77.03889,-12.18491],[-77.03882,-12.18513],[-77.03879,-12.18531],[-77.03877,-12.18548],[-77.03879,-12.18555],[-77.03888,-12.18563],[-77.03892,-12.18571],[-77.03892,-12.18578],[-77.03888,-12.18587],[-77.03883,-12.18596],[-77.03879,-12.18606],[-77.03878,-12.18613],[-77.03876,-12.18629],[-77.03878,-12.18639],[-77.03882,-12.18649],[-77.03888,-12.18656],[-77.03895,-12.18662],[-77.039,-12.18667],[-77.0391,-12.18672],[-77.03919,-12.18679],[-77.03926,-12.18688],[-77.03929,-12.18695],[-77.03931,-12.18705],[-77.03936,-12.18712],[-77.03942,-12.18718],[-77.0395,-12.18729],[-77.03952,-12.18737],[-77.03952,-12.18753],[-77.0395,-12.18764],[-77.03947,-12.18782],[-77.03946,-12.18795],[-77.03946,-12.1881],[-77.03943,-12.18817],[-77.03939,-12.18823],[-77.03929,-12.18828],[-77.03912,-12.18836],[-77.03901,-12.18844],[-77.03894,-12.18854],[-77.03892,-12.1886],[-77.03882,-12.18889],[-77.03879,-12.18898],[-77.03878,-12.18914],[-77.03877,-12.1892],[-77.03873,-12.18926],[-77.03863,-12.18937],[-77.03857,-12.18945],[-77.03851,-12.18957],[-77.03848,-12.1897],[-77.03846,-12.18983],[-77.03846,-12.19004],[-77.0385,-12.19023],[-77.0386,-12.19033],[-77.03863,-12.19043],[-77.03863,-12.19057],[-77.03866,-12.19081],[-77.03871,-12.19091],[-77.03874,-12.19095],[-77.03884,-12.191],[-77.03895,-12.19106],[-77.03902,-12.19114],[-77.03907,-12.19127],[-77.03914,-12.19138],[-77.03916,-12.19153],[-77.03918,-12.19161],[-77.03924,-12.19164],[-77.03929,-12.19171],[-77.03933,-12.19189],[-77.03938,-12.19201],[-77.0394,-12.19211],[-77.0394,-12.19222],[-77.03938,-12.19232],[-77.03944,-12.19238],[-77.03952,-12.19238],[-77.03962,-12.19244],[-77.03968,-12.19254],[-77.03977,-12.19263],[-77.03981,-12.19271],[-77.0398,-12.19282],[-77.0398,-12.19292],[-77.03983,-12.19303],[-77.03984,-12.1931],[-77.03979,-12.19318],[-77.03971,-12.19327],[-77.03961,-12.1933],[-77.03966,-12.19335],[-77.03971,-12.1934],[-77.03972,-12.19347],[-77.03971,-12.19353],[-77.03963,-12.19358],[-77.03955,-12.19361],[-77.03947,-12.19362],[-77.03937,-12.1936],[-77.03933,-12.19353],[-77.03928,-12.19343],[-77.03921,-12.1934],[-77.03913,-12.19343],[-77.03912,-12.19349],[-77.03908,-12.19354],[-77.03902,-12.19352],[-77.03895,-12.19352],[-77.03884,-12.19357],[-77.0387,-12.19371],[-77.03857,-12.19381],[-77.03844,-12.19399],[-77.03818,-12.19424],[-77.03793,-12.19451],[-77.0378,-12.19467],[-77.03765,-12.19481],[-77.0374,-12.19505],[-77.03708,-12.19543],[-77.037,-12.19553],[-77.03681,-12.19571],[-77.03653,-12.196],[-77.03649,-12.19606],[-77.03626,-12.19627],[-77.03616,-12.19636],[-77.03604,-12.19648],[-77.03599,-12.19655],[-77.03587,-12.19668],[-77.03574,-12.19681],[-77.03571,-12.19687],[-77.03561,-12.197],[-77.03548,-12.19721],[-77.03534,-12.19742],[-77.03519,-12.19769],[-77.03509,-12.19787],[-77.03496,-12.19812],[-77.0348,-12.19829],[-77.03465,-12.19853],[-77.03448,-12.19895],[-77.03436,-12.19923],[-77.03429,-12.19945],[-77.03419,-12.19969],[-77.03416,-12.19987],[-77.0341,-12.20016],[-77.03406,-12.20051],[-77.03412,-12.20073],[-77.03414,-12.20096],[-77.03417,-12.20101],[-77.03422,-12.20104],[-77.03431,-12.20108],[-77.03441,-12.20117],[-77.03441,-12.20126],[-77.03431,-12.2014],[-77.03416,-12.2015],[-77.03415,-12.20155],[-77.03422,-12.20155],[-77.03434,-12.20151],[-77.03441,-12.20151],[-77.03447,-12.20154],[-77.03449,-12.2016],[-77.03449,-12.20167],[-77.03447,-12.20178],[-77.03446,-12.20184],[-77.03457,-12.20187],[-77.03462,-12.20193],[-77.0347,-12.20196],[-77.03487,-12.20193],[-77.03494,-12.20195],[-77.03506,-12.20195],[-77.03511,-12.20197],[-77.03517,-12.20197],[-77.03522,-12.20201],[-77.03529,-12.20212],[-77.03537,-12.20217],[-77.03542,-12.20222],[-77.03544,-12.2023],[-77.03548,-12.20236],[-77.03554,-12.20233],[-77.03559,-12.20229],[-77.03565,-12.20229],[-77.03571,-12.20232],[-77.03579,-12.20224],[-77.0359,-12.20225],[-77.03604,-12.20231],[-77.03617,-12.2024],[-77.03625,-12.20248],[-77.03632,-12.20258],[-77.03638,-12.2027],[-77.03642,-12.2028],[-77.03644,-12.20289],[-77.03643,-12.20296],[-77.03636,-12.203],[-77.03628,-12.20303],[-77.03621,-12.20311],[-77.0362,-12.20316],[-77.03626,-12.20319],[-77.03636,-12.20315],[-77.03647,-12.20308],[-77.03655,-12.20304],[-77.03662,-12.20308],[-77.03668,-12.20314],[-77.03668,-12.20321],[-77.03665,-12.20333],[-77.03666,-12.20339],[-77.03671,-12.20348],[-77.03676,-12.20352],[-77.0368,-12.20357],[-77.03689,-12.20361],[-77.03697,-12.20361],[-77.03707,-12.20357],[-77.03714,-12.20355],[-77.0372,-12.20356],[-77.03727,-12.20362],[-77.03734,-12.20372],[-77.03742,-12.20383],[-77.03749,-12.20389],[-77.0376,-12.20398],[-77.03766,-12.20403],[-77.03771,-12.20408],[-77.03776,-12.20416],[-77.03779,-12.20425],[-77.03782,-12.20433],[-77.03791,-12.20441],[-77.03796,-12.20445],[-77.03799,-12.20454],[-77.03802,-12.20462],[-77.03801,-12.20469],[-77.03802,-12.20476],[-77.03796,-12.20481],[-77.03787,-12.20475],[-77.03782,-12.20464],[-77.03778,-12.20457],[-77.03769,-12.20446],[-77.03759,-12.20439],[-77.03746,-12.20433],[-77.03737,-12.2043],[-77.03736,-12.20446],[-77.0374,-12.20456],[-77.03746,-12.20465],[-77.03754,-12.20473],[-77.0376,-12.20476],[-77.03769,-12.20488],[-77.03776,-12.20499],[-77.03781,-12.20509],[-77.03788,-12.2053],[-77.03788,-12.20546],[-77.03789,-12.20553],[-77.03788,-12.20559],[-77.03784,-12.20565],[-77.03773,-12.20566],[-77.03765,-12.20564],[-77.03753,-12.20559],[-77.03747,-12.20556],[-77.03741,-12.20557],[-77.03731,-12.20564],[-77.03725,-12.20571],[-77.0372,-12.2058],[-77.03712,-12.20591],[-77.0371,-12.20602],[-77.03706,-12.20614],[-77.03702,-12.20624],[-77.03697,-12.20632],[-77.03691,-12.20636],[-77.0368,-12.20638],[-77.0367,-12.20638],[-77.03655,-12.20637],[-77.03646,-12.20639],[-77.03636,-12.20633],[-77.03631,-12.2063],[-77.03624,-12.20629],[-77.03613,-12.20633],[-77.03603,-12.20631],[-77.03594,-12.20633],[-77.03584,-12.20639],[-77.03576,-12.20639],[-77.03571,-12.20635],[-77.03567,-12.20622],[-77.03561,-12.20615],[-77.03552,-12.20606],[-77.03543,-12.20599],[-77.03537,-12.20601],[-77.03535,-12.20606],[-77.03536,-12.20613],[-77.03542,-12.20624],[-77.03546,-12.20636],[-77.03551,-12.2065],[-77.03556,-12.2066],[-77.03555,-12.20671],[-77.03543,-12.20676],[-77.03535,-12.20674],[-77.03526,-12.20662],[-77.03524,-12.20656],[-77.03517,-12.20651],[-77.03512,-12.20662],[-77.03503,-12.20669],[-77.03508,-12.20684],[-77.03508,-12.20707],[-77.03511,-12.20714],[-77.03507,-12.20723],[-77.035,-12.20728],[-77.03494,-12.20728],[-77.03487,-12.20725],[-77.0348,-12.20716],[-77.03476,-12.20711],[-77.03474,-12.20705],[-77.03464,-12.20697],[-77.03459,-12.20695],[-77.03458,-12.20703],[-77.03463,-12.20712],[-77.03471,-12.20719],[-77.03473,-12.20724],[-77.0347,-12.20733],[-77.03458,-12.20741],[-77.03446,-12.2074],[-77.03438,-12.20736],[-77.03431,-12.2073],[-77.03424,-12.20712],[-77.03416,-12.20701],[-77.03413,-12.20696],[-77.03408,-12.20686],[-77.03402,-12.20681],[-77.03397,-12.20682],[-77.03398,-12.20688],[-77.03405,-12.20695],[-77.03409,-12.2071],[-77.03403,-12.20717],[-77.03396,-12.20714],[-77.03384,-12.20695],[-77.03376,-12.20671],[-77.03375,-12.2066],[-77.0337,-12.20651],[-77.03362,-12.2065],[-77.03358,-12.20654],[-77.03352,-12.20647],[-77.03349,-12.20654],[-77.03344,-12.20661],[-77.03338,-12.20661],[-77.03336,-12.20656],[-77.03335,-12.20649],[-77.0333,-12.20644],[-77.03322,-12.20649],[-77.03315,-12.20653],[-77.03287,-12.20652],[-77.03278,-12.20658],[-77.03264,-12.20666],[-77.03255,-12.20669],[-77.03224,-12.20679],[-77.03198,-12.20695],[-77.03182,-12.20704],[-77.03158,-12.20715],[-77.03139,-12.2072],[-77.03123,-12.20728],[-77.03104,-12.20739],[-77.03084,-12.20744],[-77.03079,-12.20745],[-77.03064,-12.20749],[-77.03037,-12.20758],[-77.03032,-12.20764],[-77.03008,-12.20771],[-77.02982,-12.20771],[-77.02963,-12.20782],[-77.02948,-12.20783],[-77.02942,-12.20785],[-77.02934,-12.20793],[-77.02923,-12.20799],[-77.02907,-12.20799],[-77.02895,-12.20804],[-77.02881,-12.20815],[-77.02867,-12.20816],[-77.02852,-12.20825],[-77.02847,-12.2083],[-77.02837,-12.20835],[-77.02815,-12.20836],[-77.02801,-12.20846],[-77.02785,-12.20854],[-77.02766,-12.20859],[-77.02758,-12.20865],[-77.02752,-12.20873],[-77.02745,-12.20877],[-77.02734,-12.2088],[-77.02715,-12.20878],[-77.02708,-12.2088],[-77.02697,-12.20886],[-77.02685,-12.20888],[-77.02676,-12.20892],[-77.02671,-12.20896],[-77.02666,-12.209],[-77.0266,-12.20904],[-77.0265,-12.20908],[-77.02639,-12.20911],[-77.02627,-12.20913],[-77.0262,-12.20919],[-77.02612,-12.20924],[-77.02604,-12.20927],[-77.02592,-12.20927],[-77.02583,-12.2093],[-77.02578,-12.20935],[-77.02574,-12.20939],[-77.02568,-12.20942],[-77.0256,-12.20943],[-77.02537,-12.20947],[-77.02527,-12.20954],[-77.0252,-12.2096],[-77.02513,-12.20963],[-77.02506,-12.20964],[-77.02496,-12.20965],[-77.02489,-12.2097],[-77.02482,-12.20977],[-77.02472,-12.20981],[-77.02467,-12.20982],[-77.02459,-12.20982],[-77.02449,-12.20984],[-77.0244,-12.20991],[-77.02434,-12.20997],[-77.02428,-12.21],[-77.0242,-12.21001],[-77.02412,-12.21001],[-77.02404,-12.21003],[-77.02397,-12.21008],[-77.02388,-12.21019],[-77.02377,-12.21023],[-77.02367,-12.21025],[-77.02354,-12.21027],[-77.02349,-12.21031],[-77.02343,-12.21035],[-77.02336,-12.21034],[-77.02331,-12.21035],[-77.02318,-12.2104],[-77.02314,-12.21045],[-77.02307,-12.2105],[-77.023,-12.21051],[-77.02284,-12.21054],[-77.02278,-12.21057],[-77.02269,-12.21067],[-77.02258,-12.21069],[-77.02247,-12.21069],[-77.02238,-12.21072],[-77.02232,-12.21081],[-77.02225,-12.21085],[-77.02217,-12.21087],[-77.02212,-12.21089],[-77.02204,-12.2109],[-77.02199,-12.21092],[-77.02193,-12.21098],[-77.02185,-12.21103],[-77.02175,-12.21105],[-77.02166,-12.21106],[-77.02157,-12.21109],[-77.02151,-12.21112],[-77.02139,-12.21118],[-77.02124,-12.21122],[-77.02113,-12.21123],[-77.02109,-12.21127],[-77.02104,-12.21132],[-77.02099,-12.21136],[-77.02092,-12.21138],[-77.0208,-12.21141],[-77.02072,-12.21147],[-77.02065,-12.2115],[-77.02056,-12.21155],[-77.02047,-12.2116],[-77.02038,-12.21164],[-77.02032,-12.21166],[-77.02025,-12.2117],[-77.02016,-12.21172],[-77.0201,-12.21173],[-77.02005,-12.21178],[-77.01998,-12.21183],[-77.01993,-12.21187],[-77.01986,-12.2119],[-77.01977,-12.21192],[-77.01968,-12.21194],[-77.01957,-12.21195],[-77.01952,-12.21197],[-77.01945,-12.21203],[-77.01934,-12.21209],[-77.01926,-12.21211],[-77.01921,-12.21212],[-77.01912,-12.21215],[-77.01903,-12.21218],[-77.01896,-12.21222],[-77.0189,-12.21227],[-77.01881,-12.21229],[-77.01874,-12.21231],[-77.01868,-12.21235],[-77.01859,-12.21244],[-77.01846,-12.21249],[-77.01837,-12.21251],[-77.01826,-12.21253],[-77.01818,-12.21259],[-77.01812,-12.21263],[-77.01804,-12.21264],[-77.01794,-12.21265],[-77.01783,-12.21269],[-77.01771,-12.21276],[-77.01765,-12.21279],[-77.01755,-12.21283],[-77.01744,-12.21288],[-77.01736,-12.21289],[-77.01728,-12.21291],[-77.01716,-12.21295],[-77.01712,-12.21299],[-77.01707,-12.21305],[-77.017,-12.21307],[-77.01694,-12.21307],[-77.01688,-12.21308],[-77.01681,-12.21312],[-77.0167,-12.21321],[-77.01657,-12.21325],[-77.0165,-12.21327],[-77.01643,-12.2133],[-77.01633,-12.21333],[-77.01623,-12.2134],[-77.01612,-12.21346],[-77.01604,-12.21349],[-77.01597,-12.2135],[-77.01589,-12.21352],[-77.01577,-12.21355],[-77.01567,-12.21363],[-77.01562,-12.21367],[-77.01552,-12.21372],[-77.01544,-12.21374],[-77.01537,-12.21376],[-77.01528,-12.21376],[-77.01521,-12.21379],[-77.01516,-12.21383],[-77.0151,-12.21388],[-77.01504,-12.21392],[-77.01495,-12.21395],[-77.01488,-12.21395],[-77.01481,-12.21398],[-77.01477,-12.21404],[-77.0147,-12.21409],[-77.01463,-12.21411],[-77.01447,-12.21412],[-77.01442,-12.21414],[-77.01436,-12.21419],[-77.01432,-12.21422],[-77.01427,-12.21427],[-77.01421,-12.21431],[-77.01411,-12.21434],[-77.01401,-12.21435],[-77.01383,-12.21439],[-77.01378,-12.21444],[-77.01373,-12.21447],[-77.01363,-12.21446],[-77.01355,-12.21452],[-77.01348,-12.21453],[-77.01342,-12.21455],[-77.01333,-12.21464],[-77.01324,-12.21467],[-77.01315,-12.21466],[-77.0131,-12.21469],[-77.01304,-12.21477],[-77.01297,-12.21482],[-77.01288,-12.21482],[-77.01277,-12.21486],[-77.01264,-12.21498],[-77.01253,-12.21499],[-77.0124,-12.21503],[-77.01233,-12.21508],[-77.01226,-12.21513],[-77.01221,-12.21516],[-77.01206,-12.21516],[-77.01197,-12.21515],[-77.01188,-12.21521],[-77.01183,-12.21528],[-77.01175,-12.21533],[-77.01169,-12.21537],[-77.01163,-12.21539],[-77.01157,-12.21541],[-77.01147,-12.21545],[-77.01139,-12.21546],[-77.01127,-12.21548],[-77.01118,-12.21554],[-77.0111,-12.21559],[-77.01104,-12.21561],[-77.01098,-12.21563],[-77.0109,-12.21566],[-77.01084,-12.21567],[-77.01078,-12.2157],[-77.01072,-12.21574],[-77.01064,-12.21581],[-77.01052,-12.21584],[-77.01045,-12.21587],[-77.01037,-12.21588],[-77.01026,-12.21592],[-77.01018,-12.21595],[-77.01011,-12.21601],[-77.01002,-12.21606],[-77.00996,-12.21609],[-77.0099,-12.21611],[-77.0098,-12.21613],[-77.00973,-12.21614],[-77.00964,-12.21621],[-77.00959,-12.21627],[-77.00953,-12.21631],[-77.00938,-12.21635],[-77.00927,-12.21636],[-77.0092,-12.2164],[-77.00915,-12.21644],[-77.00909,-12.2165],[-77.00896,-12.21655],[-77.00885,-12.21658],[-77.00878,-12.21662],[-77.00866,-12.2167],[-77.00859,-12.21675],[-77.00852,-12.21677],[-77.00843,-12.21679],[-77.00831,-12.21679],[-77.00824,-12.2168],[-77.00819,-12.21682],[-77.00813,-12.21686],[-77.00806,-12.21692],[-77.00801,-12.21695],[-77.00796,-12.21696],[-77.00779,-12.21698],[-77.00771,-12.21702],[-77.00763,-12.21708],[-77.00758,-12.21712],[-77.00751,-12.21714],[-77.00742,-12.21715],[-77.0073,-12.21716],[-77.00725,-12.2172],[-77.0072,-12.21726],[-77.00715,-12.21732],[-77.00709,-12.21735],[-77.00703,-12.21735],[-77.00695,-12.2174],[-77.00685,-12.21742],[-77.00677,-12.21743],[-77.00669,-12.21744],[-77.00662,-12.21748],[-77.00655,-12.21753],[-77.00649,-12.21757],[-77.00644,-12.2176],[-77.00637,-12.21763],[-77.00631,-12.21765],[-77.00623,-12.21766],[-77.00611,-12.2177],[-77.00604,-12.21774],[-77.00596,-12.21778],[-77.00587,-12.21783],[-77.00577,-12.21785],[-77.00569,-12.21787],[-77.0056,-12.21793],[-77.00555,-12.21797],[-77.0055,-12.21799],[-77.00543,-12.21803],[-77.00534,-12.21802],[-77.00525,-12.21803],[-77.00519,-12.21807],[-77.00512,-12.21815],[-77.00506,-12.2182],[-77.00501,-12.21821],[-77.00495,-12.21821],[-77.00489,-12.21822],[-77.00481,-12.21823],[-77.00474,-12.21829],[-77.00466,-12.21834],[-77.00458,-12.21836],[-77.00445,-12.21836],[-77.00437,-12.21839],[-77.00432,-12.21842],[-77.00427,-12.21847],[-77.00421,-12.21855],[-77.00415,-12.21858],[-77.00409,-12.21862],[-77.00402,-12.21863],[-77.00394,-12.21862],[-77.00382,-12.21864],[-77.00377,-12.21869],[-77.00373,-12.21873],[-77.0037,-12.21879],[-77.00365,-12.21883],[-77.00359,-12.21885],[-77.00345,-12.21888],[-77.00337,-12.21891],[-77.00331,-12.21894],[-77.00326,-12.21897],[-77.00309,-12.21903],[-77.00301,-12.21907],[-77.00296,-12.21911],[-77.00289,-12.21914],[-77.00282,-12.21919],[-77.00275,-12.21923],[-77.00268,-12.21927],[-77.00262,-12.21929],[-77.00255,-12.21931],[-77.00246,-12.21931],[-77.00239,-12.21933],[-77.00232,-12.2194],[-77.00227,-12.21949],[-77.00214,-12.21951],[-77.00209,-12.21944],[-77.00202,-12.21945],[-77.00194,-12.21948],[-77.00187,-12.21953],[-77.00179,-12.21959],[-77.00171,-12.21964],[-77.00163,-12.21967],[-77.00156,-12.21969],[-77.00146,-12.21971],[-77.00135,-12.21978],[-77.0013,-12.21982],[-77.00123,-12.21986],[-77.00115,-12.2199],[-77.00106,-12.21991],[-77.00098,-12.21992],[-77.00092,-12.21996],[-77.00087,-12.22001],[-77.0008,-12.22005],[-77.00067,-12.22008],[-77.00057,-12.2201],[-77.0005,-12.22012],[-77.00045,-12.22015],[-77.0004,-12.2202],[-77.00033,-12.22025],[-77.00019,-12.22029],[-77.00011,-12.22028],[-77.00004,-12.22029],[-76.99997,-12.22031],[-76.9999,-12.22036],[-76.9998,-12.22044],[-76.99973,-12.22049],[-76.99966,-12.22052],[-76.99958,-12.22053],[-76.99951,-12.22054],[-76.99943,-12.22057],[-76.99937,-12.22061],[-76.99932,-12.22065],[-76.99924,-12.22068],[-76.99915,-12.22071],[-76.99905,-12.22072],[-76.99899,-12.22073],[-76.99893,-12.22076],[-76.99887,-12.22079],[-76.9988,-12.22085],[-76.99872,-12.2209],[-76.99865,-12.22092],[-76.99857,-12.22096],[-76.99851,-12.22102],[-76.99843,-12.22107],[-76.99835,-12.22108],[-76.99819,-12.22108],[-76.99812,-12.22109],[-76.99806,-12.22111],[-76.99802,-12.22115],[-76.99798,-12.2212],[-76.99791,-12.22124],[-76.99781,-12.22127],[-76.99775,-12.22129],[-76.99765,-12.22134],[-76.99758,-12.2214],[-76.99754,-12.22144],[-76.99748,-12.22146],[-76.9974,-12.22147],[-76.9973,-12.22146],[-76.99722,-12.22148],[-76.99712,-12.22153],[-76.99707,-12.22156],[-76.99696,-12.22168],[-76.99687,-12.22174],[-76.99681,-12.22176],[-76.99673,-12.22176],[-76.99665,-12.22174],[-76.99659,-12.22178],[-76.99652,-12.22184],[-76.99639,-12.22188],[-76.99633,-12.22189],[-76.99627,-12.22191],[-76.99616,-12.22196],[-76.99609,-12.22202],[-76.996,-12.22206],[-76.99591,-12.22208],[-76.99583,-12.2221],[-76.99575,-12.22211],[-76.99566,-12.22213],[-76.99558,-12.2222],[-76.99553,-12.22225],[-76.99547,-12.22228],[-76.99539,-12.2223],[-76.99531,-12.22235],[-76.99526,-12.22238],[-76.99521,-12.22242],[-76.99515,-12.22244],[-76.99509,-12.22245],[-76.99499,-12.22246],[-76.99493,-12.22249],[-76.99487,-12.22256],[-76.99481,-12.22261],[-76.99476,-12.22264],[-76.99468,-12.22267],[-76.9945,-12.22273],[-76.99436,-12.22283],[-76.99405,-12.22297],[-76.99393,-12.223],[-76.99376,-12.22305],[-76.99363,-12.22307],[-76.99349,-12.22313],[-76.99329,-12.22321],[-76.99312,-12.22333],[-76.99268,-12.2235],[-76.99263,-12.22356],[-76.99249,-12.22362],[-76.9924,-12.22363],[-76.9923,-12.22366],[-76.99226,-12.2237],[-76.9922,-12.22373],[-76.99207,-12.22378],[-76.99198,-12.22384],[-76.99192,-12.22387],[-76.9918,-12.22389],[-76.9917,-12.22393],[-76.99163,-12.224],[-76.99156,-12.22405],[-76.99146,-12.22409],[-76.9914,-12.22411],[-76.99133,-12.22412],[-76.99117,-12.22417],[-76.99112,-12.22418],[-76.99095,-12.22423],[-76.99071,-12.22435],[-76.99061,-12.22441],[-76.99048,-12.22445],[-76.99038,-12.22447],[-76.9903,-12.22449],[-76.99023,-12.22454],[-76.9901,-12.22458],[-76.98996,-12.22464],[-76.98981,-12.22477],[-76.98965,-12.22484],[-76.9896,-12.22488],[-76.98954,-12.2249],[-76.98945,-12.22495],[-76.98934,-12.22501],[-76.98915,-12.22506],[-76.98867,-12.22528],[-76.98833,-12.22535],[-76.98823,-12.22542],[-76.98817,-12.2255],[-76.988,-12.22554],[-76.98794,-12.22553],[-76.98779,-12.22557],[-76.98754,-12.22573],[-76.98732,-12.22582],[-76.98719,-12.22593],[-76.98693,-12.22604],[-76.98643,-12.22615],[-76.98631,-12.22628],[-76.98558,-12.22652],[-76.98532,-12.22667],[-76.98495,-12.22678],[-76.98446,-12.22697],[-76.9832,-12.22765],[-76.98258,-12.22781],[-76.98215,-12.22804],[-76.98199,-12.22808],[-76.98173,-12.22814],[-76.98139,-12.22833],[-76.98094,-12.22841],[-76.98047,-12.22865],[-76.97957,-12.22917],[-76.97912,-12.22928],[-76.97885,-12.22939],[-76.97836,-12.2296],[-76.97809,-12.22979],[-76.97776,-12.22993],[-76.97759,-12.23004],[-76.97739,-12.23018],[-76.97731,-12.23019],[-76.9772,-12.2302],[-76.97622,-12.23062],[-76.9759,-12.23075],[-76.97567,-12.23048],[-76.97484,-12.2291],[-76.97435,-12.22826],[-76.97426,-12.22815],[-76.97389,-12.22742],[-76.97345,-12.2267],[-76.97262,-12.22526],[-76.9723,-12.22468],[-76.97427,-12.22264],[-76.97575,-12.22111],[-76.97716,-12.21971],[-76.97678,-12.21764],[-76.97604,-12.21358],[-76.97474,-12.20645],[-76.97291,-12.19495],[-76.97437,-12.19492],[-76.97564,-12.19477],[-76.97654,-12.1946],[-76.97671,-12.19457],[-76.97707,-12.19448],[-76.97759,-12.19395],[-76.97828,-12.19288],[-76.97885,-12.19158],[-76.9791,-12.19134],[-76.97931,-12.19072],[-76.97934,-12.19037],[-76.97936,-12.1884],[-76.9797,-12.18799],[-76.98027,-12.18763],[-76.98148,-12.18797],[-76.98233,-12.18821],[-76.98253,-12.18755],[-76.98305,-12.18564],[-76.98166,-12.18525],[-76.98202,-12.18346],[-76.98238,-12.18197],[-76.98268,-12.18113],[-76.98323,-12.17909],[-76.9831,-12.17873],[-76.98276,-12.17807],[-76.98266,-12.1776],[-76.98263,-12.17719],[-76.98254,-12.17673],[-76.9821,-12.17572],[-76.98156,-12.17494],[-76.98118,-12.17453],[-76.98111,-12.17417],[-76.98106,-12.17371],[-76.98109,-12.17307],[-76.98108,-12.17273],[-76.98104,-12.17261],[-76.98096,-12.17188],[-76.98116,-12.17183],[-76.98249,-12.17154],[-76.98326,-12.17102],[-76.98397,-12.17036],[-76.98443,-12.17],[-76.98594,-12.16805],[-76.98624,-12.16767],[-76.9864,-12.16747],[-76.98644,-12.16789],[-76.98649,-12.16812],[-76.98653,-12.16886],[-76.98665,-12.16984],[-76.9871,-12.1712],[-76.98803,-12.17254],[-76.9886,-12.17291],[-76.98934,-12.17302],[-76.98983,-12.1731],[-76.99057,-12.17312],[-76.9913,-12.17259],[-76.99163,-12.17204],[-76.99246,-12.17127],[-76.99372,-12.17028],[-76.99474,-12.16965],[-76.99552,-12.16906],[-76.996,-12.16863],[-76.99711,-12.1678],[-76.99773,-12.16726],[-76.99813,-12.16702],[-76.99815,-12.16701],[-76.99899,-12.16669],[-76.99935,-12.16669],[-76.99951,-12.16685],[-76.99976,-12.16735],[-76.99994,-12.16772],[-77.00033,-12.16787],[-77.00096,-12.16965],[-77.00162,-12.17156],[-77.00203,-12.17273],[-77.00177,-12.1729],[-77.00229,-12.17416],[-77.00344,-12.17383],[-77.00459,-12.17343],[-77.00523,-12.17242],[-77.00568,-12.17172],[-77.00617,-12.1711],[-77.00688,-12.17032],[-77.0075,-12.16968],[-77.0075,-12.16956],[-77.00747,-12.16925],[-77.00781,-12.16893],[-77.00793,-12.16873],[-77.00822,-12.16845],[-77.00963,-12.16805],[-77.00966,-12.16777],[-77.01148,-12.1666],[-77.01203,-12.16609],[-77.013,-12.1652],[-77.01296,-12.16508],[-77.01217,-12.16458],[-77.01192,-12.16434],[-77.01087,-12.16292],[-77.0097,-12.16126],[-77.00781,-12.16146],[-77.00745,-12.16033],[-77.01604,-12.15563]]]}},{"type":"Feature","properties":{"id":"150109","name":"Cieneguilla"},"geometry":{"type":"Polygon","coordinates":[[[-76.72234,-11.99959],[-76.72404,-11.99957],[-76.72596,-11.99994],[-76.72948,-11.99943],[-76.73258,-11.99997],[-76.73381,-11.99997],[-76.73468,-12.00027],[-76.735,-12.00038],[-76.73611,-12.00108],[-76.73702,-12.00164],[-76.73794,-12.0022],[-76.74014,-12.00268],[-76.7419,-12.00293],[-76.74271,-12.00345],[-76.74329,-12.00382],[-76.74518,-12.00508],[-76.74685,-12.00646],[-76.7488,-12.01002],[-76.74953,-12.01179],[-76.75022,-12.01387],[-76.75129,-12.01522],[-76.7529,-12.01636],[-76.754,-12.01684],[-76.75498,-12.01727],[-76.75761,-12.01757],[-76.76049,-12.01847],[-76.76078,-12.01852],[-76.7622,-12.01875],[-76.76582,-12.02001],[-76.769,-12.02064],[-76.7748,-12.02127],[-76.77582,-12.02146],[-76.7772,-12.02171],[-76.77741,-12.02176],[-76.77984,-12.02231],[-76.78286,-12.02325],[-76.7848,-12.02496],[-76.78659,-12.0261],[-76.78845,-12.02665],[-76.79031,-12.02719],[-76.79239,-12.02796],[-76.79444,-12.02968],[-76.79516,-12.03024],[-76.79696,-12.03165],[-76.79901,-12.03319],[-76.80175,-12.03516],[-76.80325,-12.03636],[-76.80529,-12.03808],[-76.80734,-12.03907],[-76.80986,-12.04053],[-76.8118,-12.04164],[-76.81315,-12.04203],[-76.81472,-12.04287],[-76.81592,-12.04415],[-76.81735,-12.04495],[-76.81932,-12.04495],[-76.82104,-12.04535],[-76.82283,-12.04681],[-76.82466,-12.04751],[-76.82641,-12.04689],[-76.8282,-12.04616],[-76.83036,-12.04451],[-76.83196,-12.04243],[-76.83357,-12.04097],[-76.83591,-12.04013],[-76.84011,-12.03962],[-76.84205,-12.03954],[-76.84388,-12.03896],[-76.84508,-12.03885],[-76.84859,-12.03834],[-76.85191,-12.03768],[-76.87118,-12.04823],[-76.88913,-12.05936],[-76.88798,-12.06179],[-76.88134,-12.0722],[-76.86137,-12.10197],[-76.83297,-12.14507],[-76.83246,-12.14552],[-76.83239,-12.14614],[-76.83227,-12.14742],[-76.83189,-12.14694],[-76.83165,-12.14675],[-76.83131,-12.14666],[-76.8295,-12.1466],[-76.82903,-12.14641],[-76.82808,-12.14585],[-76.82686,-12.14539],[-76.82649,-12.14537],[-76.82559,-12.14512],[-76.82523,-12.14507],[-76.8249,-12.1449],[-76.82433,-12.14475],[-76.82293,-12.14453],[-76.81956,-12.14359],[-76.81932,-12.14347],[-76.81824,-12.14314],[-76.8173,-12.14298],[-76.81606,-12.14294],[-76.81539,-12.14281],[-76.81293,-12.14201],[-76.81243,-12.1419],[-76.81203,-12.14191],[-76.81112,-12.14204],[-76.80994,-12.14173],[-76.80906,-12.14162],[-76.80813,-12.1417],[-76.8065,-12.14167],[-76.80441,-12.14178],[-76.80299,-12.14168],[-76.80238,-12.14174],[-76.80128,-12.14199],[-76.80068,-12.14231],[-76.80039,-12.14257],[-76.79988,-12.14334],[-76.79956,-12.14338],[-76.79918,-12.14335],[-76.79791,-12.14299],[-76.79747,-12.1428],[-76.79626,-12.14255],[-76.7943,-12.14262],[-76.79286,-12.14245],[-76.79192,-12.1424],[-76.7911,-12.14204],[-76.78852,-12.14031],[-76.78825,-12.14025],[-76.78726,-12.13996],[-76.7863,-12.13948],[-76.78581,-12.13923],[-76.78548,-12.13904],[-76.78454,-12.13846],[-76.7836,-12.13796],[-76.78328,-12.13779],[-76.783,-12.13766],[-76.78275,-12.13755],[-76.78249,-12.13747],[-76.78234,-12.13742],[-76.78215,-12.1374],[-76.78145,-12.13736],[-76.7806,-12.13725],[-76.78027,-12.13722],[-76.77997,-12.13721],[-76.7795,-12.13725],[-76.77931,-12.13725],[-76.7787,-12.13721],[-76.77848,-12.13718],[-76.77829,-12.13715],[-76.77803,-12.13708],[-76.7778,-12.13699],[-76.77758,-12.13687],[-76.77704,-12.13653],[-76.77687,-12.13645],[-76.77669,-12.13637],[-76.77638,-12.13628],[-76.77574,-12.13609],[-76.77494,-12.13589],[-76.77391,-12.13561],[-76.77337,-12.13547],[-76.77305,-12.13541],[-76.77228,-12.13529],[-76.77207,-12.13525],[-76.77191,-12.13521],[-76.77178,-12.13516],[-76.77166,-12.13509],[-76.77141,-12.13493],[-76.77112,-12.1347],[-76.77098,-12.13463],[-76.77064,-12.13451],[-76.77032,-12.13442],[-76.77005,-12.13436],[-76.76978,-12.13432],[-76.76945,-12.1343],[-76.76912,-12.13432],[-76.76876,-12.13436],[-76.76835,-12.13444],[-76.76822,-12.13447],[-76.76809,-12.13451],[-76.76766,-12.13472],[-76.76751,-12.13478],[-76.76724,-12.13486],[-76.76705,-12.13489],[-76.76694,-12.13488],[-76.76678,-12.13486],[-76.76659,-12.13482],[-76.76608,-12.13469],[-76.76592,-12.13466],[-76.76576,-12.13464],[-76.76562,-12.13465],[-76.76545,-12.13466],[-76.76499,-12.13472],[-76.76482,-12.13475],[-76.76439,-12.13485],[-76.76425,-12.13487],[-76.76415,-12.13488],[-76.76398,-12.13487],[-76.76379,-12.13486],[-76.76319,-12.13475],[-76.76295,-12.13472],[-76.76273,-12.13471],[-76.76227,-12.13471],[-76.76164,-12.13492],[-76.76133,-12.13503],[-76.76055,-12.13523],[-76.76031,-12.13529],[-76.76007,-12.13532],[-76.75985,-12.13535],[-76.75969,-12.13536],[-76.7595,-12.13534],[-76.75906,-12.13529],[-76.75862,-12.13526],[-76.75823,-12.13525],[-76.7579,-12.13527],[-76.75749,-12.13532],[-76.75708,-12.1354],[-76.75692,-12.13545],[-76.75645,-12.13562],[-76.75632,-12.13565],[-76.75619,-12.13567],[-76.75605,-12.13567],[-76.75589,-12.13567],[-76.75531,-12.13556],[-76.75468,-12.13548],[-76.75438,-12.13545],[-76.75413,-12.13543],[-76.75389,-12.13544],[-76.75342,-12.13547],[-76.75273,-12.13551],[-76.75226,-12.13554],[-76.75174,-12.1356],[-76.75154,-12.1356],[-76.75136,-12.13558],[-76.75114,-12.13552],[-76.75094,-12.13544],[-76.75077,-12.13534],[-76.75063,-12.13521],[-76.75033,-12.13489],[-76.74946,-12.13407],[-76.74899,-12.13372],[-76.74881,-12.1336],[-76.74862,-12.1335],[-76.74837,-12.13339],[-76.74803,-12.13329],[-76.74746,-12.13316],[-76.74724,-12.13312],[-76.74679,-12.13308],[-76.7466,-12.13306],[-76.74641,-12.13301],[-76.74624,-12.13295],[-76.74612,-12.13288],[-76.74601,-12.1328],[-76.74589,-12.13269],[-76.74554,-12.13237],[-76.74544,-12.13228],[-76.74532,-12.13221],[-76.74522,-12.13216],[-76.74512,-12.13213],[-76.74468,-12.13204],[-76.74457,-12.13201],[-76.7445,-12.13199],[-76.74436,-12.1319],[-76.74408,-12.13167],[-76.74361,-12.13139],[-76.74332,-12.13122],[-76.74307,-12.13111],[-76.74286,-12.13105],[-76.74262,-12.131],[-76.7424,-12.13097],[-76.74171,-12.13089],[-76.74079,-12.13073],[-76.74011,-12.13059],[-76.73995,-12.13055],[-76.73982,-12.13051],[-76.73961,-12.13039],[-76.73936,-12.13022],[-76.73868,-12.1297],[-76.73832,-12.1294],[-76.73814,-12.12928],[-76.73789,-12.12912],[-76.73738,-12.12882],[-76.7369,-12.12868],[-76.73666,-12.12864],[-76.73644,-12.12861],[-76.73595,-12.12858],[-76.73541,-12.12854],[-76.73533,-12.12852],[-76.73526,-12.12849],[-76.73513,-12.1284],[-76.73498,-12.12828],[-76.73485,-12.12814],[-76.7347,-12.12797],[-76.73453,-12.12776],[-76.73447,-12.12766],[-76.73442,-12.12757],[-76.73423,-12.12714],[-76.73412,-12.12696],[-76.73389,-12.12662],[-76.73365,-12.12629],[-76.73336,-12.12593],[-76.7331,-12.12561],[-76.73294,-12.12542],[-76.73276,-12.12525],[-76.73254,-12.12505],[-76.73236,-12.12488],[-76.73216,-12.12473],[-76.73196,-12.12458],[-76.73178,-12.12446],[-76.73159,-12.12435],[-76.73134,-12.12423],[-76.73083,-12.12404],[-76.73018,-12.12381],[-76.72976,-12.12369],[-76.72872,-12.12342],[-76.72829,-12.12331],[-76.72794,-12.12324],[-76.72739,-12.12316],[-76.72718,-12.12312],[-76.7268,-12.12303],[-76.7261,-12.12285],[-76.72566,-12.12242],[-76.72554,-12.12232],[-76.72542,-12.12224],[-76.72523,-12.12214],[-76.72503,-12.12205],[-76.72482,-12.12197],[-76.72461,-12.1219],[-76.7245,-12.12189],[-76.72439,-12.12188],[-76.72395,-12.1219],[-76.72318,-12.12188],[-76.72257,-12.12184],[-76.72216,-12.12179],[-76.72154,-12.12169],[-76.72084,-12.12154],[-76.72036,-12.12143],[-76.71963,-12.12124],[-76.71934,-12.12117],[-76.71915,-12.12111],[-76.71894,-12.12098],[-76.71868,-12.12079],[-76.71828,-12.12044],[-76.71773,-12.11991],[-76.71749,-12.11969],[-76.71715,-12.11942],[-76.71677,-12.11915],[-76.71651,-12.11899],[-76.7163,-12.11887],[-76.7156,-12.11848],[-76.71493,-12.11811],[-76.71456,-12.11793],[-76.7139,-12.11764],[-76.713,-12.11731],[-76.71214,-12.11702],[-76.7113,-12.11674],[-76.71088,-12.11663],[-76.70909,-12.11545],[-76.70732,-12.11402],[-76.70788,-12.11392],[-76.70853,-12.11387],[-76.70916,-12.11377],[-76.70997,-12.11348],[-76.71084,-12.11235],[-76.71136,-12.11161],[-76.7123,-12.1102],[-76.71326,-12.10887],[-76.7138,-12.10768],[-76.7142,-12.10648],[-76.71441,-12.10593],[-76.71466,-12.10467],[-76.71472,-12.10329],[-76.71544,-12.10235],[-76.71602,-12.10123],[-76.7166,-12.10008],[-76.71662,-12.09934],[-76.71616,-12.09842],[-76.71484,-12.09682],[-76.71195,-12.09437],[-76.70977,-12.09219],[-76.70875,-12.09109],[-76.70758,-12.09053],[-76.7067,-12.0898],[-76.70612,-12.08878],[-76.70594,-12.08808],[-76.70519,-12.08626],[-76.70432,-12.08591],[-76.70197,-12.08606],[-76.70043,-12.08638],[-76.69945,-12.08715],[-76.69793,-12.08805],[-76.69662,-12.08842],[-76.69643,-12.08848],[-76.69486,-12.08853],[-76.69306,-12.08829],[-76.69097,-12.08765],[-76.6875,-12.08687],[-76.68543,-12.08643],[-76.68409,-12.08588],[-76.68199,-12.08439],[-76.68014,-12.08241],[-76.67912,-12.08059],[-76.67865,-12.07942],[-76.67762,-12.07825],[-76.6763,-12.07713],[-76.67515,-12.07563],[-76.67445,-12.07453],[-76.67351,-12.07351],[-76.67339,-12.07283],[-76.67363,-12.07201],[-76.6739,-12.07147],[-76.6744,-12.07046],[-76.67465,-12.06887],[-76.67442,-12.06772],[-76.67433,-12.06727],[-76.67421,-12.0663],[-76.67416,-12.06438],[-76.67436,-12.06315],[-76.67463,-12.06206],[-76.67535,-12.05984],[-76.67578,-12.05864],[-76.67653,-12.05677],[-76.67707,-12.0552],[-76.67762,-12.0539],[-76.67808,-12.05298],[-76.6786,-12.05235],[-76.67938,-12.05166],[-76.67947,-12.05149],[-76.68038,-12.05034],[-76.68098,-12.04973],[-76.68116,-12.04962],[-76.68218,-12.04925],[-76.68273,-12.04889],[-76.68369,-12.04796],[-76.68595,-12.04627],[-76.68717,-12.04525],[-76.68898,-12.04442],[-76.68926,-12.04415],[-76.68962,-12.04368],[-76.69005,-12.04279],[-76.69042,-12.0422],[-76.69132,-12.04138],[-76.6921,-12.04062],[-76.6951,-12.03706],[-76.6961,-12.03634],[-76.69676,-12.036],[-76.69768,-12.03539],[-76.69836,-12.03507],[-76.6991,-12.03488],[-76.69953,-12.03465],[-76.69984,-12.03435],[-76.70004,-12.03405],[-76.70056,-12.03243],[-76.70074,-12.03218],[-76.70108,-12.03195],[-76.70171,-12.03181],[-76.70211,-12.03166],[-76.70222,-12.03155],[-76.70232,-12.03129],[-76.70264,-12.03087],[-76.70312,-12.03065],[-76.70377,-12.0306],[-76.70415,-12.03066],[-76.7043,-12.0307],[-76.70462,-12.03089],[-76.70544,-12.03168],[-76.70593,-12.03201],[-76.70656,-12.03237],[-76.7072,-12.03116],[-76.70722,-12.03062],[-76.70708,-12.0295],[-76.70744,-12.02841],[-76.70777,-12.02746],[-76.70831,-12.02665],[-76.70915,-12.0251],[-76.70949,-12.02383],[-76.70936,-12.02219],[-76.70928,-12.02059],[-76.70928,-12.01904],[-76.70987,-12.01739],[-76.71054,-12.01529],[-76.71138,-12.01382],[-76.71239,-12.01201],[-76.71319,-12.01037],[-76.71465,-12.00876],[-76.71717,-12.00596],[-76.71901,-12.0037],[-76.72027,-12.00244],[-76.72111,-12.0016],[-76.72195,-12.00042],[-76.72234,-11.99959]]]}},{"type":"Feature","properties":{"id":"150110","name":"Comas"},"geometry":{"type":"Polygon","coordinates":[[[-76.98795,-11.89715],[-76.98989,-11.89936],[-76.99052,-11.90013],[-76.99217,-11.90071],[-76.99289,-11.9007],[-76.99416,-11.90033],[-76.99521,-11.89986],[-76.9953,-11.89982],[-76.99609,-11.89951],[-76.997,-11.89955],[-76.99775,-11.89966],[-76.99831,-11.89974],[-76.9997,-11.8998],[-77.00032,-11.89989],[-77.00136,-11.90072],[-77.00189,-11.9011],[-77.00297,-11.90208],[-77.00473,-11.90346],[-77.00595,-11.90387],[-77.00709,-11.90388],[-77.00903,-11.90392],[-77.0109,-11.90386],[-77.0121,-11.90376],[-77.01325,-11.90339],[-77.01426,-11.90323],[-77.01476,-11.90345],[-77.01607,-11.90413],[-77.01709,-11.90451],[-77.01866,-11.9048],[-77.01965,-11.9051],[-77.02124,-11.90604],[-77.02189,-11.90676],[-77.02223,-11.9071],[-77.02279,-11.90767],[-77.02364,-11.90825],[-77.02438,-11.9088],[-77.02548,-11.90928],[-77.02637,-11.90943],[-77.02727,-11.90941],[-77.02795,-11.9095],[-77.02844,-11.9097],[-77.02902,-11.90996],[-77.02968,-11.91008],[-77.03075,-11.91015],[-77.03091,-11.90985],[-77.031,-11.90953],[-77.03099,-11.90917],[-77.03086,-11.90896],[-77.03094,-11.9089],[-77.03108,-11.90877],[-77.03121,-11.90868],[-77.03121,-11.90862],[-77.03135,-11.9085],[-77.03155,-11.90839],[-77.03166,-11.9083],[-77.03193,-11.90817],[-77.03194,-11.90809],[-77.03186,-11.90797],[-77.0316,-11.90782],[-77.03148,-11.90775],[-77.03143,-11.90768],[-77.03148,-11.90764],[-77.03158,-11.90757],[-77.03195,-11.90741],[-77.03208,-11.90735],[-77.03226,-11.90728],[-77.03235,-11.90743],[-77.03262,-11.90763],[-77.03306,-11.90791],[-77.03339,-11.90744],[-77.03332,-11.90736],[-77.03408,-11.9062],[-77.03661,-11.90235],[-77.03671,-11.90221],[-77.03812,-11.90008],[-77.03826,-11.89983],[-77.03832,-11.8997],[-77.03833,-11.89957],[-77.03842,-11.89946],[-77.03859,-11.89933],[-77.03865,-11.89923],[-77.03866,-11.89921],[-77.03866,-11.89914],[-77.03866,-11.89888],[-77.03863,-11.8985],[-77.03868,-11.89832],[-77.03884,-11.89822],[-77.0393,-11.89792],[-77.04068,-11.89536],[-77.0421,-11.8945],[-77.0426,-11.89495],[-77.04281,-11.89524],[-77.04295,-11.89544],[-77.043,-11.89551],[-77.04313,-11.89583],[-77.04334,-11.89681],[-77.04346,-11.89721],[-77.04432,-11.89677],[-77.04448,-11.89706],[-77.0446,-11.89719],[-77.04496,-11.89723],[-77.0452,-11.8973],[-77.04551,-11.89789],[-77.04639,-11.89743],[-77.04789,-11.89658],[-77.04789,-11.89656],[-77.04789,-11.89634],[-77.04759,-11.89556],[-77.04712,-11.89482],[-77.04672,-11.89403],[-77.04671,-11.89362],[-77.0473,-11.89281],[-77.04806,-11.89175],[-77.04889,-11.89069],[-77.05095,-11.88781],[-77.05171,-11.88761],[-77.05208,-11.88774],[-77.05253,-11.88791],[-77.05328,-11.88836],[-77.05369,-11.88894],[-77.05406,-11.88984],[-77.05421,-11.89006],[-77.05474,-11.89077],[-77.05521,-11.89153],[-77.05546,-11.89187],[-77.05609,-11.89284],[-77.05688,-11.89368],[-77.05816,-11.89477],[-77.05876,-11.89549],[-77.0593,-11.89614],[-77.05968,-11.89653],[-77.05975,-11.8966],[-77.06039,-11.89727],[-77.06091,-11.89782],[-77.06139,-11.89825],[-77.062,-11.8989],[-77.06283,-11.89969],[-77.06359,-11.90079],[-77.06408,-11.90154],[-77.06441,-11.90214],[-77.06472,-11.90257],[-77.06514,-11.90318],[-77.06545,-11.90387],[-77.06566,-11.90434],[-77.06595,-11.90487],[-77.06617,-11.90553],[-77.06635,-11.90588],[-77.06654,-11.90624],[-77.06679,-11.90678],[-77.06684,-11.90693],[-77.06703,-11.90749],[-77.06729,-11.90781],[-77.06751,-11.90798],[-77.06766,-11.90815],[-77.06805,-11.90832],[-77.0683,-11.90834],[-77.06844,-11.9084],[-77.06891,-11.90847],[-77.06937,-11.9088],[-77.06967,-11.90923],[-77.07003,-11.90981],[-77.07037,-11.91023],[-77.07047,-11.91055],[-77.07073,-11.91118],[-77.07099,-11.91177],[-77.07122,-11.9125],[-77.07152,-11.9135],[-77.07183,-11.91474],[-77.07205,-11.91534],[-77.07226,-11.91604],[-77.07239,-11.91652],[-77.07257,-11.91684],[-77.07269,-11.91691],[-77.07278,-11.91704],[-77.07323,-11.91741],[-77.07353,-11.91762],[-77.07324,-11.92251],[-77.07305,-11.92408],[-77.07299,-11.92447],[-77.07299,-11.92448],[-77.07266,-11.92745],[-77.07239,-11.93042],[-77.07193,-11.93545],[-77.07166,-11.93788],[-77.07138,-11.94017],[-77.07125,-11.94175],[-77.07095,-11.94556],[-77.07085,-11.94702],[-77.07074,-11.94791],[-77.07071,-11.94812],[-77.07071,-11.94812],[-77.07044,-11.95013],[-77.07008,-11.95177],[-77.06993,-11.95247],[-77.06985,-11.95316],[-77.06515,-11.95246],[-77.0644,-11.95654],[-77.0626,-11.96504],[-77.06,-11.97674],[-77.05982,-11.97692],[-77.05934,-11.97713],[-77.05812,-11.97684],[-77.058,-11.97631],[-77.0577,-11.97537],[-77.05762,-11.97517],[-77.05761,-11.97514],[-77.05736,-11.97512],[-77.05716,-11.97513],[-77.05705,-11.9752],[-77.057,-11.97524],[-77.05672,-11.97525],[-77.05644,-11.97519],[-77.05633,-11.97501],[-77.05615,-11.97481],[-77.05611,-11.97468],[-77.05603,-11.97442],[-77.05573,-11.97417],[-77.05569,-11.97415],[-77.05529,-11.97396],[-77.05477,-11.97361],[-77.05439,-11.97329],[-77.05418,-11.97316],[-77.05399,-11.97305],[-77.05344,-11.97278],[-77.0529,-11.97213],[-77.05234,-11.97101],[-77.05225,-11.97069],[-77.05211,-11.97016],[-77.0518,-11.96969],[-77.05148,-11.96959],[-77.05018,-11.9692],[-77.04933,-11.96859],[-77.04852,-11.96779],[-77.04793,-11.96701],[-77.04713,-11.96637],[-77.04608,-11.9659],[-77.04444,-11.96556],[-77.0444,-11.96555],[-77.04296,-11.96549],[-77.04184,-11.96562],[-77.04171,-11.96561],[-77.04037,-11.96557],[-77.03918,-11.96524],[-77.03741,-11.96439],[-77.03589,-11.96362],[-77.03498,-11.96307],[-77.03406,-11.96241],[-77.03293,-11.96174],[-77.03133,-11.96128],[-77.02946,-11.96088],[-77.02828,-11.96068],[-77.02712,-11.95888],[-77.02611,-11.95793],[-77.02531,-11.95692],[-77.02402,-11.95553],[-77.02211,-11.95412],[-77.02054,-11.95292],[-77.02013,-11.95254],[-77.01901,-11.9515],[-77.01764,-11.94958],[-77.01701,-11.94385],[-77.01639,-11.94182],[-77.01649,-11.93992],[-77.01676,-11.93779],[-77.01618,-11.93681],[-77.01467,-11.93595],[-77.0128,-11.93509],[-77.01021,-11.93337],[-77.00815,-11.93235],[-77.00649,-11.93149],[-77.00539,-11.92989],[-77.00514,-11.92888],[-77.00459,-11.92817],[-77.00336,-11.92679],[-77.00222,-11.92535],[-77.00029,-11.92402],[-76.99961,-11.92286],[-76.99926,-11.92104],[-76.99826,-11.91972],[-76.99693,-11.91849],[-76.99567,-11.91732],[-76.99275,-11.91686],[-76.99042,-11.91698],[-76.98897,-11.9168],[-76.98839,-11.91631],[-76.98876,-11.91522],[-76.98882,-11.91505],[-76.98938,-11.91443],[-76.9902,-11.91351],[-76.99019,-11.91308],[-76.99014,-11.91154],[-76.9906,-11.90847],[-76.99054,-11.9073],[-76.98994,-11.90585],[-76.98919,-11.90405],[-76.98913,-11.90389],[-76.98857,-11.90128],[-76.9886,-11.8994],[-76.98795,-11.89715]]]}},{"type":"Feature","properties":{"id":"150111","name":"El Agustino"},"geometry":{"type":"Polygon","coordinates":[[[-76.93673,-12.02143],[-76.93817,-12.02192],[-76.93838,-12.02198],[-76.93861,-12.0219],[-76.93911,-12.02161],[-76.93975,-12.02148],[-76.93995,-12.02142],[-76.94023,-12.02132],[-76.94057,-12.02118],[-76.94122,-12.02095],[-76.94152,-12.02082],[-76.94206,-12.02084],[-76.94285,-12.02089],[-76.94348,-12.02089],[-76.94408,-12.02075],[-76.94461,-12.02068],[-76.94509,-12.02061],[-76.94552,-12.02051],[-76.94605,-12.02051],[-76.94646,-12.02049],[-76.9471,-12.02049],[-76.94843,-12.02049],[-76.94938,-12.02058],[-76.95067,-12.02074],[-76.95129,-12.02075],[-76.95197,-12.02091],[-76.95264,-12.02126],[-76.95358,-12.02188],[-76.95408,-12.02231],[-76.95466,-12.02242],[-76.95504,-12.02257],[-76.95563,-12.0226],[-76.95622,-12.02262],[-76.95656,-12.0227],[-76.95705,-12.02288],[-76.95769,-12.02314],[-76.95898,-12.02368],[-76.95944,-12.0239],[-76.96016,-12.02415],[-76.96076,-12.02451],[-76.96181,-12.02488],[-76.96237,-12.02504],[-76.96315,-12.02526],[-76.96399,-12.02543],[-76.9646,-12.02554],[-76.96509,-12.02575],[-76.96548,-12.02596],[-76.96613,-12.02624],[-76.96649,-12.0263],[-76.96714,-12.02648],[-76.96779,-12.02655],[-76.96833,-12.02664],[-76.96886,-12.02657],[-76.96936,-12.02652],[-76.96979,-12.02641],[-76.97028,-12.02634],[-76.97102,-12.02626],[-76.97165,-12.02619],[-76.97196,-12.02609],[-76.97218,-12.02609],[-76.97256,-12.02606],[-76.97296,-12.02605],[-76.97342,-12.02604],[-76.97382,-12.02607],[-76.97417,-12.02617],[-76.97465,-12.02616],[-76.97509,-12.02624],[-76.97559,-12.02625],[-76.97594,-12.02624],[-76.97639,-12.02624],[-76.97669,-12.02614],[-76.97696,-12.02609],[-76.97718,-12.02603],[-76.97737,-12.026],[-76.97761,-12.02596],[-76.97785,-12.02594],[-76.97814,-12.02588],[-76.97851,-12.02586],[-76.97879,-12.02583],[-76.97905,-12.02575],[-76.97942,-12.02573],[-76.9797,-12.02564],[-76.98009,-12.02557],[-76.9804,-12.02554],[-76.98066,-12.02554],[-76.98104,-12.02557],[-76.98148,-12.02563],[-76.98168,-12.02564],[-76.982,-12.02567],[-76.98235,-12.02573],[-76.98295,-12.02592],[-76.98351,-12.02604],[-76.98423,-12.02618],[-76.98486,-12.02625],[-76.98545,-12.02627],[-76.98597,-12.02638],[-76.98658,-12.02653],[-76.98702,-12.02652],[-76.98771,-12.02655],[-76.98821,-12.02664],[-76.98851,-12.02674],[-76.98868,-12.02675],[-76.98898,-12.02684],[-76.9892,-12.02687],[-76.98941,-12.02693],[-76.98992,-12.02699],[-76.99047,-12.02691],[-76.9912,-12.02683],[-76.99162,-12.02684],[-76.99242,-12.02684],[-76.9929,-12.02695],[-76.99362,-12.02696],[-76.99412,-12.02696],[-76.99441,-12.02695],[-76.99482,-12.02693],[-76.99518,-12.02693],[-76.99584,-12.02697],[-76.99617,-12.02705],[-76.99674,-12.02714],[-76.99728,-12.02733],[-76.99785,-12.02762],[-76.99825,-12.02769],[-76.99895,-12.02781],[-76.9997,-12.02788],[-77.00045,-12.02813],[-77.00086,-12.02823],[-77.00169,-12.02845],[-77.0023,-12.02862],[-77.00303,-12.02901],[-77.00367,-12.02929],[-77.00415,-12.02951],[-77.00512,-12.02965],[-77.00578,-12.02984],[-77.00616,-12.02995],[-77.00709,-12.02998],[-77.00802,-12.03003],[-77.00878,-12.03021],[-77.00931,-12.03039],[-77.00973,-12.03065],[-77.00801,-12.03342],[-77.00888,-12.03409],[-77.00875,-12.03434],[-77.00596,-12.03758],[-77.00567,-12.03803],[-77.00474,-12.04166],[-77.00296,-12.04695],[-77.00343,-12.04728],[-77.00373,-12.04736],[-77.00478,-12.04796],[-77.00492,-12.04825],[-77.00517,-12.04848],[-77.00551,-12.04879],[-77.00603,-12.04918],[-77.00645,-12.04947],[-77.00672,-12.04965],[-77.00678,-12.04969],[-77.00685,-12.04962],[-77.00726,-12.04906],[-77.00751,-12.04891],[-77.0077,-12.04875],[-77.00838,-12.04765],[-77.00821,-12.04737],[-77.00809,-12.04728],[-77.00852,-12.04648],[-77.00809,-12.04587],[-77.00735,-12.04396],[-77.00701,-12.04288],[-77.00739,-12.04259],[-77.0109,-12.04376],[-77.01071,-12.04465],[-77.01088,-12.04585],[-77.01102,-12.04588],[-77.01088,-12.04742],[-77.01097,-12.04854],[-77.01109,-12.04969],[-77.01132,-12.05073],[-77.01161,-12.05157],[-77.01199,-12.05252],[-77.01209,-12.05299],[-77.01223,-12.05336],[-77.01226,-12.05362],[-77.0116,-12.05437],[-77.01031,-12.05613],[-77.0095,-12.05693],[-77.00773,-12.05836],[-77.00752,-12.05857],[-77.00742,-12.05868],[-77.00731,-12.05882],[-77.00715,-12.05922],[-77.00697,-12.05969],[-77.00674,-12.06028],[-77.0064,-12.06048],[-77.00606,-12.06064],[-77.00577,-12.06066],[-77.00533,-12.06057],[-77.00503,-12.06053],[-77.00472,-12.06061],[-77.00441,-12.06064],[-77.004,-12.06056],[-77.00374,-12.06058],[-77.00338,-12.06072],[-77.00285,-12.06097],[-77.00235,-12.06128],[-77.00178,-12.0617],[-77.00148,-12.06176],[-77.00112,-12.06176],[-77.00035,-12.06162],[-77.0001,-12.06155],[-77.00008,-12.06151],[-77.00002,-12.06142],[-76.99993,-12.06095],[-76.99991,-12.06073],[-76.99986,-12.06064],[-76.99973,-12.0606],[-76.99951,-12.06056],[-76.99915,-12.06051],[-76.9989,-12.06051],[-76.99856,-12.0605],[-76.99831,-12.06056],[-76.9978,-12.06084],[-76.99766,-12.0609],[-76.99742,-12.0609],[-76.99726,-12.06087],[-76.99701,-12.0603],[-76.99677,-12.05994],[-76.99657,-12.05965],[-76.99643,-12.05943],[-76.99623,-12.05924],[-76.99602,-12.05913],[-76.99598,-12.05911],[-76.99586,-12.05908],[-76.99557,-12.059],[-76.99539,-12.05896],[-76.99526,-12.05893],[-76.99525,-12.05892],[-76.99517,-12.05882],[-76.99509,-12.05873],[-76.99495,-12.0584],[-76.99476,-12.05792],[-76.99458,-12.0577],[-76.99436,-12.05751],[-76.99406,-12.05702],[-76.99399,-12.05698],[-76.9935,-12.05664],[-76.99259,-12.05651],[-76.9914,-12.05669],[-76.99028,-12.0574],[-76.98886,-12.05874],[-76.98784,-12.05929],[-76.98708,-12.05958],[-76.98605,-12.05971],[-76.98472,-12.05971],[-76.9834,-12.05978],[-76.98285,-12.0599],[-76.9826,-12.06004],[-76.98241,-12.06024],[-76.98238,-12.06056],[-76.98248,-12.06102],[-76.9825,-12.06114],[-76.98255,-12.06182],[-76.98248,-12.06225],[-76.98228,-12.06256],[-76.98227,-12.06256],[-76.98203,-12.06275],[-76.98193,-12.06296],[-76.98187,-12.06308],[-76.98005,-12.06182],[-76.97836,-12.06069],[-76.97583,-12.05959],[-76.97343,-12.05848],[-76.97364,-12.0581],[-76.97399,-12.05713],[-76.97483,-12.05525],[-76.97549,-12.05393],[-76.978,-12.05505],[-76.98086,-12.05522],[-76.98267,-12.05588],[-76.9832,-12.05596],[-76.98397,-12.05608],[-76.98518,-12.05606],[-76.98623,-12.0558],[-76.98722,-12.05506],[-76.98811,-12.05423],[-76.98904,-12.05324],[-76.98965,-12.05213],[-76.98985,-12.05083],[-76.98965,-12.04964],[-76.98904,-12.04873],[-76.98855,-12.04839],[-76.98795,-12.04803],[-76.98732,-12.04777],[-76.98686,-12.04755],[-76.98645,-12.04744],[-76.98601,-12.0473],[-76.98586,-12.04717],[-76.98567,-12.04696],[-76.98454,-12.04417],[-76.98505,-12.04382],[-76.98538,-12.04356],[-76.98602,-12.04294],[-76.98639,-12.04259],[-76.98749,-12.0415],[-76.98801,-12.04059],[-76.98815,-12.04037],[-76.98844,-12.03972],[-76.98796,-12.03963],[-76.98735,-12.03964],[-76.98674,-12.03971],[-76.98612,-12.03978],[-76.98512,-12.03994],[-76.98453,-12.03957],[-76.98323,-12.04014],[-76.98239,-12.04034],[-76.98186,-12.04044],[-76.98101,-12.04054],[-76.97981,-12.0406],[-76.97904,-12.04063],[-76.97834,-12.04029],[-76.97743,-12.04049],[-76.97624,-12.04047],[-76.97512,-12.04024],[-76.97422,-12.03992],[-76.97319,-12.03921],[-76.96866,-12.03574],[-76.96554,-12.03334],[-76.96439,-12.03236],[-76.9635,-12.03175],[-76.96242,-12.03124],[-76.95884,-12.0299],[-76.95691,-12.02947],[-76.95537,-12.02936],[-76.95523,-12.02934],[-76.95536,-12.02846],[-76.9552,-12.0279],[-76.9547,-12.02704],[-76.95436,-12.02642],[-76.95377,-12.02527],[-76.95339,-12.02462],[-76.95318,-12.02423],[-76.95243,-12.02418],[-76.95108,-12.02432],[-76.95018,-12.02423],[-76.94925,-12.02426],[-76.94837,-12.02414],[-76.94805,-12.02409],[-76.94755,-12.02408],[-76.94734,-12.02408],[-76.94695,-12.02396],[-76.94662,-12.02378],[-76.9461,-12.02349],[-76.94569,-12.02339],[-76.94551,-12.02334],[-76.94489,-12.02334],[-76.94465,-12.02329],[-76.94391,-12.02296],[-76.9434,-12.02283],[-76.94207,-12.02278],[-76.94113,-12.02264],[-76.93957,-12.02261],[-76.93891,-12.02254],[-76.93791,-12.0225],[-76.93673,-12.02143]]]}},{"type":"Feature","properties":{"id":"150112","name":"Independencia"},"geometry":{"type":"Polygon","coordinates":[[[-77.03065,-11.99639],[-77.03056,-11.99467],[-77.03035,-11.99274],[-77.03046,-11.99074],[-77.03043,-11.98965],[-77.0303,-11.98896],[-77.0302,-11.98844],[-77.03014,-11.98725],[-77.03023,-11.98654],[-77.0303,-11.98602],[-77.03033,-11.9858],[-77.03018,-11.98488],[-77.02956,-11.98375],[-77.0291,-11.98293],[-77.02895,-11.98219],[-77.02914,-11.98055],[-77.02937,-11.97798],[-77.02945,-11.97567],[-77.02956,-11.97111],[-77.02853,-11.96857],[-77.02788,-11.96758],[-77.02768,-11.96705],[-77.02766,-11.96662],[-77.02764,-11.96635],[-77.02794,-11.96571],[-77.02858,-11.96462],[-77.02879,-11.96402],[-77.02872,-11.96252],[-77.02828,-11.96068],[-77.02946,-11.96088],[-77.03133,-11.96128],[-77.03293,-11.96174],[-77.03406,-11.96241],[-77.03498,-11.96307],[-77.03589,-11.96362],[-77.03741,-11.96439],[-77.03918,-11.96524],[-77.04037,-11.96557],[-77.04171,-11.96561],[-77.04184,-11.96562],[-77.04296,-11.96549],[-77.0444,-11.96555],[-77.04444,-11.96556],[-77.04608,-11.9659],[-77.04713,-11.96637],[-77.04793,-11.96701],[-77.04852,-11.96779],[-77.04933,-11.96859],[-77.05018,-11.9692],[-77.05148,-11.96959],[-77.0518,-11.96969],[-77.05211,-11.97016],[-77.05225,-11.97069],[-77.05234,-11.97101],[-77.0529,-11.97213],[-77.05344,-11.97278],[-77.05399,-11.97305],[-77.05418,-11.97316],[-77.05439,-11.97329],[-77.05477,-11.97361],[-77.05529,-11.97396],[-77.05569,-11.97415],[-77.05573,-11.97417],[-77.05603,-11.97442],[-77.05611,-11.97468],[-77.05615,-11.97481],[-77.05633,-11.97501],[-77.05644,-11.97519],[-77.05672,-11.97525],[-77.057,-11.97524],[-77.05705,-11.9752],[-77.05716,-11.97513],[-77.05736,-11.97512],[-77.05761,-11.97514],[-77.05762,-11.97517],[-77.0577,-11.97537],[-77.058,-11.97631],[-77.05812,-11.97684],[-77.05934,-11.97713],[-77.05982,-11.97692],[-77.06112,-11.9769],[-77.06423,-11.97735],[-77.06624,-11.97764],[-77.06563,-11.98159],[-77.06523,-11.9848],[-77.06404,-11.99135],[-77.06391,-11.99206],[-77.06319,-11.99599],[-77.06291,-11.99754],[-77.06253,-12.0004],[-77.06197,-12.00462],[-77.0614,-12.00836],[-77.05938,-12.0082],[-77.05753,-12.00795],[-77.05375,-12.00748],[-77.05361,-12.00812],[-77.05321,-12.00998],[-77.05297,-12.01103],[-77.05027,-12.01054],[-77.04971,-12.0108],[-77.04935,-12.01146],[-77.04934,-12.01212],[-77.04934,-12.01224],[-77.04934,-12.01237],[-77.04932,-12.01249],[-77.04924,-12.01254],[-77.04919,-12.01259],[-77.04908,-12.01264],[-77.04896,-12.0127],[-77.04887,-12.01281],[-77.04877,-12.01292],[-77.04879,-12.0131],[-77.04877,-12.01325],[-77.04882,-12.01352],[-77.04884,-12.01368],[-77.04886,-12.01392],[-77.04879,-12.01411],[-77.0487,-12.01434],[-77.04864,-12.01448],[-77.04873,-12.01457],[-77.04878,-12.01466],[-77.04883,-12.01474],[-77.04882,-12.01485],[-77.04877,-12.01492],[-77.0488,-12.01502],[-77.04865,-12.01512],[-77.04864,-12.01527],[-77.04857,-12.01537],[-77.04849,-12.01545],[-77.04838,-12.01568],[-77.04832,-12.01586],[-77.04824,-12.0161],[-77.0482,-12.0163],[-77.04819,-12.0165],[-77.04819,-12.01669],[-77.04812,-12.01703],[-77.04806,-12.01717],[-77.04795,-12.01744],[-77.04777,-12.01783],[-77.04743,-12.01784],[-77.04726,-12.01784],[-77.04697,-12.01784],[-77.04659,-12.01775],[-77.04638,-12.01768],[-77.04626,-12.01761],[-77.0461,-12.01744],[-77.04594,-12.01725],[-77.04589,-12.01717],[-77.04572,-12.01715],[-77.04567,-12.01689],[-77.04581,-12.01668],[-77.04587,-12.01649],[-77.04578,-12.01594],[-77.04572,-12.01521],[-77.0457,-12.01471],[-77.04557,-12.01434],[-77.04537,-12.01397],[-77.04531,-12.01386],[-77.0453,-12.01363],[-77.04525,-12.01296],[-77.04508,-12.01225],[-77.04488,-12.01171],[-77.04393,-12.01012],[-77.04051,-12.00696],[-77.04013,-12.00658],[-77.03804,-12.00443],[-77.03369,-12.00122],[-77.03346,-12.00093],[-77.0327,-11.99996],[-77.03196,-11.99874],[-77.03115,-11.99714],[-77.03065,-11.99639]]]}},{"type":"Feature","properties":{"id":"150113","name":"Jesús María"},"geometry":{"type":"Polygon","coordinates":[[[-77.03629,-12.07985],[-77.03811,-12.06768],[-77.03753,-12.06421],[-77.04567,-12.06525],[-77.04674,-12.06667],[-77.0483,-12.06858],[-77.04966,-12.07025],[-77.05097,-12.07184],[-77.05098,-12.07184],[-77.0518,-12.07277],[-77.05293,-12.07413],[-77.05562,-12.07738],[-77.05694,-12.079],[-77.05727,-12.07944],[-77.05807,-12.08056],[-77.05921,-12.08179],[-77.06314,-12.08654],[-77.06242,-12.08704],[-77.05498,-12.09189],[-77.05322,-12.09307],[-77.0499,-12.0867],[-77.04962,-12.08625],[-77.04908,-12.08555],[-77.04859,-12.08504],[-77.04629,-12.08305],[-77.04364,-12.08319],[-77.0419,-12.08292],[-77.04172,-12.08065],[-77.03852,-12.08022],[-77.03629,-12.07985]]]}},{"type":"Feature","properties":{"id":"150114","name":"La Molina"},"geometry":{"type":"Polygon","coordinates":[[[-76.94006,-12.06405],[-76.94112,-12.06229],[-76.94119,-12.06217],[-76.94207,-12.06067],[-76.94432,-12.0567],[-76.95058,-12.05992],[-76.9539,-12.06138],[-76.95859,-12.06188],[-76.96087,-12.06268],[-76.96416,-12.06408],[-76.96808,-12.06559],[-76.96962,-12.06679],[-76.97013,-12.06704],[-76.9704,-12.06713],[-76.97066,-12.06708],[-76.9709,-12.06703],[-76.97122,-12.06693],[-76.97153,-12.06687],[-76.97167,-12.06755],[-76.97184,-12.06832],[-76.97187,-12.06845],[-76.972,-12.06883],[-76.97253,-12.07013],[-76.97315,-12.07141],[-76.9745,-12.07433],[-76.97541,-12.07645],[-76.97626,-12.07813],[-76.97504,-12.07871],[-76.97487,-12.07839],[-76.97484,-12.07804],[-76.97476,-12.07783],[-76.97462,-12.07765],[-76.97441,-12.07748],[-76.97379,-12.07933],[-76.97388,-12.08158],[-76.97385,-12.08205],[-76.97334,-12.08298],[-76.97301,-12.0835],[-76.97293,-12.08382],[-76.96993,-12.0833],[-76.96757,-12.08171],[-76.96696,-12.08111],[-76.96537,-12.07865],[-76.9631,-12.07657],[-76.96189,-12.07604],[-76.9604,-12.07571],[-76.95923,-12.07576],[-76.95831,-12.07595],[-76.95795,-12.07582],[-76.95739,-12.07604],[-76.95706,-12.07624],[-76.95672,-12.07656],[-76.95639,-12.07692],[-76.95609,-12.07729],[-76.95576,-12.0777],[-76.95557,-12.078],[-76.95551,-12.07837],[-76.95568,-12.07844],[-76.95603,-12.07873],[-76.95662,-12.0791],[-76.95733,-12.07956],[-76.95923,-12.08166],[-76.96007,-12.08286],[-76.9606,-12.08425],[-76.96088,-12.08516],[-76.96087,-12.08647],[-76.9603,-12.0909],[-76.95983,-12.09271],[-76.95909,-12.09376],[-76.95875,-12.09425],[-76.95825,-12.09564],[-76.95797,-12.09732],[-76.95727,-12.09812],[-76.95629,-12.09872],[-76.95555,-12.09929],[-76.95451,-12.10036],[-76.95405,-12.10099],[-76.95311,-12.10212],[-76.95204,-12.10352],[-76.95115,-12.10439],[-76.95077,-12.105],[-76.95058,-12.10654],[-76.95039,-12.10755],[-76.94985,-12.10876],[-76.94908,-12.10991],[-76.94876,-12.11094],[-76.94858,-12.11215],[-76.94839,-12.11353],[-76.94809,-12.11501],[-76.94775,-12.11754],[-76.9476,-12.11797],[-76.94724,-12.11836],[-76.9467,-12.11873],[-76.94617,-12.11882],[-76.94569,-12.11885],[-76.94493,-12.11919],[-76.94425,-12.11972],[-76.94385,-12.12033],[-76.94375,-12.12047],[-76.94316,-12.12076],[-76.94247,-12.12096],[-76.94189,-12.12099],[-76.94153,-12.12105],[-76.94119,-12.12151],[-76.94079,-12.12216],[-76.93785,-12.12247],[-76.93504,-12.12345],[-76.93321,-12.12376],[-76.93106,-12.12349],[-76.92954,-12.12292],[-76.92839,-12.1225],[-76.92577,-12.1216],[-76.92438,-12.121],[-76.92301,-12.12039],[-76.92174,-12.11957],[-76.92098,-12.1191],[-76.92018,-12.11893],[-76.91829,-12.11899],[-76.91815,-12.11906],[-76.91703,-12.1196],[-76.91647,-12.11987],[-76.91504,-12.12067],[-76.91436,-12.12104],[-76.91268,-12.12123],[-76.91163,-12.12168],[-76.91078,-12.12233],[-76.91063,-12.12213],[-76.9082,-12.11959],[-76.90658,-12.11759],[-76.90615,-12.11682],[-76.90566,-12.11596],[-76.90414,-12.11418],[-76.90387,-12.11407],[-76.90295,-12.11369],[-76.90124,-12.11354],[-76.90106,-12.11353],[-76.89811,-12.11437],[-76.89775,-12.11425],[-76.89738,-12.11412],[-76.89625,-12.11258],[-76.89538,-12.1099],[-76.89473,-12.10767],[-76.89423,-12.10599],[-76.89214,-12.10345],[-76.89167,-12.10299],[-76.8906,-12.10157],[-76.89013,-12.10038],[-76.88989,-12.09916],[-76.89004,-12.09818],[-76.89064,-12.09701],[-76.89155,-12.0956],[-76.89152,-12.09467],[-76.89141,-12.09374],[-76.89113,-12.09313],[-76.89089,-12.09303],[-76.89019,-12.09273],[-76.88913,-12.09272],[-76.88866,-12.09269],[-76.88758,-12.09264],[-76.88661,-12.09252],[-76.88582,-12.09237],[-76.88513,-12.09172],[-76.88489,-12.09112],[-76.88452,-12.09056],[-76.88404,-12.0898],[-76.88404,-12.08941],[-76.88432,-12.08871],[-76.88469,-12.08782],[-76.88518,-12.08733],[-76.88586,-12.08678],[-76.88628,-12.08624],[-76.88644,-12.08583],[-76.88644,-12.08556],[-76.88644,-12.08551],[-76.88622,-12.08518],[-76.88605,-12.08505],[-76.88581,-12.08485],[-76.8855,-12.0843],[-76.8854,-12.08351],[-76.88543,-12.0801],[-76.88538,-12.07758],[-76.8856,-12.07636],[-76.88614,-12.07612],[-76.88729,-12.0762],[-76.88875,-12.07583],[-76.88956,-12.07545],[-76.88989,-12.07445],[-76.89039,-12.07149],[-76.89045,-12.07086],[-76.89058,-12.06955],[-76.89112,-12.06721],[-76.89096,-12.0657],[-76.89009,-12.06349],[-76.88993,-12.06309],[-76.88964,-12.06147],[-76.88913,-12.05936],[-76.8919,-12.05891],[-76.89637,-12.0589],[-76.89861,-12.0595],[-76.89978,-12.06002],[-76.90116,-12.06044],[-76.90224,-12.06029],[-76.90343,-12.0599],[-76.90478,-12.05955],[-76.90591,-12.05945],[-76.90782,-12.05938],[-76.9099,-12.05941],[-76.91207,-12.05951],[-76.91371,-12.05952],[-76.91463,-12.05988],[-76.91472,-12.05992],[-76.91671,-12.06052],[-76.91747,-12.06149],[-76.91842,-12.0627],[-76.91919,-12.06376],[-76.92036,-12.06537],[-76.92128,-12.06604],[-76.9215,-12.06611],[-76.92154,-12.06612],[-76.92209,-12.06606],[-76.92309,-12.06583],[-76.92397,-12.06548],[-76.92423,-12.06537],[-76.92431,-12.06534],[-76.92458,-12.06533],[-76.92516,-12.06531],[-76.92618,-12.0656],[-76.92656,-12.06551],[-76.92689,-12.06543],[-76.92747,-12.06528],[-76.92861,-12.06455],[-76.92939,-12.064],[-76.93087,-12.06328],[-76.93229,-12.06319],[-76.93342,-12.06348],[-76.93419,-12.0638],[-76.93477,-12.06416],[-76.93501,-12.0643],[-76.93515,-12.06431],[-76.93518,-12.06432],[-76.93535,-12.06431],[-76.93555,-12.06423],[-76.93571,-12.06416],[-76.93582,-12.06415],[-76.93585,-12.06415],[-76.93598,-12.06416],[-76.93615,-12.06413],[-76.93639,-12.06409],[-76.93942,-12.06493],[-76.94006,-12.06405]]]}},{"type":"Feature","properties":{"id":"150115","name":"La Victoria"},"geometry":{"type":"Polygon","coordinates":[[[-77.00316,-12.06262],[-77.00388,-12.06238],[-77.0045,-12.06211],[-77.00537,-12.06144],[-77.00598,-12.06118],[-77.00632,-12.06105],[-77.00713,-12.06057],[-77.00729,-12.06033],[-77.01077,-12.06083],[-77.01379,-12.06115],[-77.01559,-12.0614],[-77.01661,-12.05889],[-77.01714,-12.05827],[-77.01742,-12.05746],[-77.02576,-12.05851],[-77.03541,-12.05955],[-77.03532,-12.06038],[-77.03131,-12.07077],[-77.02807,-12.07871],[-77.02435,-12.08802],[-77.02405,-12.08855],[-77.02351,-12.08945],[-77.0232,-12.08995],[-77.02302,-12.0902],[-77.02281,-12.09081],[-77.00983,-12.08916],[-77.01001,-12.08738],[-77.01011,-12.08673],[-77.01009,-12.08654],[-77.01006,-12.08628],[-77.00998,-12.08595],[-77.00993,-12.08554],[-77.00993,-12.08496],[-77.00414,-12.08408],[-77.00416,-12.08362],[-77.00419,-12.08341],[-77.0043,-12.08293],[-77.00435,-12.08277],[-77.00449,-12.08242],[-77.00484,-12.08182],[-77.00521,-12.08137],[-77.00569,-12.081],[-77.00602,-12.0808],[-77.00668,-12.08052],[-77.00742,-12.08034],[-77.00862,-12.08],[-77.00895,-12.07986],[-77.00922,-12.07971],[-77.00947,-12.07953],[-77.00988,-12.07911],[-77.01005,-12.07887],[-77.01036,-12.0782],[-77.01025,-12.07794],[-77.01009,-12.07702],[-77.01001,-12.07684],[-77.00989,-12.07668],[-77.00965,-12.07629],[-77.00952,-12.07613],[-77.00887,-12.07561],[-77.00788,-12.07493],[-77.0056,-12.07362],[-77.00524,-12.07341],[-77.00296,-12.07211],[-77.0025,-12.07192],[-76.99629,-12.06832],[-76.99952,-12.06419],[-76.99993,-12.0635],[-77.00041,-12.06346],[-77.00067,-12.06343],[-77.00123,-12.06334],[-77.00213,-12.06302],[-77.00229,-12.06294],[-77.00316,-12.06262]]]}},{"type":"Feature","properties":{"id":"150101","name":"Lima (Cercado)"},"geometry":{"type":"Polygon","coordinates":[[[-77.00178,-12.0617],[-77.00235,-12.06128],[-77.00285,-12.06097],[-77.00338,-12.06072],[-77.00374,-12.06058],[-77.004,-12.06056],[-77.00441,-12.06064],[-77.00472,-12.06061],[-77.00503,-12.06053],[-77.00533,-12.06057],[-77.00577,-12.06066],[-77.00606,-12.06064],[-77.0064,-12.06048],[-77.00674,-12.06028],[-77.00697,-12.05969],[-77.00715,-12.05922],[-77.00731,-12.05882],[-77.00742,-12.05868],[-77.00752,-12.05857],[-77.00773,-12.05836],[-77.0095,-12.05693],[-77.01031,-12.05613],[-77.0116,-12.05437],[-77.01226,-12.05362],[-77.01223,-12.05336],[-77.01209,-12.05299],[-77.01199,-12.05252],[-77.01161,-12.05157],[-77.01132,-12.05073],[-77.01109,-12.04969],[-77.01097,-12.04854],[-77.01088,-12.04742],[-77.01102,-12.04588],[-77.01088,-12.04585],[-77.01071,-12.04465],[-77.0109,-12.04376],[-77.00739,-12.04259],[-77.00701,-12.04288],[-77.00735,-12.04396],[-77.00809,-12.04587],[-77.00852,-12.04648],[-77.00809,-12.04728],[-77.00821,-12.04737],[-77.00838,-12.04765],[-77.0077,-12.04875],[-77.00751,-12.04891],[-77.00726,-12.04906],[-77.00685,-12.04962],[-77.00678,-12.04969],[-77.00672,-12.04965],[-77.00645,-12.04947],[-77.00603,-12.04918],[-77.00551,-12.04879],[-77.00517,-12.04848],[-77.00492,-12.04825],[-77.00478,-12.04796],[-77.00373,-12.04736],[-77.00343,-12.04728],[-77.00296,-12.04695],[-77.00474,-12.04166],[-77.00567,-12.03803],[-77.00596,-12.03758],[-77.00875,-12.03434],[-77.00888,-12.03409],[-77.00801,-12.03342],[-77.00973,-12.03065],[-77.01017,-12.03097],[-77.01064,-12.03127],[-77.0111,-12.03178],[-77.01139,-12.03229],[-77.01165,-12.03287],[-77.01199,-12.03351],[-77.01229,-12.03423],[-77.01227,-12.03469],[-77.01228,-12.03477],[-77.01253,-12.03625],[-77.01286,-12.03728],[-77.01298,-12.03767],[-77.01311,-12.03819],[-77.01318,-12.0386],[-77.01324,-12.0392],[-77.01337,-12.03958],[-77.01362,-12.04015],[-77.0139,-12.04073],[-77.01404,-12.04086],[-77.01418,-12.04115],[-77.01432,-12.04152],[-77.01453,-12.04183],[-77.0148,-12.04209],[-77.0152,-12.04238],[-77.0154,-12.04265],[-77.01561,-12.04297],[-77.01597,-12.04312],[-77.01631,-12.04326],[-77.01665,-12.04349],[-77.01699,-12.04373],[-77.01736,-12.044],[-77.01792,-12.04415],[-77.01858,-12.04426],[-77.01903,-12.04421],[-77.01927,-12.04415],[-77.01958,-12.04407],[-77.02015,-12.04399],[-77.02084,-12.04384],[-77.02136,-12.04378],[-77.0218,-12.04372],[-77.02222,-12.04368],[-77.02294,-12.04367],[-77.02362,-12.04362],[-77.02423,-12.0436],[-77.02485,-12.0436],[-77.02542,-12.04355],[-77.02597,-12.0435],[-77.02669,-12.04346],[-77.02756,-12.04343],[-77.02835,-12.04341],[-77.02916,-12.04343],[-77.02979,-12.04327],[-77.03019,-12.04312],[-77.03088,-12.04279],[-77.03118,-12.04262],[-77.03182,-12.04223],[-77.03249,-12.04193],[-77.0333,-12.04156],[-77.03411,-12.0413],[-77.03474,-12.04116],[-77.03519,-12.04097],[-77.03547,-12.04088],[-77.03586,-12.04075],[-77.03609,-12.04064],[-77.03637,-12.0405],[-77.03661,-12.04032],[-77.03701,-12.04019],[-77.03729,-12.04004],[-77.03758,-12.03987],[-77.03778,-12.03978],[-77.03806,-12.03973],[-77.03809,-12.03971],[-77.03829,-12.03963],[-77.0385,-12.03949],[-77.0389,-12.03938],[-77.03923,-12.03921],[-77.03957,-12.03909],[-77.03986,-12.039],[-77.04018,-12.03891],[-77.04051,-12.03889],[-77.04091,-12.03883],[-77.04138,-12.03887],[-77.04175,-12.03891],[-77.04207,-12.03889],[-77.04228,-12.03888],[-77.04296,-12.03882],[-77.04347,-12.03886],[-77.0437,-12.03881],[-77.04395,-12.03881],[-77.04421,-12.03884],[-77.04454,-12.03885],[-77.0449,-12.03888],[-77.04514,-12.03883],[-77.04544,-12.03876],[-77.0458,-12.03853],[-77.04609,-12.03803],[-77.04624,-12.0378],[-77.04645,-12.03762],[-77.04657,-12.03742],[-77.04669,-12.03722],[-77.04683,-12.03699],[-77.04694,-12.03685],[-77.04709,-12.03671],[-77.04721,-12.03657],[-77.04731,-12.03642],[-77.04743,-12.03627],[-77.04752,-12.03616],[-77.04769,-12.03599],[-77.04786,-12.03586],[-77.04797,-12.03581],[-77.04802,-12.03579],[-77.04816,-12.03572],[-77.04838,-12.03573],[-77.04858,-12.03574],[-77.04865,-12.03575],[-77.04994,-12.03588],[-77.04998,-12.0359],[-77.05033,-12.03597],[-77.05063,-12.03605],[-77.05093,-12.03615],[-77.05106,-12.03616],[-77.05119,-12.03621],[-77.05136,-12.03632],[-77.05165,-12.03641],[-77.05218,-12.03665],[-77.0523,-12.03671],[-77.05261,-12.03678],[-77.05288,-12.03684],[-77.05322,-12.03684],[-77.05354,-12.03677],[-77.05422,-12.03662],[-77.05455,-12.03653],[-77.05498,-12.03641],[-77.05517,-12.03642],[-77.05561,-12.03639],[-77.05601,-12.03643],[-77.05634,-12.03649],[-77.05665,-12.03649],[-77.05688,-12.03648],[-77.05724,-12.03642],[-77.05748,-12.03632],[-77.05776,-12.03623],[-77.05821,-12.03614],[-77.0586,-12.03605],[-77.05897,-12.03598],[-77.05949,-12.03589],[-77.0599,-12.03575],[-77.06034,-12.03566],[-77.06082,-12.03555],[-77.0614,-12.03544],[-77.06179,-12.03539],[-77.06218,-12.03533],[-77.06253,-12.0353],[-77.0627,-12.03526],[-77.06312,-12.0352],[-77.06371,-12.03519],[-77.06418,-12.03513],[-77.0646,-12.03507],[-77.06514,-12.035],[-77.06566,-12.03502],[-77.06619,-12.03487],[-77.06676,-12.03485],[-77.06729,-12.03484],[-77.06816,-12.03479],[-77.06889,-12.03463],[-77.06979,-12.03432],[-77.07037,-12.03431],[-77.07101,-12.03435],[-77.07151,-12.03435],[-77.07209,-12.03442],[-77.07251,-12.03452],[-77.07332,-12.03459],[-77.07405,-12.03475],[-77.0745,-12.03476],[-77.07491,-12.03487],[-77.0755,-12.03492],[-77.07593,-12.03499],[-77.0768,-12.03511],[-77.07743,-12.0353],[-77.0778,-12.03535],[-77.07813,-12.0354],[-77.07862,-12.0355],[-77.07908,-12.03552],[-77.07969,-12.03563],[-77.08017,-12.03574],[-77.08066,-12.03587],[-77.08121,-12.03607],[-77.08171,-12.03616],[-77.08214,-12.03624],[-77.08266,-12.03639],[-77.08294,-12.03642],[-77.08259,-12.03921],[-77.08317,-12.03925],[-77.08263,-12.04504],[-77.08172,-12.04496],[-77.08155,-12.04702],[-77.07868,-12.04674],[-77.07703,-12.04664],[-77.07687,-12.04701],[-77.07689,-12.04745],[-77.07707,-12.048],[-77.07748,-12.04864],[-77.07822,-12.05004],[-77.08515,-12.05147],[-77.0876,-12.05187],[-77.08758,-12.05197],[-77.08772,-12.05314],[-77.08786,-12.05432],[-77.08805,-12.05596],[-77.08822,-12.05741],[-77.08827,-12.05782],[-77.08837,-12.05873],[-77.08826,-12.05951],[-77.0882,-12.05987],[-77.08817,-12.06014],[-77.08812,-12.06051],[-77.08803,-12.06072],[-77.08788,-12.06092],[-77.08777,-12.061],[-77.08761,-12.06107],[-77.08728,-12.06142],[-77.08726,-12.06151],[-77.0865,-12.06141],[-77.0857,-12.06132],[-77.08301,-12.06098],[-77.08267,-12.06094],[-77.08179,-12.06079],[-77.07961,-12.06022],[-77.07905,-12.06007],[-77.07904,-12.06011],[-77.07891,-12.06086],[-77.07857,-12.06228],[-77.07815,-12.0641],[-77.0779,-12.0653],[-77.07779,-12.06617],[-77.07776,-12.06688],[-77.07768,-12.06823],[-77.07773,-12.06855],[-77.07496,-12.06792],[-77.06566,-12.06762],[-77.06515,-12.06761],[-77.06117,-12.06753],[-77.05964,-12.06301],[-77.05932,-12.06207],[-77.05921,-12.06176],[-77.05893,-12.06097],[-77.05879,-12.06046],[-77.05859,-12.05969],[-77.05849,-12.05897],[-77.05847,-12.05884],[-77.05845,-12.05875],[-77.05816,-12.05784],[-77.0579,-12.05705],[-77.0576,-12.05581],[-77.05674,-12.0545],[-77.05576,-12.0531],[-77.05537,-12.05255],[-77.05407,-12.04986],[-77.05372,-12.04913],[-77.0537,-12.0491],[-77.05308,-12.04921],[-77.0503,-12.04971],[-77.04721,-12.05035],[-77.04611,-12.05056],[-77.04511,-12.05072],[-77.04478,-12.05077],[-77.0424,-12.05087],[-77.04206,-12.05348],[-77.04198,-12.0552],[-77.04199,-12.05519],[-77.04193,-12.05581],[-77.04147,-12.06017],[-77.04231,-12.06118],[-77.04297,-12.06197],[-77.04318,-12.06225],[-77.04567,-12.06525],[-77.03753,-12.06421],[-77.03811,-12.06768],[-77.03629,-12.07985],[-77.02807,-12.07871],[-77.03131,-12.07077],[-77.03532,-12.06038],[-77.03541,-12.05955],[-77.02576,-12.05851],[-77.01742,-12.05746],[-77.01714,-12.05827],[-77.01661,-12.05889],[-77.01559,-12.0614],[-77.01379,-12.06115],[-77.01077,-12.06083],[-77.00729,-12.06033],[-77.00713,-12.06057],[-77.00632,-12.06105],[-77.00598,-12.06118],[-77.00537,-12.06144],[-77.0045,-12.06211],[-77.00388,-12.06238],[-77.00316,-12.06262],[-77.00285,-12.06158],[-77.00213,-12.06178],[-77.00187,-12.06184],[-77.00182,-12.06185],[-77.00178,-12.0617]]]}},{"type":"Feature","properties":{"id":"150116","name":"Lince"},"geometry":{"type":"Polygon","coordinates":[[[-77.02281,-12.09081],[-77.02302,-12.0902],[-77.0232,-12.08995],[-77.02351,-12.08945],[-77.02405,-12.08855],[-77.02435,-12.08802],[-77.02807,-12.07871],[-77.03629,-12.07985],[-77.03852,-12.08022],[-77.04172,-12.08065],[-77.0419,-12.08292],[-77.04364,-12.08319],[-77.04629,-12.08305],[-77.04859,-12.08504],[-77.04762,-12.09158],[-77.04649,-12.09142],[-77.04645,-12.09167],[-77.04306,-12.0912],[-77.04317,-12.09046],[-77.03373,-12.08917],[-77.03346,-12.09073],[-77.02988,-12.09119],[-77.03017,-12.09191],[-77.02281,-12.09081]]]}},{"type":"Feature","properties":{"id":"150117","name":"Los Olivos"},"geometry":{"type":"Polygon","coordinates":[[[-77.05982,-11.97692],[-77.06,-11.97674],[-77.0626,-11.96504],[-77.0644,-11.95654],[-77.06515,-11.95246],[-77.06985,-11.95316],[-77.06993,-11.95247],[-77.07008,-11.95177],[-77.07044,-11.95013],[-77.07071,-11.94812],[-77.07071,-11.94812],[-77.07074,-11.94791],[-77.07085,-11.94702],[-77.07095,-11.94556],[-77.07125,-11.94175],[-77.07138,-11.94017],[-77.07166,-11.93788],[-77.07193,-11.93545],[-77.07239,-11.93042],[-77.07266,-11.92745],[-77.07299,-11.92448],[-77.07299,-11.92447],[-77.07305,-11.92408],[-77.07324,-11.92251],[-77.07353,-11.91762],[-77.07376,-11.91777],[-77.07404,-11.91802],[-77.07444,-11.91866],[-77.07472,-11.91916],[-77.0748,-11.91954],[-77.07507,-11.91999],[-77.07529,-11.92048],[-77.07552,-11.92099],[-77.07579,-11.92139],[-77.07609,-11.92181],[-77.07621,-11.92218],[-77.07632,-11.92243],[-77.07646,-11.92268],[-77.0767,-11.92312],[-77.07699,-11.92358],[-77.07707,-11.92372],[-77.07712,-11.92407],[-77.07703,-11.92452],[-77.07704,-11.92491],[-77.07703,-11.9253],[-77.0771,-11.92574],[-77.07717,-11.92625],[-77.0772,-11.92652],[-77.0772,-11.92707],[-77.07726,-11.92768],[-77.07737,-11.92813],[-77.07761,-11.92866],[-77.07799,-11.92921],[-77.0785,-11.92968],[-77.07894,-11.93006],[-77.07942,-11.93045],[-77.08005,-11.93099],[-77.08069,-11.93135],[-77.08114,-11.93169],[-77.08128,-11.93193],[-77.08145,-11.93226],[-77.08154,-11.93275],[-77.0817,-11.9331],[-77.08199,-11.93372],[-77.0826,-11.93512],[-77.08298,-11.9358],[-77.08357,-11.93638],[-77.08404,-11.93672],[-77.08387,-11.93977],[-77.08388,-11.94028],[-77.08452,-11.9424],[-77.08501,-11.94407],[-77.08525,-11.94504],[-77.08561,-11.94633],[-77.08568,-11.94744],[-77.08576,-11.94869],[-77.08557,-11.95056],[-77.08555,-11.95055],[-77.08416,-11.96207],[-77.08375,-11.9648],[-77.08375,-11.96505],[-77.08376,-11.96692],[-77.08387,-11.9679],[-77.08407,-11.96864],[-77.08451,-11.96967],[-77.08457,-11.96982],[-77.08533,-11.97113],[-77.0878,-11.97402],[-77.08595,-11.97569],[-77.08522,-11.97607],[-77.08509,-11.97614],[-77.0843,-11.97639],[-77.08318,-11.97666],[-77.08581,-11.98255],[-77.07849,-11.98328],[-77.07855,-11.98415],[-77.07872,-11.98479],[-77.08008,-11.98728],[-77.08072,-11.9885],[-77.08136,-11.98987],[-77.08182,-11.99075],[-77.08247,-11.99178],[-77.08313,-11.99291],[-77.08398,-11.99439],[-77.08413,-11.9948],[-77.08471,-11.99638],[-77.08468,-11.99679],[-77.08461,-11.99772],[-77.08401,-11.99993],[-77.08367,-12.00119],[-77.08232,-12.00661],[-77.08203,-12.00811],[-77.08204,-12.00811],[-77.08199,-12.00829],[-77.08149,-12.00928],[-77.07975,-12.01272],[-77.07969,-12.01283],[-77.07686,-12.01224],[-77.07488,-12.01185],[-77.07315,-12.01157],[-77.07046,-12.01101],[-77.06768,-12.01002],[-77.06726,-12.00989],[-77.06641,-12.00957],[-77.06477,-12.0091],[-77.06418,-12.00893],[-77.06357,-12.00878],[-77.0614,-12.00836],[-77.06197,-12.00462],[-77.06253,-12.0004],[-77.06291,-11.99754],[-77.06319,-11.99599],[-77.06391,-11.99206],[-77.06404,-11.99135],[-77.06523,-11.9848],[-77.06563,-11.98159],[-77.06624,-11.97764],[-77.06423,-11.97735],[-77.06112,-11.9769],[-77.05982,-11.97692]]]}},{"type":"Feature","properties":{"id":"150118","name":"Lurigancho"},"geometry":{"type":"Polygon","coordinates":[[[-76.70402,-11.89138],[-76.70623,-11.89205],[-76.70792,-11.89241],[-76.70963,-11.89241],[-76.71091,-11.89215],[-76.71135,-11.89159],[-76.71182,-11.89077],[-76.71237,-11.88964],[-76.7135,-11.8888],[-76.71451,-11.88841],[-76.71678,-11.8877],[-76.7178,-11.88759],[-76.71824,-11.88712],[-76.71865,-11.88631],[-76.7194,-11.88508],[-76.72068,-11.88358],[-76.72159,-11.88242],[-76.7225,-11.88092],[-76.72374,-11.88001],[-76.72478,-11.87912],[-76.72488,-11.87902],[-76.72569,-11.87818],[-76.72634,-11.8771],[-76.7268,-11.8757],[-76.72668,-11.87454],[-76.72701,-11.8748],[-76.72722,-11.87503],[-76.72787,-11.87565],[-76.72794,-11.87571],[-76.72905,-11.87704],[-76.72969,-11.87772],[-76.73032,-11.87855],[-76.73069,-11.87922],[-76.7309,-11.88139],[-76.73097,-11.88162],[-76.731,-11.88168],[-76.73123,-11.88214],[-76.73141,-11.88267],[-76.73234,-11.88416],[-76.73319,-11.88591],[-76.73339,-11.88638],[-76.73429,-11.88735],[-76.73505,-11.88828],[-76.73639,-11.89025],[-76.73771,-11.8917],[-76.73821,-11.89241],[-76.73887,-11.89332],[-76.73961,-11.8938],[-76.74024,-11.89409],[-76.74081,-11.89451],[-76.74128,-11.89477],[-76.74169,-11.895],[-76.74257,-11.89498],[-76.74403,-11.89484],[-76.74517,-11.89473],[-76.7462,-11.89454],[-76.74701,-11.89439],[-76.74815,-11.89458],[-76.74865,-11.89483],[-76.74959,-11.89531],[-76.75096,-11.89677],[-76.75213,-11.89778],[-76.75287,-11.89817],[-76.75393,-11.89892],[-76.75481,-11.90035],[-76.75619,-11.90187],[-76.75706,-11.9029],[-76.75869,-11.90374],[-76.75994,-11.90429],[-76.76084,-11.90473],[-76.76287,-11.9055],[-76.76418,-11.90634],[-76.76611,-11.90771],[-76.76815,-11.90909],[-76.76892,-11.90952],[-76.77074,-11.91101],[-76.77278,-11.91319],[-76.77542,-11.91465],[-76.77696,-11.91569],[-76.77762,-11.91573],[-76.77811,-11.91542],[-76.77879,-11.91524],[-76.77957,-11.91547],[-76.78019,-11.91579],[-76.78205,-11.91716],[-76.78333,-11.91825],[-76.78494,-11.91922],[-76.78519,-11.91947],[-76.78685,-11.92103],[-76.78834,-11.92254],[-76.78898,-11.92373],[-76.78974,-11.92544],[-76.78997,-11.92569],[-76.79081,-11.92661],[-76.79168,-11.92761],[-76.79239,-11.92777],[-76.7935,-11.92822],[-76.79519,-11.92899],[-76.79592,-11.92912],[-76.79801,-11.92936],[-76.79914,-11.92912],[-76.80005,-11.92889],[-76.80014,-11.92887],[-76.80046,-11.92873],[-76.80096,-11.92852],[-76.80228,-11.92832],[-76.80282,-11.92835],[-76.80432,-11.92812],[-76.80577,-11.9279],[-76.80757,-11.9277],[-76.80944,-11.92793],[-76.8109,-11.92819],[-76.81217,-11.92803],[-76.8132,-11.92756],[-76.81405,-11.92708],[-76.81407,-11.92707],[-76.81463,-11.92675],[-76.81473,-11.92674],[-76.81541,-11.92667],[-76.81637,-11.92682],[-76.81726,-11.92732],[-76.81805,-11.92769],[-76.81816,-11.92774],[-76.82018,-11.92896],[-76.82291,-11.93198],[-76.82528,-11.93431],[-76.82577,-11.9358],[-76.82603,-11.93658],[-76.82591,-11.93839],[-76.8259,-11.94103],[-76.82647,-11.94234],[-76.82699,-11.94311],[-76.82748,-11.94364],[-76.82773,-11.94383],[-76.8284,-11.94438],[-76.82931,-11.94499],[-76.83043,-11.94517],[-76.832,-11.94516],[-76.83335,-11.94459],[-76.83338,-11.94458],[-76.83533,-11.94394],[-76.83701,-11.94301],[-76.83892,-11.94191],[-76.83979,-11.94139],[-76.84288,-11.93887],[-76.84409,-11.93735],[-76.84461,-11.9367],[-76.8455,-11.93578],[-76.8468,-11.93519],[-76.84883,-11.93507],[-76.84902,-11.93508],[-76.85032,-11.93516],[-76.85249,-11.93584],[-76.85468,-11.93721],[-76.85577,-11.93885],[-76.85734,-11.94076],[-76.85953,-11.9426],[-76.86144,-11.94377],[-76.86349,-11.94506],[-76.86589,-11.94635],[-76.86923,-11.94739],[-76.87408,-11.94848],[-76.87668,-11.94978],[-76.87838,-11.95094],[-76.87982,-11.95108],[-76.88189,-11.95113],[-76.88336,-11.9515],[-76.8864,-11.95231],[-76.89054,-11.95488],[-76.89375,-11.95622],[-76.89602,-11.95628],[-76.89987,-11.95546],[-76.90244,-11.95494],[-76.90582,-11.95465],[-76.90798,-11.95412],[-76.90927,-11.95437],[-76.91043,-11.95459],[-76.91218,-11.95564],[-76.91352,-11.95686],[-76.91498,-11.95815],[-76.91655,-11.95984],[-76.91828,-11.96004],[-76.91953,-11.95908],[-76.92023,-11.9578],[-76.92034,-11.95657],[-76.92063,-11.95377],[-76.92227,-11.95004],[-76.92349,-11.9473],[-76.92577,-11.94508],[-76.92775,-11.94356],[-76.92915,-11.9428],[-76.93137,-11.94217],[-76.93203,-11.9433],[-76.93239,-11.94469],[-76.93355,-11.94586],[-76.93493,-11.94647],[-76.9356,-11.94676],[-76.93713,-11.94759],[-76.93806,-11.94832],[-76.93849,-11.94918],[-76.93891,-11.95003],[-76.93974,-11.95129],[-76.9409,-11.95225],[-76.94266,-11.95282],[-76.94463,-11.95311],[-76.94621,-11.95246],[-76.94812,-11.95212],[-76.94921,-11.95259],[-76.95017,-11.95375],[-76.95004,-11.95551],[-76.95027,-11.95789],[-76.95056,-11.96071],[-76.95084,-11.96256],[-76.9535,-11.96944],[-76.95473,-11.97175],[-76.9569,-11.97462],[-76.95773,-11.97598],[-76.95792,-11.97638],[-76.95918,-11.97904],[-76.96101,-11.98175],[-76.96238,-11.9838],[-76.96292,-11.98524],[-76.96365,-11.98721],[-76.96469,-11.98916],[-76.96548,-11.99049],[-76.96668,-11.99249],[-76.96821,-11.99358],[-76.9694,-11.99493],[-76.96976,-11.99656],[-76.96963,-11.99858],[-76.96917,-12.00052],[-76.96741,-12.00428],[-76.96624,-12.00484],[-76.96502,-12.0052],[-76.96329,-12.00598],[-76.96172,-12.00628],[-76.96156,-12.00631],[-76.96146,-12.00639],[-76.96039,-12.00732],[-76.95938,-12.00805],[-76.95814,-12.00919],[-76.95641,-12.01035],[-76.95522,-12.01227],[-76.95473,-12.0129],[-76.95394,-12.01438],[-76.95293,-12.01682],[-76.95286,-12.01701],[-76.95277,-12.01725],[-76.95275,-12.01729],[-76.95222,-12.01777],[-76.95221,-12.01828],[-76.95216,-12.01869],[-76.95222,-12.01887],[-76.95225,-12.01912],[-76.95208,-12.01911],[-76.9521,-12.01934],[-76.95216,-12.01975],[-76.95237,-12.02033],[-76.95252,-12.02099],[-76.95264,-12.02126],[-76.95197,-12.02091],[-76.95129,-12.02075],[-76.95067,-12.02074],[-76.94938,-12.02058],[-76.94843,-12.02049],[-76.9471,-12.02049],[-76.94646,-12.02049],[-76.94605,-12.02051],[-76.94552,-12.02051],[-76.94509,-12.02061],[-76.94461,-12.02068],[-76.94408,-12.02075],[-76.94348,-12.02089],[-76.94285,-12.02089],[-76.94206,-12.02084],[-76.94152,-12.02082],[-76.94122,-12.02095],[-76.94057,-12.02118],[-76.94023,-12.02132],[-76.93995,-12.02142],[-76.93975,-12.02148],[-76.93911,-12.02161],[-76.93861,-12.0219],[-76.93838,-12.02198],[-76.93817,-12.02192],[-76.93673,-12.02143],[-76.93633,-12.02154],[-76.93601,-12.02162],[-76.9357,-12.02175],[-76.93526,-12.02186],[-76.93459,-12.02168],[-76.9339,-12.02173],[-76.93269,-12.02183],[-76.9315,-12.02195],[-76.93041,-12.02197],[-76.92891,-12.02197],[-76.9272,-12.022],[-76.92582,-12.02187],[-76.92494,-12.02187],[-76.92407,-12.0218],[-76.92325,-12.0216],[-76.92221,-12.02143],[-76.92132,-12.02122],[-76.92027,-12.02122],[-76.91953,-12.02107],[-76.9189,-12.02097],[-76.91804,-12.02079],[-76.91727,-12.02054],[-76.91655,-12.02056],[-76.91556,-12.02035],[-76.91502,-12.02035],[-76.91444,-12.02027],[-76.91422,-12.02013],[-76.91381,-12.01986],[-76.91302,-12.01953],[-76.9125,-12.01929],[-76.91195,-12.01891],[-76.91106,-12.0186],[-76.9105,-12.01838],[-76.90999,-12.01821],[-76.90953,-12.01808],[-76.90909,-12.01784],[-76.90854,-12.01782],[-76.9082,-12.01791],[-76.90776,-12.01791],[-76.90718,-12.01768],[-76.9067,-12.01753],[-76.90629,-12.01728],[-76.90564,-12.01712],[-76.90525,-12.01697],[-76.90491,-12.01695],[-76.90471,-12.01688],[-76.90445,-12.01675],[-76.90411,-12.01651],[-76.9038,-12.01629],[-76.90345,-12.01607],[-76.90314,-12.01595],[-76.90288,-12.01588],[-76.90264,-12.01583],[-76.90236,-12.01564],[-76.90207,-12.0155],[-76.90164,-12.01526],[-76.90137,-12.01503],[-76.9011,-12.01478],[-76.90089,-12.01462],[-76.90069,-12.01461],[-76.90054,-12.01458],[-76.90031,-12.0145],[-76.90017,-12.01444],[-76.89991,-12.01431],[-76.89965,-12.01419],[-76.89934,-12.01408],[-76.89866,-12.01389],[-76.89823,-12.01372],[-76.89782,-12.01358],[-76.89735,-12.0135],[-76.89684,-12.01336],[-76.8964,-12.01337],[-76.89601,-12.01327],[-76.89553,-12.01314],[-76.89505,-12.01307],[-76.89445,-12.01304],[-76.89396,-12.0129],[-76.89369,-12.0128],[-76.89346,-12.01278],[-76.89312,-12.01278],[-76.89268,-12.0128],[-76.89232,-12.01279],[-76.89198,-12.01275],[-76.89177,-12.01269],[-76.89123,-12.01263],[-76.89074,-12.01252],[-76.89044,-12.01251],[-76.89023,-12.01246],[-76.88991,-12.01238],[-76.88967,-12.01223],[-76.8895,-12.01215],[-76.88883,-12.01187],[-76.88844,-12.01171],[-76.88804,-12.01166],[-76.88761,-12.01162],[-76.88712,-12.01141],[-76.88659,-12.01125],[-76.88625,-12.01106],[-76.88591,-12.0109],[-76.88535,-12.01087],[-76.88486,-12.01083],[-76.88461,-12.01081],[-76.88405,-12.01067],[-76.88344,-12.01049],[-76.88292,-12.01029],[-76.88258,-12.01025],[-76.88226,-12.01007],[-76.88207,-12.01009],[-76.88192,-12.01011],[-76.88165,-12.01012],[-76.88147,-12.01009],[-76.88129,-12.00999],[-76.88086,-12.0099],[-76.88046,-12.00989],[-76.88025,-12.00983],[-76.88001,-12.0097],[-76.87986,-12.00956],[-76.8793,-12.0094],[-76.87873,-12.0093],[-76.87841,-12.00918],[-76.87807,-12.009],[-76.87769,-12.00883],[-76.87741,-12.00874],[-76.87693,-12.00877],[-76.87645,-12.00879],[-76.87594,-12.00879],[-76.87569,-12.00874],[-76.87538,-12.00869],[-76.87492,-12.00855],[-76.87462,-12.00856],[-76.87432,-12.00861],[-76.87391,-12.00859],[-76.87375,-12.00861],[-76.87356,-12.00867],[-76.87343,-12.00865],[-76.87327,-12.00856],[-76.87316,-12.00841],[-76.87299,-12.00827],[-76.87243,-12.00821],[-76.87211,-12.00821],[-76.87185,-12.00825],[-76.87164,-12.00825],[-76.87141,-12.00823],[-76.8712,-12.00814],[-76.87096,-12.00804],[-76.87049,-12.00802],[-76.86998,-12.00791],[-76.86965,-12.00778],[-76.86922,-12.0076],[-76.86885,-12.00741],[-76.86854,-12.00728],[-76.86813,-12.00714],[-76.8679,-12.00708],[-76.86767,-12.00713],[-76.8674,-12.00706],[-76.86701,-12.00696],[-76.86627,-12.00691],[-76.86577,-12.00686],[-76.86488,-12.00681],[-76.86422,-12.00655],[-76.86351,-12.00648],[-76.86268,-12.00645],[-76.86163,-12.0065],[-76.86133,-12.00634],[-76.86113,-12.00634],[-76.8609,-12.00631],[-76.8607,-12.00631],[-76.86047,-12.00634],[-76.86027,-12.0064],[-76.86002,-12.00641],[-76.85989,-12.00637],[-76.85974,-12.00629],[-76.85951,-12.00625],[-76.8593,-12.00618],[-76.85898,-12.00609],[-76.85861,-12.00608],[-76.85838,-12.00603],[-76.85813,-12.00603],[-76.85788,-12.00603],[-76.85775,-12.00602],[-76.85744,-12.00601],[-76.85713,-12.00601],[-76.85691,-12.00602],[-76.85484,-12.00588],[-76.85458,-12.00586],[-76.85436,-12.00583],[-76.8541,-12.00584],[-76.8537,-12.00566],[-76.85332,-12.0055],[-76.85304,-12.00541],[-76.85281,-12.00534],[-76.85252,-12.00526],[-76.85213,-12.00518],[-76.85194,-12.00516],[-76.85165,-12.00507],[-76.85135,-12.00501],[-76.85109,-12.00498],[-76.85089,-12.00493],[-76.85058,-12.00482],[-76.85037,-12.00471],[-76.85013,-12.00469],[-76.84968,-12.00469],[-76.84938,-12.00467],[-76.84912,-12.0047],[-76.84885,-12.00469],[-76.84866,-12.00469],[-76.84836,-12.0046],[-76.84807,-12.00448],[-76.84764,-12.00442],[-76.84732,-12.00433],[-76.8467,-12.00414],[-76.84603,-12.00373],[-76.8446,-12.00296],[-76.84362,-12.00227],[-76.84283,-12.00167],[-76.84199,-12.00106],[-76.84162,-12.00048],[-76.84144,-11.99991],[-76.84115,-11.99926],[-76.84112,-11.99881],[-76.84103,-11.99832],[-76.8409,-11.99779],[-76.84093,-11.99756],[-76.84091,-11.99713],[-76.84078,-11.9968],[-76.84067,-11.99659],[-76.84063,-11.9963],[-76.84063,-11.99612],[-76.84042,-11.99594],[-76.84029,-11.99574],[-76.83989,-11.99557],[-76.83962,-11.99548],[-76.83933,-11.99501],[-76.83903,-11.99448],[-76.83887,-11.99429],[-76.83843,-11.99382],[-76.83813,-11.9935],[-76.83769,-11.99295],[-76.83753,-11.99282],[-76.83721,-11.99259],[-76.83471,-11.99125],[-76.83225,-11.99039],[-76.83212,-11.99034],[-76.83173,-11.99028],[-76.83128,-11.99012],[-76.83077,-11.98993],[-76.83054,-11.98969],[-76.8303,-11.98934],[-76.82989,-11.989],[-76.82952,-11.98882],[-76.82913,-11.98884],[-76.82862,-11.98878],[-76.82819,-11.98874],[-76.8279,-11.98865],[-76.82772,-11.98859],[-76.82735,-11.98858],[-76.82727,-11.98857],[-76.82709,-11.98847],[-76.82687,-11.9883],[-76.82669,-11.98824],[-76.82644,-11.98828],[-76.82629,-11.98828],[-76.82571,-11.98818],[-76.82532,-11.98799],[-76.82509,-11.98796],[-76.82468,-11.98787],[-76.82425,-11.9877],[-76.82371,-11.98755],[-76.82329,-11.98727],[-76.82278,-11.98706],[-76.82215,-11.98678],[-76.82159,-11.98646],[-76.82109,-11.98613],[-76.82055,-11.98581],[-76.82013,-11.98554],[-76.81981,-11.98544],[-76.81943,-11.98533],[-76.81915,-11.98519],[-76.81884,-11.98501],[-76.8184,-11.98496],[-76.81781,-11.98475],[-76.81726,-11.98456],[-76.81667,-11.98437],[-76.81611,-11.98421],[-76.81555,-11.98405],[-76.81518,-11.98394],[-76.81467,-11.9839],[-76.8144,-11.98388],[-76.81422,-11.98376],[-76.81396,-11.98367],[-76.81359,-11.98363],[-76.81325,-11.9836],[-76.81301,-11.9836],[-76.81268,-11.98355],[-76.8121,-11.98355],[-76.8117,-11.98354],[-76.81114,-11.98365],[-76.81081,-11.98349],[-76.8104,-11.98349],[-76.81007,-11.9835],[-76.80954,-11.98356],[-76.80919,-11.98356],[-76.80883,-11.98352],[-76.80845,-11.98349],[-76.80816,-11.98348],[-76.80793,-11.98346],[-76.80756,-11.9834],[-76.80716,-11.98332],[-76.80685,-11.98324],[-76.80628,-11.98318],[-76.80573,-11.98299],[-76.80531,-11.98284],[-76.80501,-11.98274],[-76.80464,-11.98261],[-76.80435,-11.98263],[-76.80384,-11.98246],[-76.8035,-11.98239],[-76.80294,-11.98221],[-76.8025,-11.98215],[-76.80211,-11.98209],[-76.80133,-11.98185],[-76.80074,-11.98172],[-76.80007,-11.98142],[-76.79971,-11.98135],[-76.79925,-11.98111],[-76.79885,-11.9809],[-76.79812,-11.98064],[-76.79773,-11.98037],[-76.79748,-11.98025],[-76.79706,-11.98007],[-76.79663,-11.97987],[-76.79616,-11.97966],[-76.79574,-11.97934],[-76.79522,-11.9791],[-76.79491,-11.97888],[-76.7942,-11.97879],[-76.79351,-11.97877],[-76.79329,-11.97871],[-76.79288,-11.97876],[-76.79245,-11.97884],[-76.79171,-11.97847],[-76.79072,-11.97822],[-76.78915,-11.97798],[-76.78862,-11.978],[-76.78789,-11.97796],[-76.78699,-11.97769],[-76.78642,-11.97764],[-76.78517,-11.97748],[-76.78427,-11.9772],[-76.78366,-11.97691],[-76.78315,-11.97668],[-76.78271,-11.97648],[-76.78247,-11.9762],[-76.78205,-11.976],[-76.7816,-11.97572],[-76.78114,-11.97554],[-76.78044,-11.97522],[-76.78001,-11.97515],[-76.77966,-11.97515],[-76.77932,-11.97515],[-76.77884,-11.97514],[-76.77857,-11.97524],[-76.77795,-11.97515],[-76.77754,-11.97516],[-76.77718,-11.97516],[-76.77685,-11.97512],[-76.7766,-11.97511],[-76.77639,-11.97509],[-76.77621,-11.97509],[-76.77589,-11.97507],[-76.77558,-11.97508],[-76.77517,-11.97482],[-76.77488,-11.97464],[-76.77466,-11.97442],[-76.77433,-11.97438],[-76.77386,-11.97428],[-76.77364,-11.97426],[-76.77331,-11.97427],[-76.77295,-11.9743],[-76.77251,-11.97435],[-76.77219,-11.9744],[-76.77187,-11.97441],[-76.77133,-11.9743],[-76.77089,-11.97426],[-76.77048,-11.97419],[-76.77025,-11.97414],[-76.76989,-11.97398],[-76.7696,-11.97374],[-76.76934,-11.97365],[-76.76916,-11.97345],[-76.76891,-11.97326],[-76.76864,-11.97313],[-76.76814,-11.97291],[-76.76778,-11.97275],[-76.76749,-11.97269],[-76.7673,-11.97262],[-76.76712,-11.97259],[-76.76677,-11.97259],[-76.76641,-11.97265],[-76.76611,-11.9726],[-76.76575,-11.97266],[-76.7653,-11.9726],[-76.76499,-11.97244],[-76.76462,-11.97218],[-76.76423,-11.97195],[-76.76381,-11.97169],[-76.76357,-11.97156],[-76.76332,-11.97137],[-76.76313,-11.97127],[-76.7629,-11.97121],[-76.76256,-11.97116],[-76.76236,-11.97099],[-76.7622,-11.97082],[-76.76199,-11.97069],[-76.7617,-11.97062],[-76.76145,-11.97062],[-76.76116,-11.97064],[-76.76094,-11.97082],[-76.76082,-11.97087],[-76.76067,-11.97091],[-76.76048,-11.97101],[-76.76012,-11.97115],[-76.75983,-11.97128],[-76.75962,-11.97129],[-76.75943,-11.97131],[-76.75928,-11.97132],[-76.75906,-11.97134],[-76.7587,-11.97138],[-76.7584,-11.97141],[-76.75809,-11.97135],[-76.75766,-11.97126],[-76.7573,-11.97119],[-76.75698,-11.97113],[-76.75666,-11.97106],[-76.75619,-11.97094],[-76.75596,-11.97089],[-76.75562,-11.9708],[-76.75522,-11.9707],[-76.75465,-11.97052],[-76.75415,-11.97017],[-76.75383,-11.97001],[-76.75343,-11.96998],[-76.75308,-11.96987],[-76.75263,-11.96958],[-76.75239,-11.96949],[-76.75212,-11.96935],[-76.75192,-11.96919],[-76.75175,-11.96909],[-76.75159,-11.96897],[-76.75142,-11.96885],[-76.7512,-11.96876],[-76.75096,-11.96869],[-76.75073,-11.9687],[-76.75058,-11.96871],[-76.75044,-11.96873],[-76.75026,-11.9687],[-76.75004,-11.96867],[-76.74978,-11.96859],[-76.74953,-11.96847],[-76.74926,-11.9683],[-76.74898,-11.96807],[-76.74881,-11.96792],[-76.74863,-11.9678],[-76.74852,-11.96775],[-76.74841,-11.96771],[-76.74824,-11.96767],[-76.74804,-11.96765],[-76.74787,-11.96769],[-76.74771,-11.96769],[-76.74745,-11.96769],[-76.74717,-11.9677],[-76.74688,-11.9677],[-76.74654,-11.96771],[-76.74609,-11.96771],[-76.74549,-11.96765],[-76.74501,-11.96754],[-76.74474,-11.96747],[-76.74401,-11.96705],[-76.74373,-11.96672],[-76.7435,-11.96633],[-76.74332,-11.96594],[-76.74316,-11.9658],[-76.74293,-11.96569],[-76.74258,-11.96562],[-76.74224,-11.96551],[-76.74195,-11.96544],[-76.7417,-11.96532],[-76.74153,-11.96521],[-76.74141,-11.96506],[-76.7413,-11.96491],[-76.74108,-11.96479],[-76.74086,-11.96477],[-76.74063,-11.9648],[-76.73961,-11.96477],[-76.73907,-11.96462],[-76.73853,-11.96433],[-76.73709,-11.9633],[-76.73629,-11.96259],[-76.73541,-11.96231],[-76.73425,-11.96198],[-76.73395,-11.96193],[-76.73317,-11.96179],[-76.73295,-11.96175],[-76.73225,-11.96161],[-76.73217,-11.96159],[-76.73125,-11.96155],[-76.73089,-11.96185],[-76.73065,-11.9622],[-76.73024,-11.96302],[-76.72918,-11.96426],[-76.72809,-11.96611],[-76.72633,-11.96838],[-76.72515,-11.9699],[-76.7238,-11.97233],[-76.72313,-11.97418],[-76.7233,-11.97696],[-76.72229,-11.97982],[-76.7212,-11.98369],[-76.72061,-11.98512],[-76.71935,-11.98646],[-76.71682,-11.98823],[-76.71523,-11.98999],[-76.71479,-11.99236],[-76.71245,-11.99285],[-76.71001,-11.99294],[-76.7085,-11.99235],[-76.70648,-11.99083],[-76.70379,-11.98865],[-76.70152,-11.9868],[-76.70001,-11.98587],[-76.69886,-11.98596],[-76.69773,-11.98633],[-76.69589,-11.9866],[-76.69424,-11.98663],[-76.69333,-11.98649],[-76.69223,-11.98679],[-76.69067,-11.98688],[-76.68916,-11.98797],[-76.68716,-11.98907],[-76.68588,-11.98949],[-76.68428,-11.9894],[-76.681,-11.98806],[-76.67957,-11.98646],[-76.67789,-11.98528],[-76.67663,-11.98369],[-76.67478,-11.98133],[-76.67351,-11.98018],[-76.67234,-11.98015],[-76.67083,-11.98041],[-76.6694,-11.98091],[-76.66788,-11.98049],[-76.66511,-11.97923],[-76.66351,-11.97923],[-76.66141,-11.97906],[-76.65981,-11.97729],[-76.65805,-11.97629],[-76.65636,-11.97519],[-76.6551,-11.97359],[-76.65468,-11.97183],[-76.65392,-11.97099],[-76.65224,-11.97057],[-76.65022,-11.96914],[-76.64833,-11.96737],[-76.6485,-11.96616],[-76.64846,-11.96451],[-76.6477,-11.96207],[-76.64686,-11.96048],[-76.64668,-11.95771],[-76.64668,-11.95591],[-76.64693,-11.95425],[-76.64696,-11.95288],[-76.64727,-11.95226],[-76.64871,-11.95055],[-76.65132,-11.9482],[-76.65283,-11.94627],[-76.65485,-11.944],[-76.65905,-11.94013],[-76.66124,-11.93794],[-76.66242,-11.9366],[-76.66502,-11.93475],[-76.66662,-11.93365],[-76.66923,-11.93264],[-76.67066,-11.93105],[-76.67133,-11.92995],[-76.67172,-11.92894],[-76.67125,-11.92786],[-76.67085,-11.92717],[-76.67043,-11.92612],[-76.66996,-11.92545],[-76.66976,-11.92483],[-76.66877,-11.92355],[-76.66901,-11.92323],[-76.66914,-11.92257],[-76.66926,-11.92168],[-76.66937,-11.92134],[-76.66944,-11.92119],[-76.66965,-11.92112],[-76.67037,-11.92099],[-76.67105,-11.92093],[-76.67156,-11.9209],[-76.67202,-11.92082],[-76.67211,-11.9208],[-76.67247,-11.92071],[-76.67266,-11.92056],[-76.67269,-11.92047],[-76.67284,-11.92028],[-76.67326,-11.92005],[-76.6737,-11.91953],[-76.67473,-11.91847],[-76.67496,-11.91823],[-76.6753,-11.91788],[-76.67553,-11.91748],[-76.6756,-11.91735],[-76.6758,-11.91709],[-76.67591,-11.91702],[-76.67609,-11.91683],[-76.67645,-11.91677],[-76.67679,-11.91681],[-76.67722,-11.91681],[-76.67779,-11.91664],[-76.67896,-11.91618],[-76.68026,-11.91566],[-76.68083,-11.91536],[-76.68104,-11.915],[-76.68123,-11.91419],[-76.68133,-11.91391],[-76.68143,-11.91356],[-76.68169,-11.91267],[-76.68183,-11.91199],[-76.68189,-11.91186],[-76.68227,-11.91107],[-76.68349,-11.91006],[-76.68528,-11.90864],[-76.68638,-11.90801],[-76.68692,-11.90771],[-76.68814,-11.90691],[-76.6894,-11.90572],[-76.69034,-11.90448],[-76.69176,-11.90292],[-76.69285,-11.90189],[-76.69334,-11.90041],[-76.69368,-11.89814],[-76.69414,-11.89656],[-76.69611,-11.8949],[-76.69849,-11.89356],[-76.70015,-11.89292],[-76.70084,-11.89265],[-76.70343,-11.89149],[-76.70402,-11.89138]]]}},{"type":"Feature","properties":{"id":"150119","name":"Lurín"},"geometry":{"type":"Polygon","coordinates":[[[-76.93986,-12.24773],[-76.93962,-12.24788],[-76.93916,-12.24819],[-76.93889,-12.24827],[-76.93873,-12.2484],[-76.93852,-12.24863],[-76.93821,-12.2488],[-76.93807,-12.2489],[-76.93781,-12.24912],[-76.9375,-12.2492],[-76.93715,-12.24934],[-76.93696,-12.24938],[-76.93667,-12.24964],[-76.93649,-12.24977],[-76.93631,-12.24993],[-76.93605,-12.25004],[-76.93571,-12.25015],[-76.93547,-12.25022],[-76.93526,-12.25035],[-76.93506,-12.25053],[-76.93481,-12.25074],[-76.93457,-12.25091],[-76.93432,-12.25109],[-76.93387,-12.25135],[-76.93358,-12.25154],[-76.93326,-12.25169],[-76.9331,-12.2518],[-76.93265,-12.25211],[-76.93258,-12.25219],[-76.93236,-12.2523],[-76.93215,-12.25239],[-76.93194,-12.25251],[-76.93177,-12.25268],[-76.93161,-12.25276],[-76.93124,-12.25299],[-76.93098,-12.25317],[-76.93072,-12.25343],[-76.93034,-12.25359],[-76.92985,-12.25366],[-76.92964,-12.25373],[-76.92935,-12.25392],[-76.929,-12.25425],[-76.9287,-12.25455],[-76.92845,-12.2548],[-76.92818,-12.25503],[-76.92793,-12.2551],[-76.92779,-12.25524],[-76.92764,-12.2553],[-76.92756,-12.25543],[-76.92739,-12.25556],[-76.92721,-12.25556],[-76.92709,-12.25564],[-76.92675,-12.25576],[-76.92635,-12.25598],[-76.92586,-12.25641],[-76.92542,-12.25673],[-76.92506,-12.25693],[-76.92468,-12.25728],[-76.92437,-12.25756],[-76.92412,-12.25763],[-76.92381,-12.25777],[-76.92357,-12.25793],[-76.92331,-12.2583],[-76.92306,-12.25854],[-76.92259,-12.25876],[-76.92236,-12.25897],[-76.92203,-12.2593],[-76.92168,-12.25957],[-76.92102,-12.2598],[-76.92065,-12.25995],[-76.92044,-12.26017],[-76.92019,-12.26047],[-76.92003,-12.26072],[-76.91975,-12.26086],[-76.91968,-12.26103],[-76.91948,-12.26112],[-76.91925,-12.26118],[-76.919,-12.2614],[-76.9186,-12.26173],[-76.91824,-12.26215],[-76.91791,-12.26239],[-76.91763,-12.26254],[-76.91719,-12.26274],[-76.91689,-12.26293],[-76.91669,-12.26318],[-76.91644,-12.26334],[-76.91629,-12.26346],[-76.916,-12.26364],[-76.91582,-12.26384],[-76.91557,-12.26394],[-76.91525,-12.26409],[-76.91506,-12.26428],[-76.91468,-12.26452],[-76.91431,-12.26459],[-76.91387,-12.26467],[-76.91353,-12.26483],[-76.91328,-12.26508],[-76.91304,-12.26541],[-76.91283,-12.26574],[-76.91266,-12.26597],[-76.91231,-12.26616],[-76.91197,-12.26635],[-76.91171,-12.26653],[-76.91151,-12.26682],[-76.9113,-12.26689],[-76.91099,-12.26702],[-76.9108,-12.26712],[-76.91059,-12.26733],[-76.9104,-12.26748],[-76.9101,-12.26781],[-76.90967,-12.2682],[-76.90949,-12.26832],[-76.90931,-12.26844],[-76.90914,-12.26846],[-76.90875,-12.26862],[-76.90848,-12.26865],[-76.90818,-12.26877],[-76.90785,-12.2688],[-76.90765,-12.26897],[-76.9074,-12.26926],[-76.90707,-12.26967],[-76.90686,-12.26999],[-76.90656,-12.27022],[-76.90636,-12.27034],[-76.90597,-12.27049],[-76.90567,-12.27065],[-76.90537,-12.27093],[-76.90516,-12.27123],[-76.90489,-12.27153],[-76.90476,-12.27156],[-76.90465,-12.27157],[-76.90449,-12.2716],[-76.90419,-12.27177],[-76.90408,-12.27181],[-76.90389,-12.27184],[-76.90377,-12.27187],[-76.90369,-12.27191],[-76.90355,-12.27202],[-76.90334,-12.27226],[-76.90317,-12.27244],[-76.9029,-12.27272],[-76.90274,-12.27289],[-76.90267,-12.27298],[-76.90255,-12.27309],[-76.90242,-12.27317],[-76.90229,-12.27326],[-76.9022,-12.27328],[-76.90212,-12.27328],[-76.90193,-12.27336],[-76.90172,-12.27345],[-76.90153,-12.27357],[-76.90138,-12.27371],[-76.90117,-12.27391],[-76.90106,-12.27403],[-76.90079,-12.27427],[-76.90065,-12.27443],[-76.90056,-12.27451],[-76.9005,-12.27459],[-76.90044,-12.27472],[-76.90039,-12.27478],[-76.90027,-12.2749],[-76.90023,-12.27499],[-76.9002,-12.27516],[-76.8999,-12.27537],[-76.89983,-12.27546],[-76.89975,-12.27559],[-76.89965,-12.27569],[-76.89951,-12.27579],[-76.89939,-12.27592],[-76.89922,-12.27618],[-76.89911,-12.27628],[-76.89893,-12.27652],[-76.89873,-12.2768],[-76.89863,-12.27693],[-76.89851,-12.27711],[-76.89843,-12.27724],[-76.89833,-12.27739],[-76.89813,-12.27756],[-76.898,-12.2777],[-76.8979,-12.27782],[-76.89769,-12.27801],[-76.89759,-12.27811],[-76.89755,-12.27818],[-76.89749,-12.27826],[-76.89746,-12.27833],[-76.89734,-12.27854],[-76.89728,-12.27863],[-76.89719,-12.27877],[-76.89705,-12.27896],[-76.89692,-12.27909],[-76.89678,-12.27923],[-76.89662,-12.27941],[-76.89646,-12.27954],[-76.89624,-12.27976],[-76.8961,-12.27988],[-76.8959,-12.28001],[-76.89586,-12.28007],[-76.89575,-12.28019],[-76.89569,-12.28029],[-76.89559,-12.28041],[-76.89551,-12.28049],[-76.89544,-12.28056],[-76.89538,-12.28064],[-76.89528,-12.2807],[-76.89512,-12.28082],[-76.89501,-12.28088],[-76.89474,-12.28103],[-76.89459,-12.28112],[-76.89457,-12.2812],[-76.89449,-12.28123],[-76.89429,-12.28137],[-76.8942,-12.28141],[-76.89402,-12.28152],[-76.89382,-12.28167],[-76.89368,-12.28174],[-76.89359,-12.28181],[-76.89346,-12.28192],[-76.89329,-12.28202],[-76.89322,-12.28211],[-76.89306,-12.28218],[-76.89287,-12.2823],[-76.8927,-12.28243],[-76.8926,-12.28246],[-76.89229,-12.28276],[-76.89212,-12.28287],[-76.89185,-12.28305],[-76.89167,-12.28319],[-76.89143,-12.2833],[-76.89128,-12.28342],[-76.89113,-12.28352],[-76.8904,-12.28396],[-76.89006,-12.28413],[-76.88961,-12.28435],[-76.88948,-12.28441],[-76.88939,-12.28439],[-76.88932,-12.28443],[-76.88925,-12.2845],[-76.88915,-12.28456],[-76.88904,-12.2846],[-76.88895,-12.2847],[-76.88877,-12.28474],[-76.88861,-12.28489],[-76.88848,-12.28489],[-76.88841,-12.28487],[-76.88833,-12.28489],[-76.8882,-12.28493],[-76.88817,-12.28501],[-76.8881,-12.28508],[-76.88793,-12.28509],[-76.88784,-12.28513],[-76.88777,-12.28521],[-76.88767,-12.28522],[-76.88757,-12.28518],[-76.88742,-12.28522],[-76.88723,-12.2853],[-76.88704,-12.2854],[-76.88695,-12.28542],[-76.88682,-12.28549],[-76.88665,-12.28551],[-76.8865,-12.28558],[-76.8864,-12.28558],[-76.88626,-12.2857],[-76.88614,-12.28573],[-76.88596,-12.28574],[-76.88576,-12.28586],[-76.88554,-12.28589],[-76.88527,-12.28601],[-76.88515,-12.286],[-76.885,-12.28606],[-76.88493,-12.28606],[-76.88479,-12.28618],[-76.88462,-12.28616],[-76.88435,-12.28627],[-76.88432,-12.28633],[-76.88419,-12.28634],[-76.88409,-12.28644],[-76.88399,-12.28655],[-76.88366,-12.28659],[-76.88352,-12.28668],[-76.88343,-12.28669],[-76.88328,-12.28672],[-76.88321,-12.28684],[-76.88313,-12.2869],[-76.88296,-12.28694],[-76.88286,-12.28695],[-76.88272,-12.28701],[-76.88256,-12.28712],[-76.88246,-12.28715],[-76.8824,-12.28713],[-76.8823,-12.28715],[-76.88225,-12.28722],[-76.88214,-12.28728],[-76.88191,-12.28733],[-76.88182,-12.28739],[-76.88175,-12.28748],[-76.88164,-12.28754],[-76.88147,-12.28755],[-76.88133,-12.28768],[-76.88116,-12.28768],[-76.8811,-12.28775],[-76.88099,-12.28779],[-76.88075,-12.28782],[-76.8806,-12.28795],[-76.88049,-12.28796],[-76.88034,-12.28812],[-76.88014,-12.28818],[-76.88004,-12.28824],[-76.87992,-12.28833],[-76.8797,-12.28833],[-76.87962,-12.28836],[-76.87947,-12.2885],[-76.87937,-12.28856],[-76.87925,-12.28858],[-76.87914,-12.28867],[-76.87899,-12.28879],[-76.87877,-12.28882],[-76.87865,-12.28896],[-76.87854,-12.28899],[-76.8784,-12.28899],[-76.87827,-12.28902],[-76.87809,-12.28918],[-76.87787,-12.2892],[-76.87775,-12.28925],[-76.87772,-12.28933],[-76.87763,-12.28937],[-76.87752,-12.28938],[-76.87739,-12.28941],[-76.87721,-12.28954],[-76.87712,-12.28953],[-76.87705,-12.28956],[-76.87702,-12.28961],[-76.87693,-12.28967],[-76.87673,-12.28971],[-76.87665,-12.28979],[-76.87654,-12.28987],[-76.87642,-12.28988],[-76.8763,-12.28995],[-76.87613,-12.28998],[-76.87605,-12.28998],[-76.87592,-12.29009],[-76.87583,-12.29011],[-76.87558,-12.29028],[-76.87537,-12.29034],[-76.87529,-12.2904],[-76.87516,-12.29042],[-76.87503,-12.29046],[-76.87495,-12.29056],[-76.8748,-12.29063],[-76.87464,-12.29065],[-76.87444,-12.29079],[-76.87428,-12.29082],[-76.8742,-12.29093],[-76.87409,-12.29097],[-76.87396,-12.29098],[-76.87384,-12.29105],[-76.87367,-12.29116],[-76.87351,-12.29115],[-76.87338,-12.29128],[-76.87319,-12.29129],[-76.87307,-12.29137],[-76.87298,-12.29148],[-76.8727,-12.29158],[-76.87239,-12.29167],[-76.87202,-12.29179],[-76.87171,-12.29196],[-76.87121,-12.29212],[-76.87102,-12.29216],[-76.87046,-12.29229],[-76.87006,-12.29237],[-76.86979,-12.29251],[-76.86951,-12.2927],[-76.86932,-12.29288],[-76.86922,-12.29292],[-76.86898,-12.29305],[-76.86876,-12.29309],[-76.86868,-12.29318],[-76.86844,-12.29324],[-76.86829,-12.29337],[-76.86793,-12.29354],[-76.86752,-12.29371],[-76.86697,-12.29396],[-76.86654,-12.29415],[-76.86634,-12.29425],[-76.86592,-12.29447],[-76.86535,-12.29472],[-76.86429,-12.29521],[-76.86272,-12.29581],[-76.86194,-12.2959],[-76.86151,-12.29616],[-76.8608,-12.29691],[-76.85986,-12.29739],[-76.8593,-12.2977],[-76.85847,-12.29831],[-76.85793,-12.29869],[-76.85751,-12.29909],[-76.8568,-12.29949],[-76.85617,-12.29976],[-76.85579,-12.30007],[-76.85529,-12.30019],[-76.85476,-12.30057],[-76.85421,-12.30107],[-76.85382,-12.30161],[-76.85328,-12.30218],[-76.85268,-12.3026],[-76.85213,-12.3029],[-76.85165,-12.30322],[-76.8512,-12.30354],[-76.85035,-12.30418],[-76.84977,-12.30477],[-76.8497,-12.30507],[-76.84964,-12.30532],[-76.84899,-12.30603],[-76.84842,-12.30616],[-76.84791,-12.30635],[-76.84724,-12.30689],[-76.84707,-12.30695],[-76.8465,-12.30743],[-76.84606,-12.30788],[-76.8457,-12.30828],[-76.84535,-12.30859],[-76.845,-12.30893],[-76.84492,-12.3091],[-76.84456,-12.30939],[-76.84439,-12.30976],[-76.84423,-12.30988],[-76.84403,-12.31004],[-76.84391,-12.31021],[-76.84373,-12.31054],[-76.84365,-12.31072],[-76.84351,-12.31099],[-76.84342,-12.31114],[-76.84328,-12.31136],[-76.84318,-12.31154],[-76.8431,-12.3117],[-76.84207,-12.31059],[-76.83919,-12.30774],[-76.83895,-12.30704],[-76.82938,-12.29393],[-76.82794,-12.29198],[-76.82369,-12.28789],[-76.82185,-12.28638],[-76.82032,-12.28494],[-76.81969,-12.28379],[-76.8193,-12.28297],[-76.81924,-12.28285],[-76.81858,-12.28249],[-76.81595,-12.28179],[-76.81454,-12.28147],[-76.80826,-12.27912],[-76.80522,-12.27741],[-76.8008,-12.27431],[-76.79931,-12.27283],[-76.7989,-12.27221],[-76.79804,-12.27112],[-76.79759,-12.27043],[-76.79737,-12.26996],[-76.79719,-12.26971],[-76.79625,-12.26892],[-76.79597,-12.26839],[-76.79564,-12.26803],[-76.79456,-12.26735],[-76.79373,-12.26674],[-76.79243,-12.26551],[-76.79199,-12.26519],[-76.79067,-12.26453],[-76.79037,-12.26442],[-76.79003,-12.26436],[-76.78937,-12.26441],[-76.78907,-12.26438],[-76.78844,-12.26397],[-76.78779,-12.26345],[-76.78737,-12.26329],[-76.78662,-12.26329],[-76.78579,-12.26357],[-76.78461,-12.2637],[-76.78332,-12.26401],[-76.78169,-12.26409],[-76.78117,-12.26416],[-76.78034,-12.26409],[-76.77992,-12.26395],[-76.77908,-12.26337],[-76.77728,-12.26243],[-76.77683,-12.26239],[-76.77546,-12.26248],[-76.77427,-12.26249],[-76.77376,-12.26242],[-76.77308,-12.2622],[-76.7719,-12.26132],[-76.77142,-12.26108],[-76.77108,-12.26092],[-76.77049,-12.26085],[-76.76916,-12.26087],[-76.76806,-12.26065],[-76.76774,-12.26046],[-76.76706,-12.25975],[-76.76666,-12.25915],[-76.76654,-12.25888],[-76.7664,-12.25832],[-76.76637,-12.25791],[-76.76637,-12.25738],[-76.76623,-12.25696],[-76.76577,-12.25619],[-76.7656,-12.25568],[-76.76515,-12.2548],[-76.76441,-12.25381],[-76.76396,-12.25285],[-76.76372,-12.25245],[-76.76338,-12.25215],[-76.76219,-12.25177],[-76.76076,-12.25118],[-76.76036,-12.25096],[-76.75969,-12.25037],[-76.75934,-12.25016],[-76.75915,-12.25014],[-76.75891,-12.25017],[-76.75858,-12.25029],[-76.75842,-12.25039],[-76.75812,-12.25092],[-76.75776,-12.25201],[-76.75752,-12.25248],[-76.75728,-12.25277],[-76.75687,-12.25297],[-76.75599,-12.25302],[-76.75532,-12.25296],[-76.755,-12.25285],[-76.75434,-12.2525],[-76.75368,-12.25234],[-76.753,-12.25194],[-76.75256,-12.25181],[-76.75209,-12.25179],[-76.75153,-12.25193],[-76.74998,-12.25257],[-76.74881,-12.25312],[-76.74813,-12.25334],[-76.74746,-12.25341],[-76.74498,-12.25336],[-76.74267,-12.25341],[-76.74155,-12.25362],[-76.74074,-12.2537],[-76.74007,-12.25364],[-76.7382,-12.25289],[-76.73747,-12.25269],[-76.73645,-12.25254],[-76.73567,-12.25221],[-76.73499,-12.25177],[-76.73481,-12.25152],[-76.73452,-12.25092],[-76.73424,-12.25046],[-76.73386,-12.25005],[-76.73353,-12.24988],[-76.73348,-12.24954],[-76.73325,-12.24912],[-76.73309,-12.2487],[-76.73271,-12.24804],[-76.73209,-12.24745],[-76.7312,-12.24645],[-76.73088,-12.24615],[-76.72992,-12.24562],[-76.72884,-12.24525],[-76.72757,-12.24471],[-76.72499,-12.24434],[-76.72316,-12.24393],[-76.72204,-12.24262],[-76.72125,-12.24191],[-76.7207,-12.24095],[-76.72063,-12.24061],[-76.72066,-12.23961],[-76.7207,-12.23919],[-76.72105,-12.23787],[-76.72142,-12.23586],[-76.72139,-12.23543],[-76.72123,-12.23498],[-76.72047,-12.23332],[-76.72018,-12.23257],[-76.71885,-12.23031],[-76.71853,-12.2295],[-76.71827,-12.22904],[-76.71731,-12.22802],[-76.71666,-12.22759],[-76.71618,-12.2272],[-76.71573,-12.22676],[-76.71535,-12.22619],[-76.71507,-12.2255],[-76.71452,-12.22479],[-76.71345,-12.22386],[-76.7129,-12.22367],[-76.71224,-12.22353],[-76.71137,-12.22341],[-76.70973,-12.22339],[-76.70885,-12.22326],[-76.70771,-12.22296],[-76.70714,-12.22266],[-76.70678,-12.22238],[-76.70618,-12.22164],[-76.70569,-12.22082],[-76.70532,-12.22047],[-76.70433,-12.21991],[-76.70393,-12.2198],[-76.70247,-12.21966],[-76.70165,-12.21931],[-76.70057,-12.21848],[-76.70038,-12.21839],[-76.69993,-12.2183],[-76.69946,-12.21803],[-76.69928,-12.21786],[-76.69902,-12.21744],[-76.69891,-12.21734],[-76.69873,-12.21732],[-76.69822,-12.21747],[-76.69807,-12.21744],[-76.69788,-12.21733],[-76.69771,-12.21714],[-76.6975,-12.21666],[-76.69707,-12.21606],[-76.6968,-12.21549],[-76.69659,-12.21472],[-76.69657,-12.21418],[-76.6965,-12.21374],[-76.69629,-12.21327],[-76.69542,-12.21195],[-76.69524,-12.21168],[-76.69426,-12.21068],[-76.69409,-12.21044],[-76.69407,-12.21015],[-76.69418,-12.20994],[-76.6944,-12.2097],[-76.69505,-12.20928],[-76.69524,-12.20903],[-76.69527,-12.20882],[-76.69523,-12.20858],[-76.69497,-12.208],[-76.69461,-12.20761],[-76.6936,-12.20687],[-76.693,-12.20621],[-76.69277,-12.20578],[-76.69254,-12.20505],[-76.69228,-12.20471],[-76.692,-12.20455],[-76.69143,-12.20438],[-76.69109,-12.20419],[-76.69096,-12.20407],[-76.69074,-12.20375],[-76.69054,-12.20292],[-76.69029,-12.20253],[-76.69012,-12.20235],[-76.68918,-12.20169],[-76.68809,-12.20125],[-76.68783,-12.2011],[-76.68675,-12.20029],[-76.68624,-12.19987],[-76.68577,-12.19954],[-76.68518,-12.19932],[-76.68487,-12.19915],[-76.68461,-12.19894],[-76.68416,-12.1984],[-76.68382,-12.1981],[-76.68364,-12.19785],[-76.68358,-12.19767],[-76.68368,-12.19663],[-76.68361,-12.19614],[-76.68323,-12.19534],[-76.68286,-12.19479],[-76.68258,-12.19421],[-76.68244,-12.19401],[-76.68215,-12.19381],[-76.68183,-12.19375],[-76.68144,-12.19378],[-76.68036,-12.19398],[-76.67985,-12.194],[-76.6796,-12.19394],[-76.67943,-12.1938],[-76.67905,-12.19333],[-76.67884,-12.19314],[-76.67759,-12.19224],[-76.67697,-12.19144],[-76.67663,-12.19111],[-76.67624,-12.19093],[-76.67516,-12.19077],[-76.67435,-12.19041],[-76.6741,-12.19018],[-76.67388,-12.18971],[-76.67364,-12.18934],[-76.67293,-12.18879],[-76.67251,-12.18862],[-76.67154,-12.18843],[-76.6707,-12.1878],[-76.66981,-12.18745],[-76.66902,-12.18702],[-76.66814,-12.18678],[-76.66743,-12.18638],[-76.66594,-12.1858],[-76.6651,-12.18526],[-76.66472,-12.1849],[-76.66452,-12.18459],[-76.66438,-12.18427],[-76.66378,-12.18287],[-76.66273,-12.17961],[-76.66203,-12.17796],[-76.66322,-12.17812],[-76.66444,-12.17902],[-76.66591,-12.18014],[-76.66726,-12.17995],[-76.66958,-12.1793],[-76.67175,-12.17782],[-76.6738,-12.17677],[-76.67518,-12.17592],[-76.67714,-12.17557],[-76.67805,-12.17571],[-76.67971,-12.17597],[-76.68189,-12.17632],[-76.68443,-12.17735],[-76.68678,-12.17948],[-76.68874,-12.18121],[-76.69025,-12.18179],[-76.69154,-12.18112],[-76.69398,-12.18001],[-76.69607,-12.17966],[-76.69774,-12.17914],[-76.69878,-12.17881],[-76.70016,-12.17832],[-76.70074,-12.17831],[-76.70238,-12.17828],[-76.7029,-12.17816],[-76.70313,-12.1781],[-76.70429,-12.17783],[-76.70549,-12.17672],[-76.70647,-12.1753],[-76.7078,-12.17308],[-76.7094,-12.17077],[-76.71113,-12.16975],[-76.71358,-12.1689],[-76.71629,-12.1685],[-76.71869,-12.16824],[-76.72024,-12.16788],[-76.72228,-12.16719],[-76.7228,-12.16701],[-76.723,-12.16695],[-76.72509,-12.16628],[-76.7269,-12.16563],[-76.7275,-12.16551],[-76.72844,-12.16533],[-76.72877,-12.16526],[-76.731,-12.1649],[-76.73251,-12.1645],[-76.73398,-12.16441],[-76.73589,-12.16593],[-76.73775,-12.16726],[-76.73975,-12.1681],[-76.74113,-12.16908],[-76.74193,-12.17175],[-76.74308,-12.17437],[-76.74466,-12.17622],[-76.74605,-12.17746],[-76.74815,-12.17743],[-76.74939,-12.1773],[-76.75073,-12.17779],[-76.75139,-12.17895],[-76.75419,-12.18223],[-76.75695,-12.18459],[-76.75837,-12.18499],[-76.7586,-12.18493],[-76.75962,-12.18468],[-76.7617,-12.18423],[-76.76526,-12.18467],[-76.7653,-12.18468],[-76.76797,-12.18539],[-76.7693,-12.18614],[-76.77015,-12.18788],[-76.77104,-12.18917],[-76.7725,-12.19001],[-76.77347,-12.19044],[-76.77401,-12.19068],[-76.77606,-12.19161],[-76.77797,-12.19392],[-76.77988,-12.19565],[-76.78143,-12.19725],[-76.78375,-12.19872],[-76.78675,-12.20064],[-76.78762,-12.20168],[-76.78914,-12.20287],[-76.7892,-12.20291],[-76.79103,-12.20308],[-76.79259,-12.20245],[-76.79301,-12.202],[-76.79388,-12.20108],[-76.79512,-12.19965],[-76.79672,-12.1989],[-76.79961,-12.19868],[-76.80321,-12.19814],[-76.80493,-12.19816],[-76.80588,-12.19788],[-76.8075,-12.19773],[-76.80752,-12.19774],[-76.81014,-12.19801],[-76.81294,-12.19801],[-76.8145,-12.19845],[-76.81605,-12.20005],[-76.81681,-12.2021],[-76.81747,-12.20414],[-76.81814,-12.20552],[-76.82014,-12.20734],[-76.82347,-12.21125],[-76.82747,-12.21419],[-76.83169,-12.21574],[-76.83284,-12.21609],[-76.83427,-12.21615],[-76.83551,-12.21616],[-76.83694,-12.21594],[-76.83783,-12.21594],[-76.83856,-12.21618],[-76.83943,-12.21665],[-76.8403,-12.21702],[-76.84105,-12.21714],[-76.84189,-12.21754],[-76.84276,-12.21806],[-76.84361,-12.21864],[-76.84362,-12.21866],[-76.84388,-12.21907],[-76.84428,-12.21953],[-76.84466,-12.21957],[-76.845,-12.21983],[-76.84521,-12.22016],[-76.84551,-12.2206],[-76.84583,-12.22117],[-76.84574,-12.2217],[-76.84534,-12.22227],[-76.84501,-12.22295],[-76.84501,-12.22339],[-76.84488,-12.22413],[-76.84458,-12.22474],[-76.84387,-12.22584],[-76.84387,-12.22671],[-76.84381,-12.22721],[-76.84378,-12.22746],[-76.84361,-12.22765],[-76.84333,-12.2278],[-76.84315,-12.22794],[-76.84311,-12.22828],[-76.84313,-12.22847],[-76.84317,-12.22881],[-76.84329,-12.22945],[-76.84344,-12.22974],[-76.84403,-12.2302],[-76.8445,-12.23055],[-76.84468,-12.23083],[-76.84453,-12.23126],[-76.84424,-12.23171],[-76.84375,-12.23203],[-76.84367,-12.23246],[-76.84377,-12.23319],[-76.84393,-12.23375],[-76.84395,-12.23381],[-76.84392,-12.2339],[-76.84368,-12.2348],[-76.84335,-12.23543],[-76.84323,-12.23596],[-76.84328,-12.23632],[-76.84623,-12.23777],[-76.84765,-12.23858],[-76.84924,-12.23951],[-76.84976,-12.23952],[-76.85012,-12.23919],[-76.8506,-12.23878],[-76.85114,-12.23827],[-76.85125,-12.23792],[-76.85135,-12.23742],[-76.85149,-12.23688],[-76.85179,-12.23622],[-76.85231,-12.23514],[-76.85255,-12.23483],[-76.85279,-12.23466],[-76.85318,-12.23467],[-76.85337,-12.23462],[-76.85356,-12.23456],[-76.85362,-12.23454],[-76.85394,-12.23424],[-76.85431,-12.23388],[-76.85462,-12.23354],[-76.8549,-12.23316],[-76.85515,-12.23309],[-76.85574,-12.23331],[-76.85621,-12.23369],[-76.85662,-12.23457],[-76.85697,-12.235],[-76.85728,-12.23524],[-76.85782,-12.23566],[-76.85825,-12.23611],[-76.85852,-12.23639],[-76.8589,-12.2368],[-76.85899,-12.23724],[-76.85927,-12.23798],[-76.85965,-12.23885],[-76.85966,-12.23885],[-76.85981,-12.23876],[-76.86004,-12.23876],[-76.86033,-12.23866],[-76.86067,-12.23834],[-76.86093,-12.23812],[-76.8615,-12.23762],[-76.8616,-12.23735],[-76.86167,-12.23713],[-76.86181,-12.23686],[-76.86203,-12.23658],[-76.86229,-12.23647],[-76.86253,-12.23629],[-76.86267,-12.23618],[-76.86311,-12.23581],[-76.86369,-12.23648],[-76.86419,-12.23706],[-76.86446,-12.23737],[-76.86521,-12.23826],[-76.86521,-12.23827],[-76.86563,-12.2392],[-76.86572,-12.23916],[-76.86691,-12.23868],[-76.86678,-12.23836],[-76.86576,-12.2359],[-76.86534,-12.23487],[-76.86648,-12.2341],[-76.86684,-12.23356],[-76.86688,-12.23312],[-76.86668,-12.23264],[-76.86668,-12.23242],[-76.86752,-12.23084],[-76.86807,-12.22976],[-76.86837,-12.22951],[-76.87052,-12.22785],[-76.87083,-12.22746],[-76.87104,-12.22709],[-76.87173,-12.22636],[-76.87236,-12.22555],[-76.87265,-12.22507],[-76.87251,-12.22431],[-76.87223,-12.22366],[-76.87222,-12.22367],[-76.87144,-12.22233],[-76.8712,-12.22183],[-76.87116,-12.22124],[-76.87116,-12.22074],[-76.87167,-12.22043],[-76.87262,-12.21991],[-76.87294,-12.21984],[-76.87374,-12.21975],[-76.87398,-12.21965],[-76.87478,-12.21905],[-76.87528,-12.21873],[-76.87578,-12.21848],[-76.87692,-12.2177],[-76.8774,-12.21745],[-76.87794,-12.21664],[-76.87892,-12.21579],[-76.87929,-12.21529],[-76.87972,-12.21493],[-76.8803,-12.21446],[-76.8816,-12.21361],[-76.88202,-12.21291],[-76.88254,-12.21232],[-76.8832,-12.21161],[-76.8836,-12.2109],[-76.88408,-12.21054],[-76.88449,-12.2104],[-76.88533,-12.21032],[-76.88636,-12.21032],[-76.88742,-12.21011],[-76.8884,-12.20963],[-76.88913,-12.20943],[-76.88979,-12.20895],[-76.89049,-12.20825],[-76.89095,-12.20776],[-76.89045,-12.20987],[-76.88997,-12.21148],[-76.88948,-12.21306],[-76.88928,-12.21415],[-76.88936,-12.2145],[-76.89549,-12.21802],[-76.8966,-12.21882],[-76.8983,-12.22084],[-76.89976,-12.22267],[-76.90073,-12.22423],[-76.90155,-12.22588],[-76.90207,-12.22722],[-76.90518,-12.23146],[-76.90518,-12.23147],[-76.90708,-12.234],[-76.90762,-12.23432],[-76.90789,-12.23445],[-76.90801,-12.23448],[-76.90832,-12.2345],[-76.91096,-12.23349],[-76.91108,-12.2338],[-76.91124,-12.23434],[-76.91147,-12.23492],[-76.91158,-12.23523],[-76.91177,-12.23579],[-76.9118,-12.2359],[-76.91196,-12.23643],[-76.91208,-12.23674],[-76.9122,-12.23703],[-76.91227,-12.23733],[-76.9123,-12.23744],[-76.91236,-12.23768],[-76.91238,-12.23776],[-76.91242,-12.23827],[-76.91237,-12.23873],[-76.91231,-12.23896],[-76.91226,-12.23916],[-76.91224,-12.23924],[-76.91204,-12.23988],[-76.91189,-12.24022],[-76.91164,-12.24069],[-76.91117,-12.24145],[-76.91131,-12.2416],[-76.91173,-12.24208],[-76.91279,-12.24294],[-76.91394,-12.24393],[-76.91495,-12.24537],[-76.91511,-12.24647],[-76.91486,-12.24731],[-76.91468,-12.24825],[-76.91488,-12.24895],[-76.91554,-12.24951],[-76.91608,-12.24972],[-76.91714,-12.25013],[-76.91787,-12.25003],[-76.91867,-12.24965],[-76.91958,-12.24939],[-76.92159,-12.24904],[-76.92343,-12.24904],[-76.92418,-12.24918],[-76.92496,-12.24933],[-76.92611,-12.24965],[-76.92656,-12.25014],[-76.92741,-12.25256],[-76.92852,-12.25183],[-76.93033,-12.25046],[-76.93473,-12.24716],[-76.93522,-12.2468],[-76.9381,-12.24528],[-76.93986,-12.24773]]]}},{"type":"Feature","properties":{"id":"150120","name":"Magdalena del Mar"},"geometry":{"type":"Polygon","coordinates":[[[-77.06314,-12.08654],[-77.06333,-12.08662],[-77.06348,-12.08665],[-77.0721,-12.08358],[-77.07222,-12.08377],[-77.07229,-12.08376],[-77.07354,-12.08581],[-77.07392,-12.08568],[-77.07491,-12.0875],[-77.07375,-12.08796],[-77.07409,-12.08894],[-77.07512,-12.0886],[-77.07619,-12.09154],[-77.07747,-12.09503],[-77.07768,-12.09558],[-77.07763,-12.09561],[-77.07757,-12.09564],[-77.07746,-12.0957],[-77.07734,-12.09579],[-77.07723,-12.09585],[-77.07714,-12.09589],[-77.07704,-12.09593],[-77.07693,-12.09599],[-77.07679,-12.09607],[-77.07671,-12.09613],[-77.07674,-12.09625],[-77.07671,-12.0963],[-77.07663,-12.09627],[-77.07659,-12.09621],[-77.07645,-12.09625],[-77.07635,-12.09629],[-77.07623,-12.09634],[-77.07614,-12.09639],[-77.07594,-12.09649],[-77.0757,-12.0966],[-77.07556,-12.09668],[-77.07543,-12.09674],[-77.07533,-12.09679],[-77.07521,-12.09687],[-77.07523,-12.09699],[-77.07515,-12.09703],[-77.075,-12.09694],[-77.07484,-12.09701],[-77.07467,-12.09711],[-77.07449,-12.09719],[-77.07431,-12.09726],[-77.0741,-12.09739],[-77.07393,-12.09746],[-77.0738,-12.09753],[-77.07369,-12.09758],[-77.07357,-12.09765],[-77.07353,-12.09772],[-77.07359,-12.09784],[-77.07353,-12.09792],[-77.07345,-12.09788],[-77.07339,-12.09782],[-77.07333,-12.09784],[-77.07326,-12.09788],[-77.07318,-12.09792],[-77.07308,-12.09797],[-77.073,-12.09802],[-77.07289,-12.0981],[-77.07282,-12.09813],[-77.07269,-12.09823],[-77.07261,-12.09828],[-77.07256,-12.09832],[-77.07248,-12.09836],[-77.0724,-12.09842],[-77.07234,-12.0985],[-77.07225,-12.09862],[-77.07217,-12.09878],[-77.07208,-12.09898],[-77.07204,-12.09908],[-77.07194,-12.09933],[-77.07199,-12.09942],[-77.07202,-12.09949],[-77.07213,-12.0997],[-77.07223,-12.09988],[-77.07228,-12.10001],[-77.0722,-12.10004],[-77.07212,-12.09991],[-77.07205,-12.09979],[-77.07195,-12.09962],[-77.07189,-12.09951],[-77.07181,-12.09951],[-77.07165,-12.09953],[-77.07159,-12.09957],[-77.07149,-12.09961],[-77.0714,-12.09964],[-77.07131,-12.09969],[-77.07121,-12.09975],[-77.0711,-12.09983],[-77.07101,-12.09989],[-77.07092,-12.09994],[-77.07085,-12.09998],[-77.0708,-12.10002],[-77.07061,-12.10014],[-77.06966,-12.10058],[-77.06946,-12.10067],[-77.06936,-12.10071],[-77.06927,-12.10076],[-77.0692,-12.10077],[-77.06911,-12.1008],[-77.06906,-12.10083],[-77.06899,-12.10085],[-77.06895,-12.10089],[-77.06886,-12.10092],[-77.06879,-12.10096],[-77.06868,-12.101],[-77.0686,-12.10105],[-77.06852,-12.10108],[-77.0684,-12.10113],[-77.06824,-12.1012],[-77.06817,-12.10123],[-77.06808,-12.10127],[-77.06798,-12.1013],[-77.06789,-12.10134],[-77.06781,-12.10138],[-77.0677,-12.10142],[-77.06759,-12.10147],[-77.06751,-12.1015],[-77.06745,-12.10152],[-77.06737,-12.10156],[-77.0673,-12.1016],[-77.06723,-12.10164],[-77.06712,-12.1017],[-77.067,-12.10175],[-77.06691,-12.10179],[-77.06682,-12.10185],[-77.06673,-12.10191],[-77.06668,-12.10194],[-77.06658,-12.10198],[-77.06649,-12.10202],[-77.06642,-12.10205],[-77.06637,-12.10207],[-77.06625,-12.10214],[-77.0661,-12.10225],[-77.06602,-12.10232],[-77.06592,-12.1024],[-77.06587,-12.10244],[-77.06577,-12.10248],[-77.06572,-12.10253],[-77.06563,-12.10259],[-77.06555,-12.10263],[-77.06545,-12.10266],[-77.0654,-12.1027],[-77.06532,-12.10274],[-77.06526,-12.10278],[-77.06519,-12.10282],[-77.0651,-12.10288],[-77.065,-12.10296],[-77.06492,-12.10304],[-77.06485,-12.10311],[-77.06476,-12.10318],[-77.06464,-12.10328],[-77.06446,-12.10344],[-77.06435,-12.10352],[-77.0643,-12.10358],[-77.06422,-12.10365],[-77.06415,-12.10374],[-77.06408,-12.10385],[-77.06403,-12.10404],[-77.06402,-12.10413],[-77.06405,-12.10422],[-77.06408,-12.10429],[-77.06412,-12.10436],[-77.06421,-12.10446],[-77.06429,-12.1045],[-77.06436,-12.10456],[-77.06446,-12.10466],[-77.0645,-12.1047],[-77.06454,-12.10475],[-77.06458,-12.1048],[-77.06456,-12.10488],[-77.06447,-12.10488],[-77.0644,-12.1048],[-77.06433,-12.10475],[-77.06426,-12.1047],[-77.06421,-12.10465],[-77.06416,-12.10462],[-77.06407,-12.10456],[-77.06397,-12.1045],[-77.0639,-12.10448],[-77.06381,-12.10451],[-77.06371,-12.10457],[-77.06356,-12.10463],[-77.0635,-12.10466],[-77.06331,-12.10478],[-77.06307,-12.10495],[-77.06292,-12.10504],[-77.06275,-12.10514],[-77.06263,-12.10521],[-77.06258,-12.10527],[-77.0625,-12.10533],[-77.06237,-12.10543],[-77.06223,-12.10551],[-77.06212,-12.10557],[-77.06203,-12.10562],[-77.06193,-12.10569],[-77.06184,-12.10575],[-77.06175,-12.1058],[-77.06165,-12.10587],[-77.06151,-12.10598],[-77.06142,-12.10604],[-77.06128,-12.10614],[-77.06122,-12.10619],[-77.06114,-12.10626],[-77.06108,-12.10634],[-77.06101,-12.10642],[-77.06092,-12.10658],[-77.06087,-12.10672],[-77.06087,-12.1068],[-77.0609,-12.10685],[-77.06104,-12.10703],[-77.06108,-12.10709],[-77.06114,-12.10719],[-77.06124,-12.10729],[-77.06132,-12.10733],[-77.06136,-12.10737],[-77.06138,-12.10744],[-77.06147,-12.10749],[-77.06148,-12.10764],[-77.06146,-12.10769],[-77.06141,-12.10772],[-77.06135,-12.10771],[-77.0613,-12.10767],[-77.06127,-12.10758],[-77.06121,-12.1075],[-77.06108,-12.10751],[-77.06103,-12.10752],[-77.06097,-12.10753],[-77.06092,-12.10755],[-77.06086,-12.10758],[-77.0608,-12.1076],[-77.06071,-12.10766],[-77.06047,-12.10701],[-77.06031,-12.10517],[-77.06036,-12.10465],[-77.06051,-12.10421],[-77.06062,-12.10373],[-77.06062,-12.10326],[-77.06054,-12.10296],[-77.06067,-12.10252],[-77.06078,-12.10213],[-77.06075,-12.10182],[-77.06068,-12.10146],[-77.06057,-12.10107],[-77.06079,-12.10094],[-77.0602,-12.09989],[-77.05995,-12.10002],[-77.05948,-12.099],[-77.05937,-12.09862],[-77.05838,-12.09667],[-77.05888,-12.0964],[-77.05738,-12.09255],[-77.05577,-12.09339],[-77.05498,-12.09189],[-77.06242,-12.08704],[-77.06314,-12.08654]]]}},{"type":"Feature","properties":{"id":"150122","name":"Miraflores"},"geometry":{"type":"Polygon","coordinates":[[[-77.00259,-12.12656],[-77.00468,-12.12368],[-77.01017,-12.11569],[-77.01303,-12.11753],[-77.0132,-12.11769],[-77.01325,-12.11787],[-77.01325,-12.11879],[-77.0138,-12.11882],[-77.0138,-12.11938],[-77.01729,-12.11944],[-77.01728,-12.12055],[-77.01821,-12.12056],[-77.01824,-12.12056],[-77.01822,-12.12009],[-77.01821,-12.11971],[-77.01821,-12.11941],[-77.01823,-12.11941],[-77.0241,-12.11984],[-77.02492,-12.11927],[-77.02519,-12.11918],[-77.02582,-12.11916],[-77.02583,-12.11912],[-77.02614,-12.11746],[-77.02618,-12.1172],[-77.02615,-12.11689],[-77.02595,-12.11433],[-77.02596,-12.11411],[-77.026,-12.11348],[-77.02614,-12.11198],[-77.02631,-12.11035],[-77.02656,-12.1082],[-77.02731,-12.10632],[-77.02742,-12.10597],[-77.02746,-12.1053],[-77.02747,-12.1036],[-77.02732,-12.10284],[-77.03149,-12.10355],[-77.03661,-12.11003],[-77.03716,-12.11006],[-77.03825,-12.10897],[-77.03904,-12.10975],[-77.03995,-12.10886],[-77.04046,-12.10835],[-77.04311,-12.11085],[-77.04352,-12.11065],[-77.04415,-12.11048],[-77.045,-12.11045],[-77.04619,-12.11046],[-77.04669,-12.11094],[-77.04927,-12.10837],[-77.05142,-12.11033],[-77.05152,-12.11022],[-77.05162,-12.11012],[-77.0517,-12.11004],[-77.05177,-12.10995],[-77.05186,-12.10986],[-77.0519,-12.10982],[-77.05197,-12.10975],[-77.05201,-12.1097],[-77.05208,-12.10963],[-77.05221,-12.1095],[-77.05236,-12.10933],[-77.05248,-12.10919],[-77.05258,-12.10908],[-77.05276,-12.10888],[-77.05289,-12.10874],[-77.05306,-12.10854],[-77.05315,-12.10845],[-77.0532,-12.10896],[-77.05327,-12.10929],[-77.05331,-12.1094],[-77.05334,-12.10945],[-77.05343,-12.10954],[-77.05351,-12.10961],[-77.05356,-12.10964],[-77.05374,-12.10969],[-77.05429,-12.1097],[-77.05442,-12.10974],[-77.05447,-12.10977],[-77.05455,-12.10984],[-77.05462,-12.1099],[-77.05469,-12.10995],[-77.05474,-12.10998],[-77.05479,-12.11001],[-77.05486,-12.11004],[-77.05493,-12.1101],[-77.05496,-12.11015],[-77.05498,-12.11022],[-77.05497,-12.11029],[-77.05496,-12.11036],[-77.05494,-12.11045],[-77.05498,-12.11052],[-77.05501,-12.11057],[-77.05507,-12.11062],[-77.05516,-12.11069],[-77.05535,-12.11078],[-77.05542,-12.11081],[-77.05559,-12.11089],[-77.05569,-12.11094],[-77.05575,-12.11097],[-77.05597,-12.11102],[-77.05591,-12.11107],[-77.05585,-12.1111],[-77.05574,-12.11115],[-77.05568,-12.11118],[-77.05562,-12.11122],[-77.05555,-12.11127],[-77.05546,-12.11133],[-77.05539,-12.11137],[-77.05533,-12.1114],[-77.05526,-12.11144],[-77.05517,-12.11147],[-77.05509,-12.1115],[-77.05501,-12.11155],[-77.05495,-12.11162],[-77.05487,-12.11168],[-77.05479,-12.11172],[-77.05466,-12.11176],[-77.05458,-12.11181],[-77.05451,-12.11186],[-77.05446,-12.11191],[-77.05441,-12.11194],[-77.05435,-12.11197],[-77.0543,-12.11199],[-77.05423,-12.11204],[-77.05414,-12.11209],[-77.05406,-12.11215],[-77.05398,-12.1122],[-77.05393,-12.11223],[-77.05386,-12.11227],[-77.05374,-12.11232],[-77.05368,-12.11235],[-77.05361,-12.11239],[-77.05349,-12.11244],[-77.05343,-12.11247],[-77.05337,-12.11252],[-77.05333,-12.11256],[-77.05329,-12.11264],[-77.05323,-12.11269],[-77.05315,-12.11271],[-77.05307,-12.11274],[-77.053,-12.11279],[-77.05294,-12.11284],[-77.05289,-12.1129],[-77.05284,-12.11295],[-77.05274,-12.11298],[-77.05262,-12.11308],[-77.05252,-12.11318],[-77.05244,-12.11328],[-77.05236,-12.11335],[-77.05226,-12.11343],[-77.05214,-12.11352],[-77.05207,-12.11357],[-77.05201,-12.11362],[-77.05192,-12.11369],[-77.05186,-12.11375],[-77.05181,-12.11381],[-77.05176,-12.11385],[-77.05164,-12.11391],[-77.05155,-12.11399],[-77.05146,-12.11407],[-77.05139,-12.11415],[-77.05128,-12.11426],[-77.05123,-12.11432],[-77.05116,-12.1144],[-77.0511,-12.11449],[-77.05105,-12.11455],[-77.051,-12.11462],[-77.05094,-12.11468],[-77.0509,-12.11472],[-77.05083,-12.11479],[-77.05075,-12.11488],[-77.05068,-12.11498],[-77.05063,-12.11505],[-77.05059,-12.11512],[-77.05056,-12.11518],[-77.05053,-12.11525],[-77.0505,-12.11529],[-77.05048,-12.11536],[-77.05046,-12.11542],[-77.05041,-12.11549],[-77.05035,-12.11557],[-77.05032,-12.11564],[-77.05025,-12.11576],[-77.05023,-12.11582],[-77.0502,-12.11591],[-77.05019,-12.11598],[-77.0502,-12.11603],[-77.05023,-12.11617],[-77.05025,-12.11624],[-77.05028,-12.11633],[-77.05032,-12.11643],[-77.05036,-12.11652],[-77.05127,-12.11741],[-77.05117,-12.1175],[-77.05034,-12.11668],[-77.05027,-12.11668],[-77.05014,-12.11674],[-77.04999,-12.11688],[-77.04983,-12.117],[-77.0497,-12.1171],[-77.04954,-12.11721],[-77.0494,-12.11735],[-77.04927,-12.11746],[-77.04911,-12.11758],[-77.04889,-12.1177],[-77.04879,-12.11781],[-77.04862,-12.11793],[-77.04846,-12.11798],[-77.04831,-12.11808],[-77.04807,-12.1182],[-77.04788,-12.11827],[-77.04773,-12.11831],[-77.04763,-12.11839],[-77.04758,-12.11848],[-77.04745,-12.11853],[-77.04731,-12.11857],[-77.0471,-12.1187],[-77.04701,-12.11875],[-77.04685,-12.11887],[-77.04679,-12.119],[-77.0467,-12.11905],[-77.04661,-12.11909],[-77.04649,-12.11918],[-77.04636,-12.11928],[-77.04626,-12.11937],[-77.0461,-12.11951],[-77.04596,-12.11963],[-77.04591,-12.11968],[-77.04585,-12.11972],[-77.04582,-12.11979],[-77.04576,-12.11987],[-77.0457,-12.11997],[-77.04561,-12.12007],[-77.04559,-12.12016],[-77.04556,-12.12024],[-77.04554,-12.12032],[-77.04553,-12.1204],[-77.04552,-12.12046],[-77.04556,-12.12055],[-77.04561,-12.12061],[-77.04566,-12.12065],[-77.0457,-12.12071],[-77.04572,-12.12077],[-77.04577,-12.12082],[-77.04586,-12.12087],[-77.04593,-12.12096],[-77.04593,-12.12106],[-77.04601,-12.12118],[-77.04604,-12.12127],[-77.04601,-12.12138],[-77.04653,-12.12192],[-77.04647,-12.12199],[-77.04593,-12.12146],[-77.04586,-12.12146],[-77.0458,-12.12146],[-77.04573,-12.12148],[-77.04566,-12.12148],[-77.04561,-12.12151],[-77.04551,-12.12155],[-77.04544,-12.12159],[-77.04535,-12.12164],[-77.0453,-12.12168],[-77.04523,-12.12173],[-77.04516,-12.12178],[-77.04507,-12.12185],[-77.045,-12.1219],[-77.0449,-12.122],[-77.04483,-12.12204],[-77.04476,-12.12209],[-77.0447,-12.12214],[-77.04463,-12.12218],[-77.04458,-12.12222],[-77.04454,-12.12227],[-77.04448,-12.12231],[-77.04442,-12.12237],[-77.04436,-12.12243],[-77.0443,-12.12247],[-77.04423,-12.12253],[-77.04416,-12.12259],[-77.04409,-12.12263],[-77.04404,-12.12266],[-77.04398,-12.12271],[-77.04391,-12.12277],[-77.04384,-12.12279],[-77.04376,-12.12284],[-77.04369,-12.12289],[-77.04362,-12.12292],[-77.04355,-12.12295],[-77.04347,-12.12299],[-77.04342,-12.12302],[-77.04336,-12.12307],[-77.04325,-12.12312],[-77.04301,-12.12319],[-77.04285,-12.12325],[-77.04275,-12.12329],[-77.0426,-12.12336],[-77.04252,-12.1234],[-77.04247,-12.12344],[-77.04231,-12.12347],[-77.04218,-12.12355],[-77.04202,-12.12365],[-77.04179,-12.12383],[-77.04165,-12.12397],[-77.04154,-12.12415],[-77.04168,-12.12433],[-77.0416,-12.12441],[-77.04141,-12.12421],[-77.04132,-12.12419],[-77.04121,-12.12423],[-77.04114,-12.12432],[-77.04104,-12.12436],[-77.0408,-12.12444],[-77.04059,-12.12449],[-77.0405,-12.12456],[-77.04032,-12.1247],[-77.04007,-12.1249],[-77.03989,-12.125],[-77.03977,-12.12511],[-77.03965,-12.12523],[-77.03958,-12.12529],[-77.03942,-12.12546],[-77.03926,-12.12563],[-77.03909,-12.12579],[-77.03895,-12.12595],[-77.03875,-12.12615],[-77.03861,-12.12634],[-77.03851,-12.12651],[-77.03851,-12.12661],[-77.03855,-12.12668],[-77.03859,-12.12676],[-77.03935,-12.12754],[-77.03924,-12.12765],[-77.03851,-12.12689],[-77.03843,-12.12694],[-77.03824,-12.12707],[-77.03808,-12.12719],[-77.03798,-12.12731],[-77.03777,-12.12753],[-77.03766,-12.12764],[-77.0376,-12.12777],[-77.03746,-12.12794],[-77.03734,-12.12813],[-77.03718,-12.12829],[-77.0371,-12.12842],[-77.03709,-12.12853],[-77.03718,-12.12861],[-77.03727,-12.12865],[-77.03727,-12.12877],[-77.03711,-12.12879],[-77.03698,-12.12896],[-77.03691,-12.12907],[-77.0368,-12.1292],[-77.03668,-12.12928],[-77.03655,-12.12936],[-77.03644,-12.12946],[-77.0363,-12.1296],[-77.03612,-12.12975],[-77.03595,-12.12992],[-77.03577,-12.13007],[-77.03566,-12.13018],[-77.03559,-12.13032],[-77.03554,-12.13044],[-77.03712,-12.13269],[-77.037,-12.13277],[-77.03569,-12.1309],[-77.03558,-12.13086],[-77.03545,-12.13087],[-77.03534,-12.13091],[-77.0352,-12.13098],[-77.03503,-12.13104],[-77.03492,-12.13113],[-77.03482,-12.13125],[-77.03468,-12.13142],[-77.03455,-12.13149],[-77.03439,-12.13161],[-77.03418,-12.13172],[-77.034,-12.1318],[-77.03383,-12.13191],[-77.03367,-12.13197],[-77.0335,-12.132],[-77.03344,-12.13206],[-77.03334,-12.13216],[-77.03317,-12.13227],[-77.03284,-12.13251],[-77.03269,-12.13266],[-77.03254,-12.1328],[-77.03237,-12.13298],[-77.03213,-12.13309],[-77.03192,-12.1332],[-77.03176,-12.1333],[-77.03165,-12.13344],[-77.03147,-12.13359],[-77.03133,-12.13371],[-77.03125,-12.13385],[-77.03114,-12.13395],[-77.03103,-12.13403],[-77.03093,-12.13416],[-77.03084,-12.13429],[-77.03069,-12.13447],[-77.03054,-12.13472],[-77.03038,-12.13491],[-77.03024,-12.13516],[-77.03015,-12.13533],[-77.03004,-12.1355],[-77.02993,-12.13566],[-77.02984,-12.13585],[-77.02979,-12.13591],[-77.02976,-12.13597],[-77.02974,-12.13603],[-77.0297,-12.13612],[-77.02965,-12.13625],[-77.02959,-12.13633],[-77.02953,-12.13644],[-77.02949,-12.13651],[-77.02945,-12.13659],[-77.02941,-12.13672],[-77.02936,-12.13683],[-77.02934,-12.13691],[-77.02929,-12.13699],[-77.02926,-12.13705],[-77.02924,-12.13713],[-77.0292,-12.13721],[-77.02915,-12.1373],[-77.02911,-12.13739],[-77.0291,-12.13746],[-77.02912,-12.13754],[-77.0294,-12.13767],[-77.02937,-12.13774],[-77.02913,-12.13766],[-77.02908,-12.13776],[-77.02905,-12.13782],[-77.02903,-12.13791],[-77.029,-12.13802],[-77.02896,-12.1381],[-77.02893,-12.13815],[-77.02887,-12.13822],[-77.0288,-12.13831],[-77.02874,-12.1384],[-77.02871,-12.13848],[-77.02869,-12.13855],[-77.02867,-12.13864],[-77.02866,-12.13872],[-77.02862,-12.1388],[-77.02858,-12.13887],[-77.02856,-12.13893],[-77.02849,-12.13903],[-77.02845,-12.1391],[-77.02844,-12.13916],[-77.02843,-12.13925],[-77.02841,-12.13933],[-77.02842,-12.13944],[-77.02846,-12.13953],[-77.02852,-12.1396],[-77.02857,-12.13969],[-77.02954,-12.14015],[-77.02944,-12.14014],[-77.02845,-12.13971],[-77.0283,-12.13963],[-77.02819,-12.13955],[-77.02794,-12.13942],[-77.02789,-12.13932],[-77.02776,-12.13913],[-77.02762,-12.13896],[-77.02747,-12.13881],[-77.0271,-12.13847],[-77.02681,-12.13814],[-77.02668,-12.13796],[-77.02656,-12.13778],[-77.02598,-12.13677],[-77.02592,-12.13665],[-77.02581,-12.1365],[-77.02568,-12.13637],[-77.02551,-12.13624],[-77.02542,-12.13619],[-77.02532,-12.13614],[-77.02522,-12.13609],[-77.02511,-12.13606],[-77.02501,-12.13604],[-77.02489,-12.13602],[-77.02468,-12.13599],[-77.02457,-12.13596],[-77.02425,-12.13588],[-77.02404,-12.13581],[-77.023,-12.13527],[-77.02312,-12.13493],[-77.02251,-12.13471],[-77.0221,-12.13446],[-77.0217,-12.13407],[-77.02127,-12.13345],[-77.02116,-12.13325],[-77.01961,-12.13067],[-77.01948,-12.13061],[-77.01945,-12.1306],[-77.01915,-12.13127],[-77.018,-12.13125],[-77.01802,-12.13042],[-77.01732,-12.13041],[-77.01732,-12.13011],[-77.01712,-12.12994],[-77.01643,-12.13054],[-77.01616,-12.12994],[-77.01588,-12.1302],[-77.01571,-12.12997],[-77.01558,-12.12954],[-77.01519,-12.12958],[-77.01474,-12.12959],[-77.01437,-12.12957],[-77.014,-12.12948],[-77.01374,-12.12941],[-77.01348,-12.12995],[-77.0131,-12.12984],[-77.01306,-12.1302],[-77.01318,-12.13088],[-77.01299,-12.13126],[-77.01257,-12.13081],[-77.01246,-12.13036],[-77.01187,-12.13049],[-77.01177,-12.13],[-77.01131,-12.13008],[-77.00943,-12.12991],[-77.00959,-12.12807],[-77.00957,-12.12779],[-77.00956,-12.12766],[-77.00559,-12.12829],[-77.00163,-12.12886],[-77.00094,-12.12895],[-77.00259,-12.12656]]]}},{"type":"Feature","properties":{"id":"150123","name":"Pachacámac"},"geometry":{"type":"Polygon","coordinates":[[[-76.88134,-12.0722],[-76.88798,-12.06179],[-76.88913,-12.05936],[-76.88964,-12.06147],[-76.88993,-12.06309],[-76.89009,-12.06349],[-76.89096,-12.0657],[-76.89112,-12.06721],[-76.89058,-12.06955],[-76.89045,-12.07086],[-76.89039,-12.07149],[-76.88989,-12.07445],[-76.88956,-12.07545],[-76.88875,-12.07583],[-76.88729,-12.0762],[-76.88614,-12.07612],[-76.8856,-12.07636],[-76.88538,-12.07758],[-76.88543,-12.0801],[-76.8854,-12.08351],[-76.8855,-12.0843],[-76.88581,-12.08485],[-76.88605,-12.08505],[-76.88622,-12.08518],[-76.88644,-12.08551],[-76.88644,-12.08556],[-76.88644,-12.08583],[-76.88628,-12.08624],[-76.88586,-12.08678],[-76.88518,-12.08733],[-76.88469,-12.08782],[-76.88432,-12.08871],[-76.88404,-12.08941],[-76.88404,-12.0898],[-76.88452,-12.09056],[-76.88489,-12.09112],[-76.88513,-12.09172],[-76.88582,-12.09237],[-76.88661,-12.09252],[-76.88758,-12.09264],[-76.88866,-12.09269],[-76.88913,-12.09272],[-76.89019,-12.09273],[-76.89089,-12.09303],[-76.89113,-12.09313],[-76.89141,-12.09374],[-76.89152,-12.09467],[-76.89155,-12.0956],[-76.89064,-12.09701],[-76.89004,-12.09818],[-76.88989,-12.09916],[-76.89013,-12.10038],[-76.8906,-12.10157],[-76.89167,-12.10299],[-76.89214,-12.10345],[-76.89423,-12.10599],[-76.89473,-12.10767],[-76.89538,-12.1099],[-76.89625,-12.11258],[-76.89738,-12.11412],[-76.89775,-12.11425],[-76.89811,-12.11437],[-76.90106,-12.11353],[-76.90124,-12.11354],[-76.90295,-12.11369],[-76.90387,-12.11407],[-76.90414,-12.11418],[-76.90566,-12.11596],[-76.90615,-12.11682],[-76.90658,-12.11759],[-76.9082,-12.11959],[-76.91063,-12.12213],[-76.91078,-12.12233],[-76.91191,-12.12453],[-76.91258,-12.12672],[-76.91257,-12.12772],[-76.91131,-12.12884],[-76.90901,-12.13076],[-76.90674,-12.13158],[-76.90483,-12.13175],[-76.90461,-12.13184],[-76.90362,-12.13225],[-76.90277,-12.13292],[-76.90161,-12.13384],[-76.90085,-12.13472],[-76.90078,-12.13501],[-76.9007,-12.13584],[-76.90063,-12.13613],[-76.90024,-12.1368],[-76.89967,-12.13754],[-76.89941,-12.13802],[-76.89908,-12.13881],[-76.89878,-12.13937],[-76.89855,-12.13967],[-76.89813,-12.14011],[-76.89696,-12.14099],[-76.89646,-12.14161],[-76.89634,-12.14214],[-76.89632,-12.14275],[-76.89606,-12.14417],[-76.89604,-12.14422],[-76.89606,-12.14511],[-76.89574,-12.1465],[-76.89553,-12.14734],[-76.89483,-12.14874],[-76.89353,-12.15026],[-76.89166,-12.15158],[-76.88984,-12.15261],[-76.88847,-12.15291],[-76.88683,-12.15353],[-76.88534,-12.1539],[-76.88419,-12.15428],[-76.88375,-12.15454],[-76.88343,-12.15516],[-76.88332,-12.15614],[-76.88343,-12.15751],[-76.88307,-12.15955],[-76.88271,-12.16072],[-76.88251,-12.16144],[-76.88196,-12.16316],[-76.88163,-12.16384],[-76.88148,-12.16403],[-76.88124,-12.16461],[-76.88108,-12.16584],[-76.88117,-12.16679],[-76.88124,-12.16786],[-76.88199,-12.16914],[-76.8831,-12.1713],[-76.88388,-12.17233],[-76.88423,-12.17264],[-76.88455,-12.1732],[-76.8847,-12.17371],[-76.88475,-12.17388],[-76.88473,-12.17406],[-76.88465,-12.17487],[-76.88406,-12.17571],[-76.88347,-12.17692],[-76.88322,-12.17778],[-76.88313,-12.17841],[-76.8831,-12.1795],[-76.88341,-12.18048],[-76.88367,-12.18093],[-76.88417,-12.18182],[-76.88447,-12.18282],[-76.88476,-12.18384],[-76.8849,-12.18464],[-76.88505,-12.18524],[-76.88522,-12.18595],[-76.88534,-12.18675],[-76.88551,-12.18728],[-76.88585,-12.18755],[-76.88609,-12.18766],[-76.88623,-12.18772],[-76.88696,-12.18805],[-76.88729,-12.18843],[-76.88774,-12.18995],[-76.88853,-12.19286],[-76.88906,-12.19463],[-76.88988,-12.19564],[-76.89055,-12.19665],[-76.89121,-12.19779],[-76.89188,-12.19877],[-76.89203,-12.19933],[-76.89186,-12.2],[-76.8911,-12.20098],[-76.89087,-12.20142],[-76.89056,-12.20203],[-76.89043,-12.20297],[-76.89036,-12.20366],[-76.89048,-12.20453],[-76.89056,-12.20519],[-76.89081,-12.20579],[-76.89103,-12.20625],[-76.89113,-12.20649],[-76.89113,-12.2073],[-76.89095,-12.20776],[-76.89049,-12.20825],[-76.88979,-12.20895],[-76.88913,-12.20943],[-76.8884,-12.20963],[-76.88742,-12.21011],[-76.88636,-12.21032],[-76.88533,-12.21032],[-76.88449,-12.2104],[-76.88408,-12.21054],[-76.8836,-12.2109],[-76.8832,-12.21161],[-76.88254,-12.21232],[-76.88202,-12.21291],[-76.8816,-12.21361],[-76.8803,-12.21446],[-76.87972,-12.21493],[-76.87929,-12.21529],[-76.87892,-12.21579],[-76.87794,-12.21664],[-76.8774,-12.21745],[-76.87692,-12.2177],[-76.87578,-12.21848],[-76.87528,-12.21873],[-76.87478,-12.21905],[-76.87398,-12.21965],[-76.87374,-12.21975],[-76.87294,-12.21984],[-76.87262,-12.21991],[-76.87167,-12.22043],[-76.87116,-12.22074],[-76.87116,-12.22124],[-76.8712,-12.22183],[-76.87144,-12.22233],[-76.87222,-12.22367],[-76.87223,-12.22366],[-76.87251,-12.22431],[-76.87265,-12.22507],[-76.87236,-12.22555],[-76.87173,-12.22636],[-76.87104,-12.22709],[-76.87083,-12.22746],[-76.87052,-12.22785],[-76.86837,-12.22951],[-76.86807,-12.22976],[-76.86752,-12.23084],[-76.86668,-12.23242],[-76.86668,-12.23264],[-76.86688,-12.23312],[-76.86684,-12.23356],[-76.86648,-12.2341],[-76.86534,-12.23487],[-76.86576,-12.2359],[-76.86678,-12.23836],[-76.86691,-12.23868],[-76.86572,-12.23916],[-76.86563,-12.2392],[-76.86521,-12.23827],[-76.86521,-12.23826],[-76.86446,-12.23737],[-76.86419,-12.23706],[-76.86369,-12.23648],[-76.86311,-12.23581],[-76.86267,-12.23618],[-76.86253,-12.23629],[-76.86229,-12.23647],[-76.86203,-12.23658],[-76.86181,-12.23686],[-76.86167,-12.23713],[-76.8616,-12.23735],[-76.8615,-12.23762],[-76.86093,-12.23812],[-76.86067,-12.23834],[-76.86033,-12.23866],[-76.86004,-12.23876],[-76.85981,-12.23876],[-76.85966,-12.23885],[-76.85965,-12.23885],[-76.85927,-12.23798],[-76.85899,-12.23724],[-76.8589,-12.2368],[-76.85852,-12.23639],[-76.85825,-12.23611],[-76.85782,-12.23566],[-76.85728,-12.23524],[-76.85697,-12.235],[-76.85662,-12.23457],[-76.85621,-12.23369],[-76.85574,-12.23331],[-76.85515,-12.23309],[-76.8549,-12.23316],[-76.85462,-12.23354],[-76.85431,-12.23388],[-76.85394,-12.23424],[-76.85362,-12.23454],[-76.85356,-12.23456],[-76.85337,-12.23462],[-76.85318,-12.23467],[-76.85279,-12.23466],[-76.85255,-12.23483],[-76.85231,-12.23514],[-76.85179,-12.23622],[-76.85149,-12.23688],[-76.85135,-12.23742],[-76.85125,-12.23792],[-76.85114,-12.23827],[-76.8506,-12.23878],[-76.85012,-12.23919],[-76.84976,-12.23952],[-76.84924,-12.23951],[-76.84765,-12.23858],[-76.84623,-12.23777],[-76.84328,-12.23632],[-76.84323,-12.23596],[-76.84335,-12.23543],[-76.84368,-12.2348],[-76.84392,-12.2339],[-76.84395,-12.23381],[-76.84393,-12.23375],[-76.84377,-12.23319],[-76.84367,-12.23246],[-76.84375,-12.23203],[-76.84424,-12.23171],[-76.84453,-12.23126],[-76.84468,-12.23083],[-76.8445,-12.23055],[-76.84403,-12.2302],[-76.84344,-12.22974],[-76.84329,-12.22945],[-76.84317,-12.22881],[-76.84313,-12.22847],[-76.84311,-12.22828],[-76.84315,-12.22794],[-76.84333,-12.2278],[-76.84361,-12.22765],[-76.84378,-12.22746],[-76.84381,-12.22721],[-76.84387,-12.22671],[-76.84387,-12.22584],[-76.84458,-12.22474],[-76.84488,-12.22413],[-76.84501,-12.22339],[-76.84501,-12.22295],[-76.84534,-12.22227],[-76.84574,-12.2217],[-76.84583,-12.22117],[-76.84551,-12.2206],[-76.84521,-12.22016],[-76.845,-12.21983],[-76.84466,-12.21957],[-76.84428,-12.21953],[-76.84388,-12.21907],[-76.84362,-12.21866],[-76.84361,-12.21864],[-76.84276,-12.21806],[-76.84189,-12.21754],[-76.84105,-12.21714],[-76.8403,-12.21702],[-76.83943,-12.21665],[-76.83856,-12.21618],[-76.83783,-12.21594],[-76.83694,-12.21594],[-76.83551,-12.21616],[-76.83427,-12.21615],[-76.83284,-12.21609],[-76.83169,-12.21574],[-76.82747,-12.21419],[-76.82347,-12.21125],[-76.82014,-12.20734],[-76.81814,-12.20552],[-76.81747,-12.20414],[-76.81681,-12.2021],[-76.81605,-12.20005],[-76.8145,-12.19845],[-76.81294,-12.19801],[-76.81014,-12.19801],[-76.80752,-12.19774],[-76.8075,-12.19773],[-76.80588,-12.19788],[-76.80493,-12.19816],[-76.80321,-12.19814],[-76.79961,-12.19868],[-76.79672,-12.1989],[-76.79512,-12.19965],[-76.79388,-12.20108],[-76.79301,-12.202],[-76.79259,-12.20245],[-76.79103,-12.20308],[-76.7892,-12.20291],[-76.78914,-12.20287],[-76.78762,-12.20168],[-76.78675,-12.20064],[-76.78375,-12.19872],[-76.78143,-12.19725],[-76.77988,-12.19565],[-76.77797,-12.19392],[-76.77606,-12.19161],[-76.77401,-12.19068],[-76.77347,-12.19044],[-76.7725,-12.19001],[-76.77104,-12.18917],[-76.77015,-12.18788],[-76.7693,-12.18614],[-76.76797,-12.18539],[-76.7653,-12.18468],[-76.76526,-12.18467],[-76.7617,-12.18423],[-76.75962,-12.18468],[-76.7586,-12.18493],[-76.75837,-12.18499],[-76.75695,-12.18459],[-76.75419,-12.18223],[-76.75139,-12.17895],[-76.75073,-12.17779],[-76.74939,-12.1773],[-76.74815,-12.17743],[-76.74605,-12.17746],[-76.74466,-12.17622],[-76.74308,-12.17437],[-76.74193,-12.17175],[-76.74113,-12.16908],[-76.73975,-12.1681],[-76.73775,-12.16726],[-76.73589,-12.16593],[-76.73398,-12.16441],[-76.73251,-12.1645],[-76.731,-12.1649],[-76.72877,-12.16526],[-76.72844,-12.16533],[-76.7275,-12.16551],[-76.7269,-12.16563],[-76.72509,-12.16628],[-76.723,-12.16695],[-76.7228,-12.16701],[-76.72228,-12.16719],[-76.72024,-12.16788],[-76.71869,-12.16824],[-76.71629,-12.1685],[-76.71358,-12.1689],[-76.71113,-12.16975],[-76.7094,-12.17077],[-76.7078,-12.17308],[-76.70647,-12.1753],[-76.70549,-12.17672],[-76.70429,-12.17783],[-76.70313,-12.1781],[-76.7029,-12.17816],[-76.70238,-12.17828],[-76.70074,-12.17831],[-76.70016,-12.17832],[-76.69878,-12.17881],[-76.69774,-12.17914],[-76.69607,-12.17966],[-76.69398,-12.18001],[-76.69154,-12.18112],[-76.69025,-12.18179],[-76.68874,-12.18121],[-76.68678,-12.17948],[-76.68443,-12.17735],[-76.68189,-12.17632],[-76.67971,-12.17597],[-76.67805,-12.17571],[-76.67714,-12.17557],[-76.67518,-12.17592],[-76.6738,-12.17677],[-76.67175,-12.17782],[-76.66958,-12.1793],[-76.66726,-12.17995],[-76.66591,-12.18014],[-76.66444,-12.17902],[-76.66322,-12.17812],[-76.66203,-12.17796],[-76.66108,-12.17652],[-76.66048,-12.17496],[-76.66047,-12.17484],[-76.66034,-12.17346],[-76.66101,-12.17318],[-76.66238,-12.17318],[-76.66392,-12.17304],[-76.66519,-12.17294],[-76.66639,-12.17297],[-76.66757,-12.17316],[-76.66803,-12.17307],[-76.66877,-12.17292],[-76.66931,-12.17262],[-76.66951,-12.17249],[-76.66972,-12.17243],[-76.67053,-12.17246],[-76.67054,-12.17246],[-76.67146,-12.17245],[-76.67174,-12.17237],[-76.67192,-12.1722],[-76.67224,-12.17161],[-76.67318,-12.17003],[-76.67393,-12.16905],[-76.67398,-12.16844],[-76.67394,-12.1672],[-76.6742,-12.1672],[-76.67444,-12.16712],[-76.67497,-12.16664],[-76.67578,-12.16553],[-76.67633,-12.16508],[-76.67784,-12.16415],[-76.67804,-12.16413],[-76.67857,-12.16433],[-76.67894,-12.16432],[-76.67928,-12.16405],[-76.67948,-12.16367],[-76.67968,-12.16327],[-76.68136,-12.16117],[-76.68233,-12.16032],[-76.68288,-12.15972],[-76.68335,-12.15875],[-76.68362,-12.15797],[-76.68407,-12.15736],[-76.68448,-12.15658],[-76.68542,-12.15532],[-76.68615,-12.15392],[-76.68648,-12.15352],[-76.68713,-12.15291],[-76.68792,-12.15183],[-76.68834,-12.15047],[-76.68848,-12.14881],[-76.68915,-12.14619],[-76.69019,-12.14492],[-76.69077,-12.14407],[-76.69113,-12.14326],[-76.69156,-12.14237],[-76.69156,-12.14136],[-76.69033,-12.1398],[-76.68879,-12.13881],[-76.68742,-12.13766],[-76.68653,-12.13696],[-76.68533,-12.13547],[-76.68372,-12.13429],[-76.6817,-12.13278],[-76.68014,-12.13186],[-76.67952,-12.13126],[-76.6793,-12.13097],[-76.68108,-12.12974],[-76.68155,-12.12942],[-76.68388,-12.12797],[-76.68523,-12.1273],[-76.68605,-12.12689],[-76.68874,-12.12582],[-76.69051,-12.12472],[-76.69123,-12.12287],[-76.69268,-12.12082],[-76.69373,-12.11877],[-76.69481,-12.1178],[-76.69526,-12.11741],[-76.69618,-12.11659],[-76.69775,-12.11519],[-76.69813,-12.11491],[-76.69956,-12.11494],[-76.70132,-12.11458],[-76.70235,-12.11429],[-76.70327,-12.11392],[-76.7041,-12.11364],[-76.7047,-12.11351],[-76.70519,-12.11351],[-76.70552,-12.11361],[-76.70612,-12.1138],[-76.70667,-12.11386],[-76.70694,-12.11389],[-76.70732,-12.11402],[-76.70909,-12.11545],[-76.71088,-12.11663],[-76.7113,-12.11674],[-76.71214,-12.11702],[-76.713,-12.11731],[-76.7139,-12.11764],[-76.71456,-12.11793],[-76.71493,-12.11811],[-76.7156,-12.11848],[-76.7163,-12.11887],[-76.71651,-12.11899],[-76.71677,-12.11915],[-76.71715,-12.11942],[-76.71749,-12.11969],[-76.71773,-12.11991],[-76.71828,-12.12044],[-76.71868,-12.12079],[-76.71894,-12.12098],[-76.71915,-12.12111],[-76.71934,-12.12117],[-76.71963,-12.12124],[-76.72036,-12.12143],[-76.72084,-12.12154],[-76.72154,-12.12169],[-76.72216,-12.12179],[-76.72257,-12.12184],[-76.72318,-12.12188],[-76.72395,-12.1219],[-76.72439,-12.12188],[-76.7245,-12.12189],[-76.72461,-12.1219],[-76.72482,-12.12197],[-76.72503,-12.12205],[-76.72523,-12.12214],[-76.72542,-12.12224],[-76.72554,-12.12232],[-76.72566,-12.12242],[-76.7261,-12.12285],[-76.7268,-12.12303],[-76.72718,-12.12312],[-76.72739,-12.12316],[-76.72794,-12.12324],[-76.72829,-12.12331],[-76.72872,-12.12342],[-76.72976,-12.12369],[-76.73018,-12.12381],[-76.73083,-12.12404],[-76.73134,-12.12423],[-76.73159,-12.12435],[-76.73178,-12.12446],[-76.73196,-12.12458],[-76.73216,-12.12473],[-76.73236,-12.12488],[-76.73254,-12.12505],[-76.73276,-12.12525],[-76.73294,-12.12542],[-76.7331,-12.12561],[-76.73336,-12.12593],[-76.73365,-12.12629],[-76.73389,-12.12662],[-76.73412,-12.12696],[-76.73423,-12.12714],[-76.73442,-12.12757],[-76.73447,-12.12766],[-76.73453,-12.12776],[-76.7347,-12.12797],[-76.73485,-12.12814],[-76.73498,-12.12828],[-76.73513,-12.1284],[-76.73526,-12.12849],[-76.73533,-12.12852],[-76.73541,-12.12854],[-76.73595,-12.12858],[-76.73644,-12.12861],[-76.73666,-12.12864],[-76.7369,-12.12868],[-76.73738,-12.12882],[-76.73789,-12.12912],[-76.73814,-12.12928],[-76.73832,-12.1294],[-76.73868,-12.1297],[-76.73936,-12.13022],[-76.73961,-12.13039],[-76.73982,-12.13051],[-76.73995,-12.13055],[-76.74011,-12.13059],[-76.74079,-12.13073],[-76.74171,-12.13089],[-76.7424,-12.13097],[-76.74262,-12.131],[-76.74286,-12.13105],[-76.74307,-12.13111],[-76.74332,-12.13122],[-76.74361,-12.13139],[-76.74408,-12.13167],[-76.74436,-12.1319],[-76.7445,-12.13199],[-76.74457,-12.13201],[-76.74468,-12.13204],[-76.74512,-12.13213],[-76.74522,-12.13216],[-76.74532,-12.13221],[-76.74544,-12.13228],[-76.74554,-12.13237],[-76.74589,-12.13269],[-76.74601,-12.1328],[-76.74612,-12.13288],[-76.74624,-12.13295],[-76.74641,-12.13301],[-76.7466,-12.13306],[-76.74679,-12.13308],[-76.74724,-12.13312],[-76.74746,-12.13316],[-76.74803,-12.13329],[-76.74837,-12.13339],[-76.74862,-12.1335],[-76.74881,-12.1336],[-76.74899,-12.13372],[-76.74946,-12.13407],[-76.75033,-12.13489],[-76.75063,-12.13521],[-76.75077,-12.13534],[-76.75094,-12.13544],[-76.75114,-12.13552],[-76.75136,-12.13558],[-76.75154,-12.1356],[-76.75174,-12.1356],[-76.75226,-12.13554],[-76.75273,-12.13551],[-76.75342,-12.13547],[-76.75389,-12.13544],[-76.75413,-12.13543],[-76.75438,-12.13545],[-76.75468,-12.13548],[-76.75531,-12.13556],[-76.75589,-12.13567],[-76.75605,-12.13567],[-76.75619,-12.13567],[-76.75632,-12.13565],[-76.75645,-12.13562],[-76.75692,-12.13545],[-76.75708,-12.1354],[-76.75749,-12.13532],[-76.7579,-12.13527],[-76.75823,-12.13525],[-76.75862,-12.13526],[-76.75906,-12.13529],[-76.7595,-12.13534],[-76.75969,-12.13536],[-76.75985,-12.13535],[-76.76007,-12.13532],[-76.76031,-12.13529],[-76.76055,-12.13523],[-76.76133,-12.13503],[-76.76164,-12.13492],[-76.76227,-12.13471],[-76.76273,-12.13471],[-76.76295,-12.13472],[-76.76319,-12.13475],[-76.76379,-12.13486],[-76.76398,-12.13487],[-76.76415,-12.13488],[-76.76425,-12.13487],[-76.76439,-12.13485],[-76.76482,-12.13475],[-76.76499,-12.13472],[-76.76545,-12.13466],[-76.76562,-12.13465],[-76.76576,-12.13464],[-76.76592,-12.13466],[-76.76608,-12.13469],[-76.76659,-12.13482],[-76.76678,-12.13486],[-76.76694,-12.13488],[-76.76705,-12.13489],[-76.76724,-12.13486],[-76.76751,-12.13478],[-76.76766,-12.13472],[-76.76809,-12.13451],[-76.76822,-12.13447],[-76.76835,-12.13444],[-76.76876,-12.13436],[-76.76912,-12.13432],[-76.76945,-12.1343],[-76.76978,-12.13432],[-76.77005,-12.13436],[-76.77032,-12.13442],[-76.77064,-12.13451],[-76.77098,-12.13463],[-76.77112,-12.1347],[-76.77141,-12.13493],[-76.77166,-12.13509],[-76.77178,-12.13516],[-76.77191,-12.13521],[-76.77207,-12.13525],[-76.77228,-12.13529],[-76.77305,-12.13541],[-76.77337,-12.13547],[-76.77391,-12.13561],[-76.77494,-12.13589],[-76.77574,-12.13609],[-76.77638,-12.13628],[-76.77669,-12.13637],[-76.77687,-12.13645],[-76.77704,-12.13653],[-76.77758,-12.13687],[-76.7778,-12.13699],[-76.77803,-12.13708],[-76.77829,-12.13715],[-76.77848,-12.13718],[-76.7787,-12.13721],[-76.77931,-12.13725],[-76.7795,-12.13725],[-76.77997,-12.13721],[-76.78027,-12.13722],[-76.7806,-12.13725],[-76.78145,-12.13736],[-76.78215,-12.1374],[-76.78234,-12.13742],[-76.78249,-12.13747],[-76.78275,-12.13755],[-76.783,-12.13766],[-76.78328,-12.13779],[-76.7836,-12.13796],[-76.78454,-12.13846],[-76.78548,-12.13904],[-76.78581,-12.13923],[-76.7863,-12.13948],[-76.78726,-12.13996],[-76.78825,-12.14025],[-76.78852,-12.14031],[-76.7911,-12.14204],[-76.79192,-12.1424],[-76.79286,-12.14245],[-76.7943,-12.14262],[-76.79626,-12.14255],[-76.79747,-12.1428],[-76.79791,-12.14299],[-76.79918,-12.14335],[-76.79956,-12.14338],[-76.79988,-12.14334],[-76.80039,-12.14257],[-76.80068,-12.14231],[-76.80128,-12.14199],[-76.80238,-12.14174],[-76.80299,-12.14168],[-76.80441,-12.14178],[-76.8065,-12.14167],[-76.80813,-12.1417],[-76.80906,-12.14162],[-76.80994,-12.14173],[-76.81112,-12.14204],[-76.81203,-12.14191],[-76.81243,-12.1419],[-76.81293,-12.14201],[-76.81539,-12.14281],[-76.81606,-12.14294],[-76.8173,-12.14298],[-76.81824,-12.14314],[-76.81932,-12.14347],[-76.81956,-12.14359],[-76.82293,-12.14453],[-76.82433,-12.14475],[-76.8249,-12.1449],[-76.82523,-12.14507],[-76.82559,-12.14512],[-76.82649,-12.14537],[-76.82686,-12.14539],[-76.82808,-12.14585],[-76.82903,-12.14641],[-76.8295,-12.1466],[-76.83131,-12.14666],[-76.83165,-12.14675],[-76.83189,-12.14694],[-76.83227,-12.14742],[-76.83239,-12.14614],[-76.83246,-12.14552],[-76.83297,-12.14507],[-76.86137,-12.10197],[-76.88134,-12.0722]]]}},{"type":"Feature","properties":{"id":"150124","name":"Pucusana"},"geometry":{"type":"Polygon","coordinates":[[[-76.7533,-12.4289],[-76.7549,-12.428],[-76.75594,-12.42637],[-76.75674,-12.4246],[-76.75798,-12.42388],[-76.76014,-12.42318],[-76.76114,-12.42235],[-76.76145,-12.42148],[-76.76164,-12.42087],[-76.76187,-12.42009],[-76.76267,-12.41923],[-76.76343,-12.41919],[-76.7644,-12.41944],[-76.76582,-12.42013],[-76.76673,-12.42058],[-76.76755,-12.42064],[-76.76954,-12.42075],[-76.77061,-12.42089],[-76.77124,-12.42162],[-76.77179,-12.42263],[-76.77221,-12.42401],[-76.77235,-12.42533],[-76.77332,-12.42565],[-76.77367,-12.42553],[-76.77446,-12.42526],[-76.77595,-12.42443],[-76.77682,-12.42304],[-76.77765,-12.4211],[-76.77845,-12.4194],[-76.77883,-12.41853],[-76.78007,-12.41706],[-76.7802,-12.4171],[-76.7804,-12.41711],[-76.78051,-12.41717],[-76.78058,-12.41725],[-76.78059,-12.41736],[-76.78057,-12.41745],[-76.7806,-12.41757],[-76.78069,-12.41763],[-76.78079,-12.41764],[-76.78093,-12.41767],[-76.78106,-12.41776],[-76.78115,-12.41781],[-76.7812,-12.41796],[-76.78115,-12.41812],[-76.781,-12.4183],[-76.78078,-12.4185],[-76.78062,-12.41865],[-76.78053,-12.41878],[-76.78042,-12.41883],[-76.78042,-12.41894],[-76.78044,-12.41903],[-76.78039,-12.41913],[-76.78033,-12.41917],[-76.78024,-12.41937],[-76.7802,-12.41957],[-76.78012,-12.41968],[-76.77994,-12.41976],[-76.7799,-12.41984],[-76.77976,-12.42006],[-76.77969,-12.4203],[-76.77972,-12.42039],[-76.77981,-12.42051],[-76.77979,-12.42058],[-76.77965,-12.42084],[-76.77962,-12.42107],[-76.77955,-12.42135],[-76.77951,-12.42163],[-76.77961,-12.42187],[-76.77957,-12.42199],[-76.77949,-12.42211],[-76.77943,-12.42221],[-76.77931,-12.42223],[-76.77916,-12.4223],[-76.77912,-12.42238],[-76.77911,-12.42261],[-76.77913,-12.42291],[-76.7791,-12.42314],[-76.77899,-12.42343],[-76.77889,-12.42373],[-76.77889,-12.42387],[-76.77897,-12.42406],[-76.77894,-12.42421],[-76.77893,-12.42447],[-76.7789,-12.42468],[-76.77915,-12.42561],[-76.77939,-12.42633],[-76.77901,-12.4272],[-76.7789,-12.42781],[-76.77877,-12.42837],[-76.77797,-12.42919],[-76.7777,-12.42981],[-76.77698,-12.43091],[-76.77625,-12.43219],[-76.77577,-12.43326],[-76.77545,-12.43477],[-76.77526,-12.43568],[-76.77504,-12.43787],[-76.77514,-12.43803],[-76.77522,-12.43863],[-76.77539,-12.43927],[-76.77564,-12.43978],[-76.77577,-12.44004],[-76.77592,-12.44011],[-76.77613,-12.44],[-76.77626,-12.44005],[-76.77615,-12.44031],[-76.776,-12.44044],[-76.77612,-12.44057],[-76.77637,-12.44073],[-76.77672,-12.44082],[-76.77681,-12.44096],[-76.77677,-12.44117],[-76.77669,-12.44134],[-76.77669,-12.44143],[-76.77696,-12.44144],[-76.77704,-12.44152],[-76.77694,-12.44163],[-76.77673,-12.44176],[-76.77673,-12.44193],[-76.77693,-12.44212],[-76.77724,-12.44226],[-76.77754,-12.44231],[-76.77787,-12.44216],[-76.778,-12.44202],[-76.77785,-12.44189],[-76.77762,-12.44171],[-76.77757,-12.44148],[-76.77767,-12.44137],[-76.77789,-12.44141],[-76.77823,-12.4415],[-76.77866,-12.44158],[-76.77899,-12.44181],[-76.7793,-12.44217],[-76.77956,-12.44255],[-76.77959,-12.44288],[-76.77954,-12.44321],[-76.77968,-12.44329],[-76.77989,-12.44327],[-76.77999,-12.44338],[-76.78016,-12.44352],[-76.78029,-12.44347],[-76.78036,-12.44333],[-76.78055,-12.44316],[-76.78066,-12.4428],[-76.78066,-12.44255],[-76.78075,-12.44235],[-76.78085,-12.44239],[-76.78097,-12.44244],[-76.78087,-12.44275],[-76.78079,-12.44306],[-76.78065,-12.44354],[-76.78078,-12.44372],[-76.78109,-12.44384],[-76.78128,-12.44392],[-76.78155,-12.44379],[-76.78164,-12.44385],[-76.7817,-12.44405],[-76.78159,-12.44428],[-76.78158,-12.44438],[-76.78171,-12.4444],[-76.78147,-12.44449],[-76.78144,-12.44482],[-76.78159,-12.44503],[-76.78194,-12.44508],[-76.78227,-12.44502],[-76.78233,-12.44458],[-76.78234,-12.4442],[-76.78243,-12.4439],[-76.78266,-12.44357],[-76.78306,-12.4433],[-76.78327,-12.4433],[-76.78337,-12.44336],[-76.78323,-12.44357],[-76.78328,-12.44368],[-76.78325,-12.44401],[-76.78341,-12.44402],[-76.78359,-12.44384],[-76.78385,-12.44357],[-76.784,-12.44329],[-76.78431,-12.44311],[-76.78446,-12.44311],[-76.78478,-12.44326],[-76.78505,-12.44344],[-76.78519,-12.44371],[-76.78523,-12.4441],[-76.78522,-12.44455],[-76.78512,-12.44496],[-76.78505,-12.44538],[-76.78493,-12.4455],[-76.78484,-12.44574],[-76.78484,-12.44616],[-76.78475,-12.44636],[-76.78477,-12.44661],[-76.78455,-12.44708],[-76.78462,-12.44751],[-76.78448,-12.44803],[-76.78446,-12.44837],[-76.78424,-12.44884],[-76.78412,-12.4492],[-76.78431,-12.44953],[-76.78421,-12.44968],[-76.78424,-12.45],[-76.78406,-12.45058],[-76.78402,-12.45097],[-76.78367,-12.4514],[-76.78349,-12.45178],[-76.78315,-12.45234],[-76.78305,-12.45271],[-76.78304,-12.45313],[-76.78308,-12.45349],[-76.78321,-12.45384],[-76.78336,-12.45437],[-76.78359,-12.45508],[-76.78383,-12.45564],[-76.78405,-12.45578],[-76.78436,-12.45597],[-76.78476,-12.45611],[-76.78523,-12.45619],[-76.78538,-12.45611],[-76.78567,-12.45599],[-76.78619,-12.45576],[-76.7866,-12.45564],[-76.7871,-12.45572],[-76.78723,-12.45569],[-76.7874,-12.45577],[-76.78749,-12.45575],[-76.78772,-12.45585],[-76.788,-12.45589],[-76.78815,-12.45588],[-76.78838,-12.45609],[-76.78842,-12.4563],[-76.78841,-12.45648],[-76.78821,-12.45684],[-76.78815,-12.4571],[-76.78821,-12.4574],[-76.78839,-12.45775],[-76.78869,-12.45805],[-76.78885,-12.45835],[-76.78887,-12.45868],[-76.7889,-12.45899],[-76.78878,-12.45934],[-76.78864,-12.4594],[-76.78861,-12.45958],[-76.78855,-12.4599],[-76.78861,-12.46045],[-76.78853,-12.4607],[-76.78831,-12.46125],[-76.78808,-12.46155],[-76.78815,-12.46165],[-76.78826,-12.46167],[-76.78846,-12.46165],[-76.78852,-12.46175],[-76.78847,-12.46187],[-76.78823,-12.46202],[-76.78811,-12.46216],[-76.78786,-12.4621],[-76.78764,-12.46201],[-76.78757,-12.46199],[-76.78752,-12.46215],[-76.78733,-12.46229],[-76.7874,-12.46237],[-76.78749,-12.46239],[-76.78782,-12.46228],[-76.78809,-12.4624],[-76.78827,-12.46241],[-76.78846,-12.46246],[-76.78861,-12.4627],[-76.7886,-12.46306],[-76.78849,-12.46311],[-76.78834,-12.46311],[-76.78822,-12.46311],[-76.78823,-12.46325],[-76.78841,-12.46336],[-76.78862,-12.46346],[-76.78888,-12.46356],[-76.7892,-12.46357],[-76.78949,-12.46371],[-76.78945,-12.46394],[-76.78938,-12.4639],[-76.78926,-12.46409],[-76.7894,-12.46426],[-76.78961,-12.46427],[-76.78992,-12.46424],[-76.79017,-12.46428],[-76.79028,-12.46437],[-76.79045,-12.46446],[-76.79059,-12.4645],[-76.79085,-12.46454],[-76.79091,-12.46468],[-76.79091,-12.46486],[-76.79086,-12.46505],[-76.79092,-12.46516],[-76.79104,-12.46527],[-76.79104,-12.46534],[-76.79102,-12.46549],[-76.79088,-12.46554],[-76.79071,-12.46546],[-76.79046,-12.46544],[-76.79028,-12.46552],[-76.79023,-12.46569],[-76.79016,-12.46588],[-76.79031,-12.46594],[-76.79052,-12.46588],[-76.79066,-12.46594],[-76.79076,-12.46611],[-76.79068,-12.46636],[-76.79042,-12.46655],[-76.79048,-12.4666],[-76.79087,-12.46659],[-76.79092,-12.46678],[-76.79085,-12.46702],[-76.79092,-12.46712],[-76.79107,-12.46718],[-76.79114,-12.46735],[-76.79131,-12.46742],[-76.79155,-12.46767],[-76.79179,-12.46794],[-76.79177,-12.46814],[-76.79156,-12.4682],[-76.79126,-12.46821],[-76.79115,-12.46833],[-76.79069,-12.46861],[-76.79047,-12.46881],[-76.79026,-12.46894],[-76.79018,-12.4691],[-76.79012,-12.46919],[-76.79001,-12.46911],[-76.78991,-12.46905],[-76.7895,-12.46911],[-76.78924,-12.46912],[-76.78909,-12.46936],[-76.78908,-12.4695],[-76.78912,-12.46962],[-76.78934,-12.46976],[-76.78939,-12.46993],[-76.78943,-12.47013],[-76.7893,-12.47022],[-76.78928,-12.47039],[-76.78934,-12.47058],[-76.78947,-12.47083],[-76.78951,-12.47107],[-76.78955,-12.47125],[-76.7897,-12.47139],[-76.78993,-12.47152],[-76.79003,-12.47148],[-76.79011,-12.47136],[-76.79023,-12.47128],[-76.79032,-12.47126],[-76.79046,-12.47126],[-76.79055,-12.47128],[-76.79073,-12.47132],[-76.79083,-12.47128],[-76.79092,-12.47119],[-76.79102,-12.47111],[-76.79109,-12.4711],[-76.79124,-12.47117],[-76.79132,-12.47135],[-76.79134,-12.47149],[-76.79131,-12.4716],[-76.79125,-12.47165],[-76.79113,-12.4717],[-76.79105,-12.47178],[-76.79102,-12.47184],[-76.79102,-12.4719],[-76.79107,-12.47203],[-76.79113,-12.47215],[-76.79123,-12.47217],[-76.79132,-12.47218],[-76.79138,-12.47214],[-76.79142,-12.47209],[-76.7915,-12.47208],[-76.7916,-12.47213],[-76.79162,-12.47224],[-76.79158,-12.4723],[-76.7915,-12.4725],[-76.79159,-12.47262],[-76.79164,-12.47272],[-76.79162,-12.47287],[-76.79159,-12.47306],[-76.79161,-12.47314],[-76.79162,-12.47323],[-76.79158,-12.4733],[-76.79159,-12.47342],[-76.7917,-12.47357],[-76.79181,-12.47365],[-76.79196,-12.47371],[-76.79205,-12.47368],[-76.79213,-12.47353],[-76.79216,-12.47347],[-76.79222,-12.47341],[-76.79232,-12.47355],[-76.79233,-12.47364],[-76.79238,-12.47371],[-76.79239,-12.4738],[-76.79238,-12.47387],[-76.7923,-12.47395],[-76.79221,-12.47402],[-76.79232,-12.47426],[-76.79234,-12.47437],[-76.79232,-12.47454],[-76.7922,-12.47478],[-76.79211,-12.47487],[-76.79206,-12.47481],[-76.79172,-12.47502],[-76.79197,-12.47516],[-76.79193,-12.47522],[-76.79168,-12.47506],[-76.79146,-12.47516],[-76.79136,-12.47541],[-76.79129,-12.47557],[-76.79122,-12.47573],[-76.79121,-12.47591],[-76.79121,-12.47599],[-76.79118,-12.47611],[-76.79112,-12.47628],[-76.79089,-12.47621],[-76.79082,-12.47629],[-76.79079,-12.47639],[-76.79073,-12.47657],[-76.79073,-12.47666],[-76.79074,-12.47696],[-76.79075,-12.47708],[-76.79082,-12.47724],[-76.79089,-12.4773],[-76.79092,-12.47737],[-76.79121,-12.47728],[-76.79091,-12.47744],[-76.79092,-12.4775],[-76.79092,-12.47756],[-76.79093,-12.47763],[-76.79103,-12.47777],[-76.79121,-12.47794],[-76.79145,-12.47811],[-76.79164,-12.47829],[-76.79185,-12.47842],[-76.792,-12.47851],[-76.7922,-12.47863],[-76.79243,-12.47876],[-76.79276,-12.47893],[-76.79313,-12.47904],[-76.79353,-12.47914],[-76.79388,-12.47926],[-76.7945,-12.47941],[-76.79484,-12.47946],[-76.79511,-12.47945],[-76.7954,-12.47943],[-76.79544,-12.47937],[-76.79544,-12.47928],[-76.79549,-12.47918],[-76.79558,-12.47916],[-76.79576,-12.47909],[-76.79591,-12.47902],[-76.79604,-12.47898],[-76.79617,-12.47904],[-76.7962,-12.47913],[-76.79622,-12.47925],[-76.79629,-12.47929],[-76.79641,-12.47931],[-76.79648,-12.47931],[-76.79658,-12.47926],[-76.79661,-12.47916],[-76.79659,-12.47909],[-76.79659,-12.479],[-76.79669,-12.47892],[-76.79679,-12.47887],[-76.79687,-12.47887],[-76.79698,-12.47889],[-76.7971,-12.47895],[-76.79716,-12.47901],[-76.79716,-12.47907],[-76.79713,-12.47913],[-76.79712,-12.47919],[-76.79707,-12.47932],[-76.79711,-12.47942],[-76.7972,-12.47944],[-76.79735,-12.47936],[-76.79749,-12.47934],[-76.79755,-12.47938],[-76.79761,-12.47945],[-76.79762,-12.47953],[-76.79759,-12.47963],[-76.79749,-12.47977],[-76.79743,-12.47984],[-76.79737,-12.47995],[-76.79738,-12.48005],[-76.79744,-12.48016],[-76.79752,-12.48024],[-76.79759,-12.48031],[-76.79768,-12.48035],[-76.79772,-12.48039],[-76.79783,-12.48046],[-76.79793,-12.48053],[-76.79802,-12.48055],[-76.79812,-12.48056],[-76.7982,-12.48057],[-76.79829,-12.48058],[-76.79838,-12.4806],[-76.79859,-12.48063],[-76.79892,-12.48063],[-76.79908,-12.48065],[-76.79923,-12.48066],[-76.79941,-12.48068],[-76.79955,-12.48069],[-76.79963,-12.48067],[-76.79972,-12.48062],[-76.79973,-12.48056],[-76.79967,-12.48049],[-76.79963,-12.4804],[-76.79962,-12.48029],[-76.79966,-12.48016],[-76.79969,-12.48006],[-76.79971,-12.47994],[-76.79975,-12.47984],[-76.79983,-12.47976],[-76.7999,-12.47975],[-76.79996,-12.47976],[-76.80006,-12.47976],[-76.80019,-12.47979],[-76.80026,-12.47986],[-76.80034,-12.47989],[-76.80036,-12.47981],[-76.80037,-12.47973],[-76.8004,-12.47968],[-76.80045,-12.47965],[-76.80053,-12.47967],[-76.8006,-12.47976],[-76.80061,-12.47988],[-76.80054,-12.47999],[-76.80061,-12.47998],[-76.80076,-12.47996],[-76.80084,-12.48001],[-76.80083,-12.48008],[-76.80083,-12.48021],[-76.80086,-12.48031],[-76.80094,-12.48036],[-76.80107,-12.4804],[-76.80119,-12.48042],[-76.80126,-12.48033],[-76.80127,-12.48024],[-76.8012,-12.4802],[-76.80112,-12.48015],[-76.80109,-12.4801],[-76.80111,-12.48004],[-76.80118,-12.47988],[-76.80116,-12.47982],[-76.80109,-12.47977],[-76.80103,-12.47974],[-76.80096,-12.47971],[-76.80095,-12.47964],[-76.80093,-12.47954],[-76.80094,-12.47932],[-76.80096,-12.47912],[-76.80099,-12.47907],[-76.80099,-12.479],[-76.80093,-12.47892],[-76.80084,-12.47885],[-76.80083,-12.47879],[-76.80091,-12.47873],[-76.80098,-12.47872],[-76.80117,-12.47876],[-76.80121,-12.47882],[-76.80135,-12.47887],[-76.80147,-12.47889],[-76.80159,-12.4789],[-76.80174,-12.47903],[-76.80206,-12.47908],[-76.8022,-12.47914],[-76.80246,-12.47932],[-76.80266,-12.47949],[-76.80277,-12.47965],[-76.80282,-12.47973],[-76.80298,-12.47989],[-76.80312,-12.48005],[-76.80322,-12.48029],[-76.80323,-12.48049],[-76.80322,-12.48061],[-76.80317,-12.48071],[-76.80307,-12.48075],[-76.80298,-12.48069],[-76.80291,-12.48059],[-76.80281,-12.48047],[-76.80269,-12.48039],[-76.80269,-12.48051],[-76.80268,-12.48061],[-76.80275,-12.48072],[-76.80279,-12.48081],[-76.80276,-12.48089],[-76.80265,-12.48101],[-76.80249,-12.48113],[-76.80241,-12.4813],[-76.80236,-12.48152],[-76.80236,-12.4817],[-76.80232,-12.48187],[-76.80234,-12.48203],[-76.80237,-12.48217],[-76.80237,-12.48233],[-76.8023,-12.48251],[-76.8022,-12.48262],[-76.80204,-12.48273],[-76.80187,-12.48277],[-76.80173,-12.48278],[-76.80168,-12.48273],[-76.80166,-12.48262],[-76.80162,-12.48245],[-76.80158,-12.4824],[-76.80156,-12.48255],[-76.80153,-12.48271],[-76.80149,-12.48283],[-76.80144,-12.48298],[-76.80139,-12.48315],[-76.8012,-12.48344],[-76.80117,-12.48352],[-76.80103,-12.4837],[-76.80094,-12.48386],[-76.80088,-12.48399],[-76.80081,-12.48405],[-76.80072,-12.48418],[-76.80074,-12.48424],[-76.80079,-12.48435],[-76.80075,-12.48445],[-76.80066,-12.4845],[-76.80066,-12.48456],[-76.80057,-12.48463],[-76.80044,-12.48474],[-76.80025,-12.48479],[-76.80017,-12.48479],[-76.80012,-12.48484],[-76.80008,-12.48497],[-76.80007,-12.48507],[-76.80002,-12.48518],[-76.79992,-12.48521],[-76.79989,-12.48513],[-76.79983,-12.48515],[-76.7998,-12.48524],[-76.79973,-12.48537],[-76.79966,-12.48542],[-76.79959,-12.48544],[-76.79952,-12.48549],[-76.7994,-12.48554],[-76.79934,-12.48554],[-76.79928,-12.48554],[-76.79921,-12.48555],[-76.79921,-12.48562],[-76.79918,-12.4857],[-76.7992,-12.48579],[-76.79922,-12.48587],[-76.7992,-12.48596],[-76.79914,-12.48606],[-76.79906,-12.48617],[-76.79905,-12.48623],[-76.79902,-12.48628],[-76.79898,-12.4864],[-76.79898,-12.48648],[-76.79898,-12.48667],[-76.79907,-12.4867],[-76.79914,-12.4867],[-76.79921,-12.48671],[-76.79925,-12.48679],[-76.79926,-12.48688],[-76.79925,-12.48698],[-76.79924,-12.48703],[-76.79927,-12.48716],[-76.79926,-12.48723],[-76.79923,-12.4873],[-76.79915,-12.48746],[-76.7992,-12.48758],[-76.79927,-12.48763],[-76.79928,-12.48771],[-76.79916,-12.48779],[-76.79904,-12.48785],[-76.79904,-12.488],[-76.79918,-12.4881],[-76.79933,-12.48814],[-76.7995,-12.48817],[-76.79966,-12.48827],[-76.79966,-12.48838],[-76.79953,-12.48846],[-76.79937,-12.48853],[-76.79927,-12.48862],[-76.79905,-12.48874],[-76.79885,-12.48871],[-76.7987,-12.48879],[-76.79858,-12.4888],[-76.79839,-12.48877],[-76.79826,-12.48894],[-76.79823,-12.48908],[-76.79814,-12.48923],[-76.79807,-12.48928],[-76.79805,-12.48938],[-76.79808,-12.48945],[-76.79817,-12.48952],[-76.79825,-12.48959],[-76.7983,-12.48962],[-76.79838,-12.48962],[-76.79845,-12.4896],[-76.79848,-12.48968],[-76.79852,-12.48982],[-76.79853,-12.48989],[-76.79859,-12.48994],[-76.79868,-12.48999],[-76.79874,-12.49001],[-76.79882,-12.49005],[-76.79887,-12.49005],[-76.79894,-12.49007],[-76.79899,-12.49012],[-76.79901,-12.49022],[-76.79906,-12.49032],[-76.79911,-12.49039],[-76.79919,-12.49052],[-76.7992,-12.49059],[-76.7992,-12.49066],[-76.79918,-12.49073],[-76.79911,-12.49082],[-76.79902,-12.49093],[-76.79902,-12.491],[-76.7991,-12.49112],[-76.79913,-12.49119],[-76.79915,-12.4913],[-76.79915,-12.49148],[-76.79926,-12.49149],[-76.79933,-12.49147],[-76.79938,-12.49149],[-76.79972,-12.49148],[-76.79978,-12.49151],[-76.79983,-12.49157],[-76.7999,-12.49152],[-76.79999,-12.49156],[-76.80011,-12.49173],[-76.8001,-12.49187],[-76.80004,-12.49202],[-76.80006,-12.49213],[-76.80013,-12.49219],[-76.80014,-12.49232],[-76.80002,-12.49238],[-76.79994,-12.49238],[-76.79987,-12.49242],[-76.7998,-12.49253],[-76.79987,-12.49266],[-76.79985,-12.49277],[-76.79982,-12.49296],[-76.79969,-12.49313],[-76.79954,-12.49335],[-76.79945,-12.49344],[-76.79948,-12.49352],[-76.79963,-12.49355],[-76.79976,-12.49351],[-76.7999,-12.49355],[-76.80005,-12.49351],[-76.80009,-12.49368],[-76.80009,-12.49385],[-76.80005,-12.49399],[-76.80007,-12.49405],[-76.80014,-12.49424],[-76.8001,-12.49434],[-76.80015,-12.4944],[-76.80025,-12.49438],[-76.80031,-12.49438],[-76.80037,-12.49444],[-76.80041,-12.49455],[-76.80047,-12.49455],[-76.80056,-12.49469],[-76.80063,-12.49472],[-76.80069,-12.49475],[-76.80074,-12.49482],[-76.8008,-12.49486],[-76.80089,-12.49493],[-76.80092,-12.495],[-76.80088,-12.4951],[-76.80078,-12.49526],[-76.80079,-12.49533],[-76.80085,-12.49538],[-76.80095,-12.49545],[-76.80108,-12.49549],[-76.80118,-12.49549],[-76.80126,-12.49541],[-76.80132,-12.49531],[-76.8013,-12.49523],[-76.80131,-12.49517],[-76.80139,-12.49512],[-76.80147,-12.49507],[-76.80151,-12.495],[-76.80164,-12.49495],[-76.80174,-12.49502],[-76.80178,-12.49507],[-76.80182,-12.49516],[-76.80189,-12.49515],[-76.80216,-12.49533],[-76.80237,-12.49537],[-76.80247,-12.49537],[-76.80271,-12.49541],[-76.80287,-12.49541],[-76.80307,-12.49537],[-76.80316,-12.49531],[-76.80321,-12.49525],[-76.80325,-12.49512],[-76.80325,-12.49499],[-76.8032,-12.49488],[-76.80315,-12.49476],[-76.80317,-12.49466],[-76.80326,-12.4946],[-76.80341,-12.49448],[-76.80351,-12.49446],[-76.80382,-12.49434],[-76.80389,-12.49434],[-76.80397,-12.49431],[-76.80416,-12.49421],[-76.80447,-12.49409],[-76.80458,-12.49407],[-76.80471,-12.49402],[-76.8049,-12.49402],[-76.80497,-12.49401],[-76.80509,-12.49396],[-76.80521,-12.49388],[-76.80529,-12.4939],[-76.80537,-12.49401],[-76.80542,-12.49404],[-76.80546,-12.49409],[-76.80553,-12.49422],[-76.80546,-12.49439],[-76.80545,-12.49446],[-76.8055,-12.49462],[-76.80554,-12.49477],[-76.80554,-12.49484],[-76.80554,-12.49495],[-76.80559,-12.49511],[-76.80562,-12.49524],[-76.80563,-12.49534],[-76.80562,-12.49544],[-76.80565,-12.49559],[-76.80563,-12.49568],[-76.8055,-12.49588],[-76.80537,-12.49599],[-76.80529,-12.49609],[-76.80523,-12.49616],[-76.8052,-12.49624],[-76.80524,-12.49632],[-76.80528,-12.49641],[-76.80523,-12.49649],[-76.8052,-12.49654],[-76.80513,-12.49658],[-76.80507,-12.49661],[-76.80501,-12.49666],[-76.80492,-12.49669],[-76.80458,-12.49675],[-76.80444,-12.49676],[-76.80429,-12.49676],[-76.8041,-12.49675],[-76.80389,-12.49676],[-76.80381,-12.49677],[-76.80362,-12.49674],[-76.80327,-12.49671],[-76.803,-12.49679],[-76.80273,-12.49698],[-76.80268,-12.49702],[-76.80258,-12.49717],[-76.80259,-12.49727],[-76.80261,-12.49742],[-76.8026,-12.49754],[-76.80258,-12.49762],[-76.80257,-12.49772],[-76.80252,-12.49788],[-76.80248,-12.49793],[-76.8024,-12.49798],[-76.80235,-12.498],[-76.80222,-12.49801],[-76.80209,-12.49804],[-76.80197,-12.49803],[-76.80174,-12.49807],[-76.80154,-12.498],[-76.80149,-12.49796],[-76.80136,-12.49772],[-76.8013,-12.4976],[-76.80125,-12.49756],[-76.80121,-12.49781],[-76.80113,-12.49783],[-76.80105,-12.4978],[-76.80099,-12.49787],[-76.80097,-12.49795],[-76.80078,-12.49809],[-76.80076,-12.49814],[-76.80066,-12.49822],[-76.80054,-12.49828],[-76.80037,-12.49838],[-76.80027,-12.49846],[-76.80021,-12.49855],[-76.80015,-12.49864],[-76.80012,-12.49871],[-76.80007,-12.49877],[-76.80004,-12.49882],[-76.80001,-12.49888],[-76.79997,-12.49893],[-76.79986,-12.49901],[-76.79976,-12.49903],[-76.79965,-12.49903],[-76.79955,-12.49914],[-76.79947,-12.49925],[-76.79943,-12.49935],[-76.79952,-12.49943],[-76.79944,-12.49951],[-76.79924,-12.4995],[-76.79915,-12.49944],[-76.79897,-12.49943],[-76.79888,-12.49944],[-76.79879,-12.49946],[-76.79869,-12.49953],[-76.79867,-12.4996],[-76.79866,-12.4997],[-76.79866,-12.49983],[-76.79874,-12.49994],[-76.799,-12.50005],[-76.79913,-12.50013],[-76.79918,-12.50023],[-76.79914,-12.50034],[-76.79914,-12.50047],[-76.79913,-12.50075],[-76.7992,-12.50082],[-76.79932,-12.50086],[-76.79949,-12.50103],[-76.79946,-12.50109],[-76.79931,-12.50117],[-76.79922,-12.50124],[-76.7991,-12.50143],[-76.79897,-12.50156],[-76.7989,-12.50166],[-76.79893,-12.50173],[-76.79902,-12.50179],[-76.79911,-12.50189],[-76.79922,-12.502],[-76.79934,-12.50199],[-76.79945,-12.50192],[-76.79953,-12.50184],[-76.79968,-12.50179],[-76.79975,-12.50179],[-76.79983,-12.50186],[-76.79988,-12.50193],[-76.7999,-12.50201],[-76.80003,-12.5022],[-76.80014,-12.50226],[-76.80046,-12.5022],[-76.80058,-12.50221],[-76.80065,-12.50226],[-76.80074,-12.5024],[-76.80072,-12.50261],[-76.80069,-12.50272],[-76.80072,-12.50283],[-76.80091,-12.50304],[-76.80115,-12.50337],[-76.80119,-12.50343],[-76.80123,-12.50354],[-76.80139,-12.5037],[-76.8015,-12.50376],[-76.80155,-12.50387],[-76.80164,-12.50402],[-76.80183,-12.50417],[-76.80188,-12.5042],[-76.80201,-12.50436],[-76.80214,-12.50442],[-76.80227,-12.50445],[-76.80248,-12.50432],[-76.80254,-12.50435],[-76.80266,-12.50454],[-76.80278,-12.50484],[-76.80277,-12.50507],[-76.80279,-12.50515],[-76.8028,-12.50535],[-76.80275,-12.50545],[-76.80265,-12.5055],[-76.80269,-12.5056],[-76.80273,-12.50564],[-76.80277,-12.5057],[-76.80286,-12.50579],[-76.8029,-12.5059],[-76.80295,-12.50612],[-76.80299,-12.50626],[-76.80316,-12.50656],[-76.80321,-12.50667],[-76.80315,-12.50677],[-76.80314,-12.50684],[-76.80318,-12.50694],[-76.80324,-12.50705],[-76.8033,-12.50712],[-76.80337,-12.50725],[-76.8034,-12.50734],[-76.80343,-12.50759],[-76.80348,-12.50769],[-76.80358,-12.50776],[-76.80377,-12.50778],[-76.80383,-12.50786],[-76.80384,-12.50792],[-76.80384,-12.50803],[-76.80385,-12.50813],[-76.80385,-12.50836],[-76.80386,-12.50843],[-76.80386,-12.5085],[-76.80384,-12.50866],[-76.80378,-12.50883],[-76.80369,-12.50896],[-76.80358,-12.50909],[-76.80349,-12.50914],[-76.80337,-12.50914],[-76.80328,-12.50919],[-76.80321,-12.50918],[-76.80315,-12.50914],[-76.80301,-12.50909],[-76.80292,-12.5091],[-76.80286,-12.50914],[-76.80275,-12.50918],[-76.80265,-12.50912],[-76.80256,-12.5091],[-76.80238,-12.50921],[-76.80216,-12.50928],[-76.80204,-12.50928],[-76.80198,-12.50925],[-76.80191,-12.50919],[-76.80186,-12.50912],[-76.80182,-12.509],[-76.80177,-12.50891],[-76.80171,-12.50888],[-76.80154,-12.50878],[-76.80138,-12.50876],[-76.80123,-12.50876],[-76.80114,-12.50873],[-76.80107,-12.50863],[-76.80108,-12.50842],[-76.80104,-12.50824],[-76.80095,-12.50815],[-76.80086,-12.50818],[-76.80076,-12.50834],[-76.80067,-12.50841],[-76.80057,-12.50855],[-76.80049,-12.50873],[-76.80054,-12.5089],[-76.80058,-12.509],[-76.80052,-12.50911],[-76.80044,-12.50917],[-76.80038,-12.50921],[-76.8003,-12.5092],[-76.80036,-12.50903],[-76.80038,-12.50891],[-76.80014,-12.50868],[-76.80002,-12.50854],[-76.79994,-12.50841],[-76.79977,-12.50822],[-76.79966,-12.50814],[-76.79956,-12.50804],[-76.79949,-12.50798],[-76.79938,-12.50794],[-76.79928,-12.50797],[-76.79913,-12.50812],[-76.79901,-12.50817],[-76.79894,-12.50824],[-76.79889,-12.50835],[-76.79891,-12.50847],[-76.79904,-12.50861],[-76.79914,-12.50871],[-76.79926,-12.50888],[-76.79929,-12.50895],[-76.79931,-12.50908],[-76.79927,-12.50914],[-76.79917,-12.50918],[-76.79911,-12.50917],[-76.79901,-12.50921],[-76.79901,-12.50931],[-76.79895,-12.50933],[-76.79888,-12.5094],[-76.79884,-12.50952],[-76.79881,-12.50975],[-76.79874,-12.50986],[-76.79853,-12.50993],[-76.79843,-12.50999],[-76.79828,-12.51013],[-76.79808,-12.51043],[-76.79798,-12.51051],[-76.79793,-12.51047],[-76.79781,-12.51046],[-76.79756,-12.51048],[-76.79742,-12.51043],[-76.7973,-12.51034],[-76.7972,-12.51033],[-76.79706,-12.51042],[-76.7969,-12.51056],[-76.79683,-12.51062],[-76.79673,-12.51069],[-76.7966,-12.5107],[-76.79648,-12.51069],[-76.79637,-12.51072],[-76.79627,-12.51077],[-76.79618,-12.51081],[-76.79594,-12.51102],[-76.79571,-12.51125],[-76.79562,-12.51133],[-76.79546,-12.51143],[-76.79536,-12.51152],[-76.7953,-12.51154],[-76.79524,-12.51156],[-76.79517,-12.51163],[-76.79514,-12.51173],[-76.79509,-12.51185],[-76.79504,-12.51189],[-76.79493,-12.5119],[-76.79482,-12.5119],[-76.79466,-12.51199],[-76.7946,-12.51202],[-76.79448,-12.512],[-76.79438,-12.51201],[-76.79422,-12.51204],[-76.79415,-12.51203],[-76.79405,-12.51198],[-76.79384,-12.51198],[-76.79375,-12.51199],[-76.79352,-12.5121],[-76.79326,-12.51223],[-76.79298,-12.5124],[-76.7927,-12.5126],[-76.79264,-12.51266],[-76.79258,-12.51273],[-76.79251,-12.51279],[-76.79245,-12.51284],[-76.79232,-12.51299],[-76.7922,-12.51312],[-76.79212,-12.5132],[-76.79201,-12.51326],[-76.79179,-12.51339],[-76.79169,-12.51347],[-76.79162,-12.51353],[-76.79148,-12.51363],[-76.79135,-12.51374],[-76.79131,-12.5138],[-76.79114,-12.51391],[-76.791,-12.51402],[-76.79094,-12.51404],[-76.79082,-12.5141],[-76.79064,-12.51424],[-76.79057,-12.51431],[-76.79041,-12.51444],[-76.79025,-12.51454],[-76.7902,-12.5146],[-76.79008,-12.51467],[-76.78998,-12.51474],[-76.78974,-12.51491],[-76.78965,-12.51496],[-76.78951,-12.51507],[-76.78941,-12.51514],[-76.78932,-12.51517],[-76.78915,-12.51528],[-76.78905,-12.51532],[-76.78891,-12.51532],[-76.78874,-12.5154],[-76.78847,-12.51542],[-76.78824,-12.51542],[-76.78799,-12.51544],[-76.78793,-12.51553],[-76.78795,-12.51563],[-76.78798,-12.51573],[-76.78796,-12.51593],[-76.78793,-12.51598],[-76.78785,-12.51607],[-76.78774,-12.51621],[-76.78763,-12.51625],[-76.78759,-12.51631],[-76.78749,-12.51628],[-76.78735,-12.51622],[-76.78727,-12.5162],[-76.78715,-12.51613],[-76.78707,-12.51616],[-76.78703,-12.51622],[-76.78696,-12.51625],[-76.78673,-12.51624],[-76.78664,-12.51631],[-76.78654,-12.51638],[-76.78649,-12.51643],[-76.78638,-12.51649],[-76.78636,-12.51656],[-76.78636,-12.51668],[-76.78641,-12.51678],[-76.78645,-12.51688],[-76.7865,-12.5171],[-76.78654,-12.51722],[-76.7867,-12.51739],[-76.78675,-12.51747],[-76.78678,-12.51756],[-76.78676,-12.51766],[-76.78673,-12.51774],[-76.78664,-12.5178],[-76.78655,-12.51771],[-76.7865,-12.51764],[-76.78646,-12.51774],[-76.7864,-12.51779],[-76.78638,-12.5179],[-76.78632,-12.51798],[-76.78627,-12.51802],[-76.78595,-12.51805],[-76.78584,-12.51801],[-76.78577,-12.51797],[-76.78568,-12.51802],[-76.78574,-12.51812],[-76.78594,-12.51828],[-76.78599,-12.51834],[-76.78598,-12.51844],[-76.78574,-12.51845],[-76.78563,-12.51848],[-76.78568,-12.51855],[-76.78579,-12.51861],[-76.7859,-12.51868],[-76.78595,-12.51879],[-76.78589,-12.51887],[-76.78572,-12.51884],[-76.78572,-12.51891],[-76.78578,-12.51901],[-76.78577,-12.51908],[-76.78572,-12.51912],[-76.7854,-12.51915],[-76.78524,-12.51912],[-76.78512,-12.51906],[-76.785,-12.51886],[-76.78492,-12.51882],[-76.78486,-12.51915],[-76.78481,-12.5192],[-76.78471,-12.51929],[-76.78463,-12.51938],[-76.78448,-12.51947],[-76.78447,-12.51957],[-76.78437,-12.51973],[-76.78416,-12.51993],[-76.78466,-12.51766],[-76.78598,-12.51396],[-76.78647,-12.5129],[-76.7875,-12.51116],[-76.7882,-12.50974],[-76.78895,-12.50868],[-76.7896,-12.50801],[-76.79035,-12.50715],[-76.79094,-12.50625],[-76.79116,-12.50538],[-76.79125,-12.5045],[-76.7908,-12.50312],[-76.78969,-12.50254],[-76.78894,-12.50166],[-76.78766,-12.50161],[-76.78665,-12.50115],[-76.78447,-12.49981],[-76.78341,-12.49924],[-76.78273,-12.4993],[-76.78147,-12.49874],[-76.78018,-12.49776],[-76.77815,-12.49744],[-76.77734,-12.49722],[-76.77558,-12.49663],[-76.77485,-12.49532],[-76.77289,-12.49502],[-76.77203,-12.49409],[-76.77149,-12.49326],[-76.77136,-12.49267],[-76.77115,-12.49156],[-76.77066,-12.48959],[-76.77004,-12.48706],[-76.76911,-12.48429],[-76.76865,-12.48302],[-76.76836,-12.48235],[-76.76717,-12.48121],[-76.76487,-12.47954],[-76.75763,-12.47672],[-76.75635,-12.47498],[-76.75447,-12.46942],[-76.75205,-12.46358],[-76.75168,-12.46269],[-76.75425,-12.45476],[-76.75547,-12.44947],[-76.75731,-12.44421],[-76.75486,-12.4347],[-76.75285,-12.43145],[-76.75307,-12.43014],[-76.7533,-12.4289]]]}},{"type":"Feature","properties":{"id":"150121","name":"Pueblo Libre"},"geometry":{"type":"Polygon","coordinates":[[[-77.04966,-12.07025],[-77.0542,-12.06655],[-77.06034,-12.06742],[-77.06117,-12.06753],[-77.06515,-12.06761],[-77.06566,-12.06762],[-77.07496,-12.06792],[-77.07773,-12.06855],[-77.07792,-12.07026],[-77.07827,-12.07173],[-77.0783,-12.07199],[-77.07837,-12.07286],[-77.07841,-12.0731],[-77.07857,-12.07352],[-77.0787,-12.07377],[-77.07905,-12.07426],[-77.07958,-12.07482],[-77.07985,-12.07502],[-77.08021,-12.07558],[-77.08059,-12.07637],[-77.08082,-12.0769],[-77.08088,-12.07709],[-77.08096,-12.07751],[-77.08103,-12.0783],[-77.08066,-12.07836],[-77.07997,-12.07849],[-77.07561,-12.08008],[-77.0756,-12.08007],[-77.07142,-12.08159],[-77.0721,-12.08358],[-77.06348,-12.08665],[-77.06333,-12.08662],[-77.06314,-12.08654],[-77.05921,-12.08179],[-77.05807,-12.08056],[-77.05727,-12.07944],[-77.05694,-12.079],[-77.05562,-12.07738],[-77.05293,-12.07413],[-77.0518,-12.07277],[-77.05098,-12.07184],[-77.05097,-12.07184],[-77.04966,-12.07025]]]}},{"type":"Feature","properties":{"id":"150125","name":"Puente Piedra"},"geometry":{"type":"Polygon","coordinates":[[[-77.09076,-11.81966],[-77.0906,-11.81868],[-77.09016,-11.81798],[-77.08978,-11.81648],[-77.08991,-11.81547],[-77.09189,-11.81201],[-77.09202,-11.81159],[-77.09205,-11.81154],[-77.09308,-11.80871],[-77.09307,-11.80686],[-77.09221,-11.80357],[-77.09392,-11.8036],[-77.09582,-11.80446],[-77.09698,-11.80516],[-77.09903,-11.80742],[-77.101,-11.80985],[-77.10137,-11.81013],[-77.10331,-11.81163],[-77.10468,-11.81208],[-77.10558,-11.81236],[-77.10686,-11.81257],[-77.10732,-11.81264],[-77.10793,-11.81331],[-77.10892,-11.81573],[-77.11005,-11.8182],[-77.11147,-11.81949],[-77.11348,-11.82034],[-77.11587,-11.82062],[-77.11866,-11.82028],[-77.1209,-11.81974],[-77.12237,-11.81937],[-77.12382,-11.81937],[-77.12407,-11.81947],[-77.12488,-11.8198],[-77.125,-11.81985],[-77.12536,-11.82],[-77.12596,-11.82069],[-77.12596,-11.82071],[-77.12541,-11.82199],[-77.12432,-11.82324],[-77.12116,-11.82687],[-77.1193,-11.82891],[-77.11641,-11.83122],[-77.11742,-11.83244],[-77.11633,-11.83375],[-77.11601,-11.83397],[-77.11478,-11.83481],[-77.11488,-11.83494],[-77.11566,-11.83795],[-77.11574,-11.83825],[-77.11589,-11.83882],[-77.11593,-11.83914],[-77.11589,-11.8395],[-77.11574,-11.83979],[-77.11496,-11.84064],[-77.11451,-11.84112],[-77.11509,-11.84172],[-77.1145,-11.84227],[-77.11435,-11.84212],[-77.11346,-11.84287],[-77.11334,-11.84297],[-77.11334,-11.84338],[-77.11334,-11.8435],[-77.11332,-11.84449],[-77.11347,-11.84497],[-77.11348,-11.84502],[-77.11352,-11.84533],[-77.11351,-11.84549],[-77.11344,-11.84551],[-77.11346,-11.84602],[-77.11323,-11.8467],[-77.1131,-11.84708],[-77.1131,-11.84714],[-77.11304,-11.84733],[-77.11297,-11.84757],[-77.11365,-11.84802],[-77.11387,-11.8481],[-77.1141,-11.8482],[-77.11452,-11.84755],[-77.1149,-11.84779],[-77.11533,-11.8472],[-77.11567,-11.84742],[-77.11564,-11.84747],[-77.11599,-11.84777],[-77.11565,-11.84829],[-77.11622,-11.84861],[-77.11607,-11.84882],[-77.11594,-11.849],[-77.11568,-11.84937],[-77.11527,-11.84977],[-77.11521,-11.84983],[-77.11489,-11.84997],[-77.11483,-11.84997],[-77.1145,-11.85058],[-77.11394,-11.85125],[-77.1138,-11.85107],[-77.11356,-11.85077],[-77.11342,-11.85058],[-77.11335,-11.85053],[-77.11327,-11.85053],[-77.11315,-11.85056],[-77.11307,-11.85057],[-77.113,-11.85056],[-77.11293,-11.85054],[-77.11268,-11.85034],[-77.11262,-11.85031],[-77.11256,-11.85031],[-77.11248,-11.85034],[-77.11241,-11.85039],[-77.11234,-11.85041],[-77.11216,-11.85042],[-77.11206,-11.85043],[-77.11197,-11.85047],[-77.11178,-11.85056],[-77.11158,-11.85065],[-77.11135,-11.85082],[-77.11128,-11.8509],[-77.11125,-11.85096],[-77.11122,-11.85106],[-77.11112,-11.85127],[-77.1111,-11.85131],[-77.11101,-11.85156],[-77.111,-11.85167],[-77.11101,-11.85185],[-77.11101,-11.85189],[-77.11102,-11.852],[-77.11106,-11.85215],[-77.11111,-11.8523],[-77.11118,-11.85242],[-77.11121,-11.85253],[-77.11122,-11.85258],[-77.11119,-11.85266],[-77.11113,-11.85279],[-77.11112,-11.85281],[-77.11108,-11.8529],[-77.11108,-11.85298],[-77.11109,-11.85307],[-77.11108,-11.85319],[-77.11106,-11.85327],[-77.11105,-11.85332],[-77.11102,-11.85343],[-77.11097,-11.85356],[-77.11096,-11.85356],[-77.11089,-11.85365],[-77.11082,-11.85371],[-77.11076,-11.85372],[-77.1106,-11.85367],[-77.1105,-11.85357],[-77.11021,-11.85347],[-77.11,-11.85345],[-77.10984,-11.85349],[-77.10977,-11.8535],[-77.10944,-11.8536],[-77.10898,-11.8537],[-77.10887,-11.85389],[-77.10875,-11.8541],[-77.10865,-11.85427],[-77.10853,-11.85441],[-77.10838,-11.85458],[-77.10815,-11.85492],[-77.10795,-11.85504],[-77.1076,-11.85523],[-77.10724,-11.85557],[-77.107,-11.85576],[-77.10654,-11.85602],[-77.10633,-11.85626],[-77.10622,-11.85646],[-77.10621,-11.85665],[-77.10627,-11.85697],[-77.10637,-11.8573],[-77.10649,-11.8575],[-77.10654,-11.85759],[-77.10667,-11.8579],[-77.10676,-11.85807],[-77.10679,-11.85821],[-77.10669,-11.8584],[-77.10654,-11.85866],[-77.10641,-11.85889],[-77.10632,-11.859],[-77.10624,-11.85906],[-77.10612,-11.85915],[-77.10604,-11.8592],[-77.10592,-11.85926],[-77.1059,-11.85935],[-77.10592,-11.85952],[-77.10593,-11.8598],[-77.10593,-11.86011],[-77.10578,-11.86035],[-77.10562,-11.86051],[-77.10547,-11.86069],[-77.10544,-11.86079],[-77.10543,-11.86099],[-77.10549,-11.8612],[-77.10563,-11.86167],[-77.10566,-11.86198],[-77.10565,-11.86222],[-77.10561,-11.86243],[-77.10554,-11.86271],[-77.10552,-11.86296],[-77.10552,-11.86301],[-77.10568,-11.86313],[-77.10611,-11.86356],[-77.1064,-11.86391],[-77.10673,-11.86423],[-77.10687,-11.8645],[-77.10694,-11.86477],[-77.10699,-11.86511],[-77.1071,-11.86555],[-77.10719,-11.8658],[-77.10729,-11.86605],[-77.1073,-11.86621],[-77.10728,-11.86632],[-77.10717,-11.86653],[-77.10693,-11.86687],[-77.10666,-11.86724],[-77.1065,-11.8674],[-77.10634,-11.86765],[-77.1062,-11.86793],[-77.10603,-11.86812],[-77.10579,-11.8683],[-77.10552,-11.86842],[-77.10525,-11.86857],[-77.10502,-11.86872],[-77.10478,-11.86887],[-77.10447,-11.86922],[-77.10425,-11.86942],[-77.10405,-11.8696],[-77.1039,-11.8697],[-77.10374,-11.86978],[-77.10357,-11.86975],[-77.1033,-11.86964],[-77.10312,-11.86963],[-77.10284,-11.86969],[-77.1024,-11.86979],[-77.10227,-11.86987],[-77.10195,-11.86995],[-77.10166,-11.86997],[-77.10131,-11.86999],[-77.10091,-11.87002],[-77.10062,-11.87002],[-77.10036,-11.86991],[-77.10011,-11.86978],[-77.09989,-11.86967],[-77.09973,-11.86961],[-77.09959,-11.86958],[-77.09897,-11.86972],[-77.0987,-11.86983],[-77.09847,-11.86999],[-77.09827,-11.8701],[-77.09805,-11.87021],[-77.09765,-11.87035],[-77.09736,-11.87055],[-77.09713,-11.87067],[-77.09666,-11.87077],[-77.0964,-11.87106],[-77.09607,-11.87152],[-77.09584,-11.87212],[-77.09551,-11.87274],[-77.09533,-11.87318],[-77.09517,-11.8736],[-77.09507,-11.87393],[-77.09488,-11.87447],[-77.09456,-11.87494],[-77.09448,-11.87554],[-77.09445,-11.87594],[-77.09431,-11.87626],[-77.09418,-11.87664],[-77.09419,-11.87702],[-77.09434,-11.87737],[-77.09435,-11.87771],[-77.09425,-11.87811],[-77.09424,-11.87845],[-77.09418,-11.87891],[-77.09415,-11.87908],[-77.09403,-11.87926],[-77.09378,-11.8795],[-77.09361,-11.87973],[-77.09332,-11.88032],[-77.09308,-11.88086],[-77.09299,-11.88125],[-77.09298,-11.88176],[-77.093,-11.88209],[-77.09285,-11.88245],[-77.09265,-11.88277],[-77.09243,-11.88308],[-77.09241,-11.88357],[-77.09251,-11.88403],[-77.09257,-11.88442],[-77.09248,-11.88482],[-77.0923,-11.88527],[-77.09221,-11.88589],[-77.09223,-11.88674],[-77.09217,-11.88726],[-77.09217,-11.8876],[-77.09217,-11.8879],[-77.09226,-11.88853],[-77.09244,-11.88916],[-77.09271,-11.8901],[-77.09297,-11.8904],[-77.09326,-11.89065],[-77.09329,-11.89088],[-77.09324,-11.89134],[-77.09302,-11.8918],[-77.09228,-11.89272],[-77.09194,-11.89321],[-77.09141,-11.89385],[-77.09113,-11.89424],[-77.09094,-11.89452],[-77.0908,-11.89477],[-77.0908,-11.89499],[-77.09097,-11.8953],[-77.09114,-11.89554],[-77.0913,-11.89569],[-77.09139,-11.89581],[-77.09141,-11.89593],[-77.09136,-11.89615],[-77.0912,-11.8964],[-77.09072,-11.89685],[-77.09011,-11.89747],[-77.08967,-11.89804],[-77.08937,-11.89854],[-77.08927,-11.89918],[-77.08947,-11.90009],[-77.09,-11.90115],[-77.09036,-11.90179],[-77.09081,-11.9024],[-77.09133,-11.9031],[-77.09172,-11.90354],[-77.092,-11.90382],[-77.09208,-11.90407],[-77.0921,-11.90447],[-77.09236,-11.90615],[-77.09254,-11.90671],[-77.09279,-11.90745],[-77.09298,-11.90777],[-77.09303,-11.90798],[-77.09297,-11.90853],[-77.09297,-11.90922],[-77.09301,-11.90966],[-77.09308,-11.90987],[-77.09352,-11.91065],[-77.09387,-11.91097],[-77.09448,-11.91142],[-77.09471,-11.91188],[-77.095,-11.91252],[-77.09512,-11.9132],[-77.09512,-11.9132],[-77.09513,-11.9137],[-77.09511,-11.91425],[-77.09534,-11.9148],[-77.09564,-11.91519],[-77.09612,-11.91571],[-77.09659,-11.91598],[-77.09692,-11.91607],[-77.09721,-11.91609],[-77.09762,-11.91629],[-77.09767,-11.91646],[-77.09758,-11.9169],[-77.09738,-11.91741],[-77.09735,-11.91749],[-77.09702,-11.91818],[-77.09689,-11.91859],[-77.09671,-11.91941],[-77.09689,-11.9201],[-77.09714,-11.92051],[-77.09719,-11.92072],[-77.0973,-11.92124],[-77.09742,-11.92204],[-77.09744,-11.92271],[-77.09731,-11.92382],[-77.09727,-11.92431],[-77.09765,-11.92479],[-77.09822,-11.92515],[-77.0988,-11.92528],[-77.09931,-11.92546],[-77.09953,-11.92572],[-77.09971,-11.92591],[-77.09979,-11.926],[-77.10022,-11.92623],[-77.10062,-11.92635],[-77.10102,-11.92661],[-77.10132,-11.92703],[-77.10144,-11.92723],[-77.10179,-11.92745],[-77.10219,-11.9276],[-77.1025,-11.92782],[-77.10259,-11.92821],[-77.10266,-11.92885],[-77.10271,-11.9294],[-77.10265,-11.92981],[-77.1026,-11.93025],[-77.10257,-11.93092],[-77.10255,-11.93101],[-77.10249,-11.9313],[-77.10256,-11.93161],[-77.10279,-11.93196],[-77.10323,-11.93231],[-77.10338,-11.9327],[-77.1034,-11.93326],[-77.1033,-11.93361],[-77.1031,-11.93379],[-77.10307,-11.93423],[-77.1031,-11.9347],[-77.10328,-11.93521],[-77.1037,-11.9355],[-77.10411,-11.93563],[-77.10407,-11.93582],[-77.10389,-11.93598],[-77.10333,-11.93631],[-77.103,-11.93655],[-77.10262,-11.93704],[-77.10238,-11.93745],[-77.1021,-11.93797],[-77.10156,-11.93833],[-77.10098,-11.93854],[-77.10062,-11.93861],[-77.10037,-11.93866],[-77.09999,-11.93873],[-77.0997,-11.93875],[-77.0995,-11.93887],[-77.09938,-11.93916],[-77.09926,-11.93959],[-77.09905,-11.94005],[-77.09877,-11.9403],[-77.09853,-11.94046],[-77.09824,-11.94071],[-77.09808,-11.94111],[-77.09803,-11.94155],[-77.09807,-11.94241],[-77.09802,-11.94299],[-77.09798,-11.94346],[-77.09767,-11.94404],[-77.09729,-11.94431],[-77.09715,-11.94441],[-77.09707,-11.94446],[-77.09665,-11.94468],[-77.09615,-11.94486],[-77.09533,-11.94521],[-77.09523,-11.94532],[-77.09517,-11.94552],[-77.09527,-11.94582],[-77.09549,-11.94614],[-77.09587,-11.94659],[-77.09588,-11.94662],[-77.09596,-11.94691],[-77.09611,-11.94743],[-77.09613,-11.94808],[-77.09619,-11.94836],[-77.09637,-11.9487],[-77.09633,-11.94881],[-77.09607,-11.94901],[-77.09587,-11.94909],[-77.09562,-11.94928],[-77.09546,-11.94942],[-77.0954,-11.94949],[-77.09531,-11.94959],[-77.09522,-11.94968],[-77.09498,-11.94935],[-77.09487,-11.94914],[-77.09486,-11.94912],[-77.09477,-11.94887],[-77.09476,-11.94884],[-77.09471,-11.94869],[-77.09442,-11.948],[-77.0943,-11.94757],[-77.09425,-11.94685],[-77.09416,-11.94644],[-77.09392,-11.94599],[-77.09373,-11.94574],[-77.09321,-11.9453],[-77.0924,-11.94485],[-77.0924,-11.94484],[-77.0922,-11.94474],[-77.09142,-11.94432],[-77.09069,-11.94387],[-77.08996,-11.94333],[-77.08944,-11.94293],[-77.08895,-11.94245],[-77.08812,-11.94174],[-77.08744,-11.94113],[-77.08694,-11.9405],[-77.08617,-11.93934],[-77.08552,-11.9381],[-77.08519,-11.93782],[-77.08444,-11.937],[-77.08404,-11.93672],[-77.08357,-11.93638],[-77.08298,-11.9358],[-77.0826,-11.93512],[-77.08199,-11.93372],[-77.0817,-11.9331],[-77.08154,-11.93275],[-77.08145,-11.93226],[-77.08128,-11.93193],[-77.08114,-11.93169],[-77.08069,-11.93135],[-77.08005,-11.93099],[-77.07942,-11.93045],[-77.07894,-11.93006],[-77.0785,-11.92968],[-77.07799,-11.92921],[-77.07761,-11.92866],[-77.07737,-11.92813],[-77.07726,-11.92768],[-77.0772,-11.92707],[-77.0772,-11.92652],[-77.07717,-11.92625],[-77.0771,-11.92574],[-77.07703,-11.9253],[-77.07704,-11.92491],[-77.07703,-11.92452],[-77.07712,-11.92407],[-77.07707,-11.92372],[-77.07699,-11.92358],[-77.0767,-11.92312],[-77.07646,-11.92268],[-77.07632,-11.92243],[-77.07621,-11.92218],[-77.07609,-11.92181],[-77.07579,-11.92139],[-77.07552,-11.92099],[-77.07529,-11.92048],[-77.07507,-11.91999],[-77.0748,-11.91954],[-77.07472,-11.91916],[-77.07444,-11.91866],[-77.07404,-11.91802],[-77.07376,-11.91777],[-77.07353,-11.91762],[-77.07323,-11.91741],[-77.07278,-11.91704],[-77.07269,-11.91691],[-77.07257,-11.91684],[-77.07239,-11.91652],[-77.07226,-11.91604],[-77.07205,-11.91534],[-77.07183,-11.91474],[-77.07152,-11.9135],[-77.07122,-11.9125],[-77.07099,-11.91177],[-77.07073,-11.91118],[-77.07047,-11.91055],[-77.07037,-11.91023],[-77.07003,-11.90981],[-77.06967,-11.90923],[-77.06937,-11.9088],[-77.06891,-11.90847],[-77.06844,-11.9084],[-77.0683,-11.90834],[-77.06805,-11.90832],[-77.06766,-11.90815],[-77.06751,-11.90798],[-77.06729,-11.90781],[-77.06703,-11.90749],[-77.06684,-11.90693],[-77.06679,-11.90678],[-77.06654,-11.90624],[-77.06635,-11.90588],[-77.06617,-11.90553],[-77.06595,-11.90487],[-77.06566,-11.90434],[-77.06545,-11.90387],[-77.06514,-11.90318],[-77.06472,-11.90257],[-77.06441,-11.90214],[-77.06408,-11.90154],[-77.06359,-11.90079],[-77.06283,-11.89969],[-77.062,-11.8989],[-77.06139,-11.89825],[-77.06091,-11.89782],[-77.06039,-11.89727],[-77.05975,-11.8966],[-77.05968,-11.89653],[-77.0593,-11.89614],[-77.05876,-11.89549],[-77.05816,-11.89477],[-77.05688,-11.89368],[-77.05609,-11.89284],[-77.05546,-11.89187],[-77.05521,-11.89153],[-77.05474,-11.89077],[-77.05421,-11.89006],[-77.05406,-11.88984],[-77.05408,-11.88857],[-77.05535,-11.88597],[-77.05564,-11.88539],[-77.05524,-11.88259],[-77.05537,-11.87918],[-77.05518,-11.87681],[-77.05525,-11.87512],[-77.05609,-11.87372],[-77.05671,-11.8729],[-77.05698,-11.87175],[-77.05694,-11.8707],[-77.05705,-11.87038],[-77.05734,-11.87012],[-77.05774,-11.87046],[-77.05828,-11.87029],[-77.05867,-11.86992],[-77.05904,-11.86929],[-77.05891,-11.86869],[-77.05872,-11.86797],[-77.05835,-11.86648],[-77.05822,-11.86523],[-77.05822,-11.8629],[-77.05856,-11.86231],[-77.05863,-11.85994],[-77.05986,-11.85915],[-77.05884,-11.85765],[-77.05996,-11.85712],[-77.06222,-11.85477],[-77.0627,-11.85179],[-77.06498,-11.85152],[-77.06754,-11.85055],[-77.06801,-11.85029],[-77.06989,-11.84947],[-77.0725,-11.84853],[-77.07459,-11.8474],[-77.07545,-11.84718],[-77.07745,-11.84478],[-77.08049,-11.84224],[-77.08312,-11.84067],[-77.0842,-11.84104],[-77.0853,-11.8409],[-77.08576,-11.83948],[-77.08591,-11.83871],[-77.08582,-11.83817],[-77.08588,-11.83665],[-77.08629,-11.8359],[-77.08642,-11.83567],[-77.08687,-11.8352],[-77.08749,-11.83479],[-77.08841,-11.83278],[-77.0894,-11.83018],[-77.0886,-11.82854],[-77.08784,-11.82735],[-77.0876,-11.82668],[-77.088,-11.82507],[-77.08877,-11.82455],[-77.09079,-11.82311],[-77.09066,-11.82188],[-77.09076,-11.81966]]]}},{"type":"Feature","properties":{"id":"150126","name":"Punta Hermosa"},"geometry":{"type":"Polygon","coordinates":[[[-76.64558,-12.21167],[-76.64674,-12.21062],[-76.64771,-12.20971],[-76.64863,-12.20816],[-76.64919,-12.20603],[-76.65005,-12.20378],[-76.65084,-12.20094],[-76.6508,-12.19877],[-76.65069,-12.19768],[-76.65151,-12.19619],[-76.65207,-12.19447],[-76.65267,-12.19256],[-76.65342,-12.19166],[-76.65469,-12.19072],[-76.65559,-12.18956],[-76.65645,-12.18799],[-76.6575,-12.18496],[-76.65817,-12.18373],[-76.65922,-12.18264],[-76.66086,-12.17961],[-76.66203,-12.17796],[-76.66273,-12.17961],[-76.66378,-12.18287],[-76.66438,-12.18427],[-76.66452,-12.18459],[-76.66472,-12.1849],[-76.6651,-12.18526],[-76.66594,-12.1858],[-76.66743,-12.18638],[-76.66814,-12.18678],[-76.66902,-12.18702],[-76.66981,-12.18745],[-76.6707,-12.1878],[-76.67154,-12.18843],[-76.67251,-12.18862],[-76.67293,-12.18879],[-76.67364,-12.18934],[-76.67388,-12.18971],[-76.6741,-12.19018],[-76.67435,-12.19041],[-76.67516,-12.19077],[-76.67624,-12.19093],[-76.67663,-12.19111],[-76.67697,-12.19144],[-76.67759,-12.19224],[-76.67884,-12.19314],[-76.67905,-12.19333],[-76.67943,-12.1938],[-76.6796,-12.19394],[-76.67985,-12.194],[-76.68036,-12.19398],[-76.68144,-12.19378],[-76.68183,-12.19375],[-76.68215,-12.19381],[-76.68244,-12.19401],[-76.68258,-12.19421],[-76.68286,-12.19479],[-76.68323,-12.19534],[-76.68361,-12.19614],[-76.68368,-12.19663],[-76.68358,-12.19767],[-76.68364,-12.19785],[-76.68382,-12.1981],[-76.68416,-12.1984],[-76.68461,-12.19894],[-76.68487,-12.19915],[-76.68518,-12.19932],[-76.68577,-12.19954],[-76.68624,-12.19987],[-76.68675,-12.20029],[-76.68783,-12.2011],[-76.68809,-12.20125],[-76.68918,-12.20169],[-76.69012,-12.20235],[-76.69029,-12.20253],[-76.69054,-12.20292],[-76.69074,-12.20375],[-76.69096,-12.20407],[-76.69109,-12.20419],[-76.69143,-12.20438],[-76.692,-12.20455],[-76.69228,-12.20471],[-76.69254,-12.20505],[-76.69277,-12.20578],[-76.693,-12.20621],[-76.6936,-12.20687],[-76.69461,-12.20761],[-76.69497,-12.208],[-76.69523,-12.20858],[-76.69527,-12.20882],[-76.69524,-12.20903],[-76.69505,-12.20928],[-76.6944,-12.2097],[-76.69418,-12.20994],[-76.69407,-12.21015],[-76.69409,-12.21044],[-76.69426,-12.21068],[-76.69524,-12.21168],[-76.69542,-12.21195],[-76.69629,-12.21327],[-76.6965,-12.21374],[-76.69657,-12.21418],[-76.69659,-12.21472],[-76.6968,-12.21549],[-76.69707,-12.21606],[-76.6975,-12.21666],[-76.69771,-12.21714],[-76.69788,-12.21733],[-76.69807,-12.21744],[-76.69822,-12.21747],[-76.69873,-12.21732],[-76.69891,-12.21734],[-76.69902,-12.21744],[-76.69928,-12.21786],[-76.69946,-12.21803],[-76.69993,-12.2183],[-76.70038,-12.21839],[-76.70057,-12.21848],[-76.70165,-12.21931],[-76.70247,-12.21966],[-76.70393,-12.2198],[-76.70433,-12.21991],[-76.70532,-12.22047],[-76.70569,-12.22082],[-76.70618,-12.22164],[-76.70678,-12.22238],[-76.70714,-12.22266],[-76.70771,-12.22296],[-76.70885,-12.22326],[-76.70973,-12.22339],[-76.71137,-12.22341],[-76.71224,-12.22353],[-76.7129,-12.22367],[-76.71345,-12.22386],[-76.71452,-12.22479],[-76.71507,-12.2255],[-76.71535,-12.22619],[-76.71573,-12.22676],[-76.71618,-12.2272],[-76.71666,-12.22759],[-76.71731,-12.22802],[-76.71827,-12.22904],[-76.71853,-12.2295],[-76.71885,-12.23031],[-76.72018,-12.23257],[-76.72047,-12.23332],[-76.72123,-12.23498],[-76.72139,-12.23543],[-76.72142,-12.23586],[-76.72105,-12.23787],[-76.7207,-12.23919],[-76.72066,-12.23961],[-76.72063,-12.24061],[-76.7207,-12.24095],[-76.72125,-12.24191],[-76.72204,-12.24262],[-76.72316,-12.24393],[-76.72499,-12.24434],[-76.72757,-12.24471],[-76.72884,-12.24525],[-76.72992,-12.24562],[-76.73088,-12.24615],[-76.7312,-12.24645],[-76.73209,-12.24745],[-76.73271,-12.24804],[-76.73309,-12.2487],[-76.73325,-12.24912],[-76.73348,-12.24954],[-76.73353,-12.24988],[-76.73386,-12.25005],[-76.73424,-12.25046],[-76.73452,-12.25092],[-76.73481,-12.25152],[-76.73499,-12.25177],[-76.73567,-12.25221],[-76.73645,-12.25254],[-76.73747,-12.25269],[-76.7382,-12.25289],[-76.74007,-12.25364],[-76.74074,-12.2537],[-76.74155,-12.25362],[-76.74267,-12.25341],[-76.74498,-12.25336],[-76.74746,-12.25341],[-76.74813,-12.25334],[-76.74881,-12.25312],[-76.74998,-12.25257],[-76.75153,-12.25193],[-76.75209,-12.25179],[-76.75256,-12.25181],[-76.753,-12.25194],[-76.75368,-12.25234],[-76.75434,-12.2525],[-76.755,-12.25285],[-76.75532,-12.25296],[-76.75599,-12.25302],[-76.75687,-12.25297],[-76.75728,-12.25277],[-76.75752,-12.25248],[-76.75776,-12.25201],[-76.75812,-12.25092],[-76.75842,-12.25039],[-76.75858,-12.25029],[-76.75891,-12.25017],[-76.75915,-12.25014],[-76.75934,-12.25016],[-76.75969,-12.25037],[-76.76036,-12.25096],[-76.76076,-12.25118],[-76.76219,-12.25177],[-76.76338,-12.25215],[-76.76372,-12.25245],[-76.76396,-12.25285],[-76.76441,-12.25381],[-76.76515,-12.2548],[-76.7656,-12.25568],[-76.76577,-12.25619],[-76.76623,-12.25696],[-76.76637,-12.25738],[-76.76637,-12.25791],[-76.7664,-12.25832],[-76.76654,-12.25888],[-76.76666,-12.25915],[-76.76706,-12.25975],[-76.76774,-12.26046],[-76.76806,-12.26065],[-76.76916,-12.26087],[-76.77049,-12.26085],[-76.77108,-12.26092],[-76.77142,-12.26108],[-76.7719,-12.26132],[-76.77308,-12.2622],[-76.77376,-12.26242],[-76.77427,-12.26249],[-76.77546,-12.26248],[-76.77683,-12.26239],[-76.77728,-12.26243],[-76.77908,-12.26337],[-76.77992,-12.26395],[-76.78034,-12.26409],[-76.78117,-12.26416],[-76.78169,-12.26409],[-76.78332,-12.26401],[-76.78461,-12.2637],[-76.78579,-12.26357],[-76.78662,-12.26329],[-76.78737,-12.26329],[-76.78779,-12.26345],[-76.78844,-12.26397],[-76.78907,-12.26438],[-76.78937,-12.26441],[-76.79003,-12.26436],[-76.79037,-12.26442],[-76.79067,-12.26453],[-76.79199,-12.26519],[-76.79243,-12.26551],[-76.79373,-12.26674],[-76.79456,-12.26735],[-76.79564,-12.26803],[-76.79597,-12.26839],[-76.79625,-12.26892],[-76.79719,-12.26971],[-76.79737,-12.26996],[-76.79759,-12.27043],[-76.79804,-12.27112],[-76.7989,-12.27221],[-76.79931,-12.27283],[-76.8008,-12.27431],[-76.80522,-12.27741],[-76.80826,-12.27912],[-76.81454,-12.28147],[-76.81595,-12.28179],[-76.81858,-12.28249],[-76.81924,-12.28285],[-76.8193,-12.28297],[-76.81969,-12.28379],[-76.82032,-12.28494],[-76.82185,-12.28638],[-76.82369,-12.28789],[-76.82794,-12.29198],[-76.82938,-12.29393],[-76.83895,-12.30704],[-76.83919,-12.30774],[-76.84207,-12.31059],[-76.8431,-12.3117],[-76.84301,-12.31193],[-76.84302,-12.31204],[-76.84306,-12.31217],[-76.84316,-12.31231],[-76.84334,-12.31262],[-76.84348,-12.31296],[-76.84348,-12.31321],[-76.84342,-12.31328],[-76.84327,-12.31341],[-76.84308,-12.31338],[-76.8429,-12.3133],[-76.84281,-12.31319],[-76.84263,-12.31303],[-76.84238,-12.31288],[-76.84211,-12.31278],[-76.84189,-12.31273],[-76.84172,-12.31271],[-76.84146,-12.31274],[-76.84121,-12.31283],[-76.84113,-12.31281],[-76.84091,-12.31293],[-76.84083,-12.31296],[-76.84068,-12.31297],[-76.84058,-12.31294],[-76.84026,-12.31281],[-76.84012,-12.31279],[-76.83991,-12.31286],[-76.83973,-12.31297],[-76.83948,-12.31324],[-76.83939,-12.31326],[-76.83921,-12.31348],[-76.83891,-12.31364],[-76.83865,-12.31388],[-76.83856,-12.31399],[-76.83805,-12.31434],[-76.83785,-12.31468],[-76.83765,-12.3148],[-76.83765,-12.31501],[-76.83741,-12.31514],[-76.83705,-12.31554],[-76.83661,-12.31617],[-76.83633,-12.31684],[-76.83603,-12.31741],[-76.83586,-12.3181],[-76.83581,-12.31858],[-76.83573,-12.31877],[-76.83571,-12.31888],[-76.83571,-12.31916],[-76.83572,-12.31928],[-76.83572,-12.31957],[-76.83573,-12.31965],[-76.83572,-12.31977],[-76.83571,-12.31983],[-76.8357,-12.31993],[-76.83569,-12.32004],[-76.8357,-12.32015],[-76.83571,-12.32022],[-76.83575,-12.32032],[-76.83575,-12.32038],[-76.83577,-12.32045],[-76.83584,-12.32069],[-76.83591,-12.32081],[-76.83596,-12.32092],[-76.83604,-12.321],[-76.83614,-12.32104],[-76.83621,-12.32105],[-76.83631,-12.32108],[-76.83652,-12.32115],[-76.83664,-12.32126],[-76.83706,-12.32169],[-76.83731,-12.32203],[-76.83755,-12.32229],[-76.83762,-12.32238],[-76.83772,-12.3227],[-76.83771,-12.32292],[-76.83769,-12.32309],[-76.83772,-12.32334],[-76.83779,-12.32345],[-76.83781,-12.32365],[-76.83781,-12.32377],[-76.8378,-12.32406],[-76.83775,-12.32428],[-76.83766,-12.32448],[-76.83756,-12.32459],[-76.83732,-12.32478],[-76.83715,-12.32488],[-76.83697,-12.32487],[-76.83676,-12.32482],[-76.83635,-12.32492],[-76.83595,-12.32508],[-76.8355,-12.32537],[-76.83527,-12.32559],[-76.83512,-12.32576],[-76.83482,-12.32627],[-76.83464,-12.32647],[-76.83454,-12.32661],[-76.8345,-12.32668],[-76.83443,-12.3271],[-76.8345,-12.32734],[-76.83454,-12.32756],[-76.83456,-12.3278],[-76.83463,-12.32807],[-76.83466,-12.32819],[-76.83473,-12.32836],[-76.8348,-12.32853],[-76.83486,-12.32862],[-76.83494,-12.32871],[-76.835,-12.32881],[-76.83504,-12.32893],[-76.83504,-12.32904],[-76.83502,-12.32914],[-76.83498,-12.32923],[-76.83492,-12.32931],[-76.83488,-12.32936],[-76.83483,-12.32946],[-76.83483,-12.32955],[-76.83485,-12.32964],[-76.83475,-12.32968],[-76.83462,-12.32969],[-76.83455,-12.32967],[-76.8345,-12.32963],[-76.8344,-12.32959],[-76.83414,-12.32955],[-76.83404,-12.32956],[-76.83393,-12.32956],[-76.83386,-12.32957],[-76.83374,-12.32962],[-76.83351,-12.32968],[-76.83341,-12.32972],[-76.83324,-12.32978],[-76.83311,-12.32979],[-76.83304,-12.3298],[-76.83293,-12.32982],[-76.83281,-12.32983],[-76.83247,-12.32995],[-76.83226,-12.33008],[-76.83216,-12.33012],[-76.83197,-12.33025],[-76.83188,-12.33033],[-76.83163,-12.33048],[-76.83146,-12.3306],[-76.83128,-12.33075],[-76.83112,-12.33092],[-76.83102,-12.33101],[-76.83081,-12.33122],[-76.83073,-12.33133],[-76.8307,-12.33139],[-76.8307,-12.33146],[-76.83069,-12.33156],[-76.83069,-12.33169],[-76.8307,-12.33182],[-76.83075,-12.33192],[-76.8308,-12.33203],[-76.83083,-12.33209],[-76.83087,-12.3322],[-76.83088,-12.33231],[-76.83089,-12.33252],[-76.83092,-12.33275],[-76.83093,-12.33282],[-76.83095,-12.33294],[-76.83098,-12.33324],[-76.83096,-12.33342],[-76.83096,-12.33355],[-76.83096,-12.33374],[-76.83095,-12.33395],[-76.83098,-12.33404],[-76.83098,-12.33411],[-76.83097,-12.33421],[-76.83096,-12.33427],[-76.83092,-12.33441],[-76.83086,-12.33448],[-76.83076,-12.33453],[-76.83066,-12.33461],[-76.83042,-12.33476],[-76.83025,-12.33483],[-76.83014,-12.33484],[-76.82996,-12.33484],[-76.82977,-12.33496],[-76.82943,-12.33521],[-76.82938,-12.33526],[-76.8293,-12.33532],[-76.82912,-12.33551],[-76.82874,-12.33583],[-76.82863,-12.3359],[-76.82854,-12.33597],[-76.82841,-12.33616],[-76.82827,-12.33631],[-76.82819,-12.33643],[-76.82815,-12.33662],[-76.82813,-12.33688],[-76.82813,-12.337],[-76.82818,-12.33718],[-76.8282,-12.3373],[-76.82823,-12.33751],[-76.8283,-12.33771],[-76.82837,-12.33788],[-76.82839,-12.33799],[-76.8284,-12.33821],[-76.82837,-12.3383],[-76.82827,-12.33846],[-76.8282,-12.33853],[-76.82811,-12.33858],[-76.82798,-12.33869],[-76.82772,-12.33886],[-76.82759,-12.33893],[-76.82738,-12.33902],[-76.82732,-12.33903],[-76.82721,-12.33909],[-76.8271,-12.33912],[-76.827,-12.33918],[-76.82691,-12.33922],[-76.82678,-12.33926],[-76.82657,-12.33931],[-76.82646,-12.33934],[-76.82625,-12.33944],[-76.826,-12.33956],[-76.82574,-12.33969],[-76.82553,-12.33981],[-76.82522,-12.3399],[-76.82504,-12.34002],[-76.82502,-12.34008],[-76.82509,-12.34029],[-76.82514,-12.34037],[-76.8252,-12.34045],[-76.82537,-12.34069],[-76.82544,-12.34076],[-76.82549,-12.34082],[-76.82559,-12.34089],[-76.82568,-12.34097],[-76.82582,-12.34116],[-76.82588,-12.34125],[-76.82595,-12.34135],[-76.8261,-12.34152],[-76.82625,-12.34168],[-76.82635,-12.34181],[-76.82651,-12.34198],[-76.82665,-12.34213],[-76.82688,-12.34241],[-76.82697,-12.34257],[-76.82701,-12.34267],[-76.82704,-12.34278],[-76.82703,-12.34289],[-76.82699,-12.34294],[-76.82689,-12.343],[-76.82678,-12.34302],[-76.82667,-12.34303],[-76.82637,-12.34302],[-76.82626,-12.34296],[-76.82617,-12.34286],[-76.82604,-12.34262],[-76.82595,-12.34241],[-76.82591,-12.34237],[-76.82585,-12.34235],[-76.82572,-12.34233],[-76.8256,-12.34233],[-76.82549,-12.34232],[-76.82538,-12.34227],[-76.82524,-12.34214],[-76.82512,-12.34201],[-76.82498,-12.34181],[-76.82493,-12.3417],[-76.82497,-12.34158],[-76.82501,-12.34152],[-76.82503,-12.34145],[-76.825,-12.34139],[-76.82497,-12.34134],[-76.82488,-12.34129],[-76.8248,-12.34123],[-76.82471,-12.34117],[-76.82467,-12.34112],[-76.82462,-12.34102],[-76.82458,-12.34092],[-76.82457,-12.34079],[-76.82449,-12.34075],[-76.82438,-12.34077],[-76.8243,-12.34075],[-76.82421,-12.3407],[-76.82428,-12.34061],[-76.82435,-12.34061],[-76.82447,-12.34059],[-76.82452,-12.34047],[-76.82451,-12.34038],[-76.82449,-12.34026],[-76.82446,-12.34019],[-76.82452,-12.34013],[-76.82455,-12.34005],[-76.82443,-12.33967],[-76.8242,-12.33955],[-76.82404,-12.33939],[-76.82377,-12.3393],[-76.82344,-12.33917],[-76.82329,-12.33885],[-76.82323,-12.33855],[-76.82297,-12.33844],[-76.82225,-12.33848],[-76.82169,-12.33868],[-76.8212,-12.33878],[-76.82067,-12.33893],[-76.8203,-12.33899],[-76.81989,-12.33917],[-76.81927,-12.33944],[-76.81898,-12.33975],[-76.81856,-12.34011],[-76.81807,-12.34049],[-76.81753,-12.3411],[-76.81717,-12.34161],[-76.81685,-12.34211],[-76.81657,-12.34254],[-76.81648,-12.34293],[-76.81616,-12.34344],[-76.81614,-12.34465],[-76.81609,-12.34486],[-76.81608,-12.34505],[-76.81611,-12.34514],[-76.81618,-12.34526],[-76.8162,-12.34538],[-76.81593,-12.34504],[-76.81547,-12.34462],[-76.81489,-12.34415],[-76.8145,-12.34392],[-76.8103,-12.34204],[-76.80721,-12.34011],[-76.80373,-12.33702],[-76.80041,-12.33334],[-76.7989,-12.33196],[-76.79635,-12.33013],[-76.79518,-12.32929],[-76.79411,-12.3284],[-76.79199,-12.32663],[-76.78924,-12.32552],[-76.78576,-12.32499],[-76.7843,-12.32448],[-76.7803,-12.3231],[-76.77629,-12.32214],[-76.7745,-12.32132],[-76.77378,-12.32006],[-76.77331,-12.31922],[-76.77238,-12.31755],[-76.77049,-12.31528],[-76.76741,-12.31265],[-76.76695,-12.31251],[-76.76624,-12.31243],[-76.76516,-12.31206],[-76.7646,-12.31184],[-76.764,-12.31136],[-76.76389,-12.31105],[-76.76371,-12.31051],[-76.76331,-12.3097],[-76.76315,-12.3083],[-76.76293,-12.30699],[-76.76252,-12.30658],[-76.76141,-12.30671],[-76.76008,-12.30731],[-76.7588,-12.3081],[-76.75741,-12.30907],[-76.75591,-12.30941],[-76.7546,-12.30943],[-76.75383,-12.30901],[-76.7526,-12.30814],[-76.75179,-12.30745],[-76.75019,-12.30568],[-76.74987,-12.30529],[-76.74944,-12.30444],[-76.74928,-12.30337],[-76.74926,-12.3025],[-76.74867,-12.30159],[-76.7472,-12.30034],[-76.74621,-12.29951],[-76.74564,-12.29862],[-76.74499,-12.29755],[-76.74412,-12.29664],[-76.74317,-12.29609],[-76.74224,-12.29579],[-76.74198,-12.29588],[-76.74001,-12.29612],[-76.73922,-12.29622],[-76.73788,-12.2963],[-76.73519,-12.29637],[-76.73432,-12.29628],[-76.73285,-12.2963],[-76.73243,-12.29615],[-76.73185,-12.29583],[-76.73111,-12.2957],[-76.73036,-12.29546],[-76.72947,-12.29537],[-76.72859,-12.2954],[-76.72768,-12.29534],[-76.7273,-12.29527],[-76.72658,-12.295],[-76.72637,-12.29479],[-76.72595,-12.29403],[-76.72567,-12.29366],[-76.72449,-12.29267],[-76.72383,-12.29235],[-76.72319,-12.29175],[-76.7226,-12.29078],[-76.72179,-12.28996],[-76.72144,-12.28927],[-76.7212,-12.28891],[-76.71996,-12.28734],[-76.71982,-12.2871],[-76.71979,-12.28684],[-76.71954,-12.28664],[-76.71844,-12.28533],[-76.71765,-12.28465],[-76.71696,-12.2842],[-76.70189,-12.27242],[-76.70098,-12.27176],[-76.70053,-12.27153],[-76.70003,-12.27136],[-76.69826,-12.27098],[-76.69703,-12.27078],[-76.69519,-12.27005],[-76.69354,-12.26984],[-76.69295,-12.26891],[-76.69252,-12.26837],[-76.69198,-12.26785],[-76.6918,-12.26776],[-76.69112,-12.26772],[-76.69096,-12.26769],[-76.69041,-12.2671],[-76.68966,-12.26666],[-76.68932,-12.26607],[-76.68898,-12.2659],[-76.68787,-12.26483],[-76.68738,-12.26419],[-76.68702,-12.26338],[-76.68643,-12.26269],[-76.68459,-12.26111],[-76.68415,-12.26086],[-76.68304,-12.2604],[-76.68234,-12.26032],[-76.68215,-12.26024],[-76.68164,-12.25982],[-76.68097,-12.25889],[-76.68016,-12.2583],[-76.6797,-12.25807],[-76.67944,-12.25785],[-76.67924,-12.25762],[-76.67896,-12.25713],[-76.67851,-12.25665],[-76.67839,-12.25659],[-76.67765,-12.2564],[-76.67707,-12.25617],[-76.67655,-12.25553],[-76.67588,-12.255],[-76.67517,-12.25454],[-76.67476,-12.25406],[-76.6746,-12.25374],[-76.67449,-12.25335],[-76.67444,-12.25331],[-76.67352,-12.25273],[-76.67296,-12.25229],[-76.67227,-12.25166],[-76.67186,-12.25114],[-76.67165,-12.25078],[-76.67111,-12.25019],[-76.67081,-12.24975],[-76.67064,-12.24937],[-76.67057,-12.24933],[-76.67054,-12.2491],[-76.67016,-12.24832],[-76.66969,-12.24765],[-76.66888,-12.24696],[-76.66723,-12.24581],[-76.66678,-12.24511],[-76.66638,-12.24471],[-76.66562,-12.24377],[-76.66526,-12.24305],[-76.66504,-12.24249],[-76.66463,-12.24055],[-76.66434,-12.24021],[-76.66374,-12.2398],[-76.66346,-12.23967],[-76.66311,-12.23908],[-76.66246,-12.2364],[-76.66227,-12.23605],[-76.66166,-12.23548],[-76.66144,-12.23504],[-76.66127,-12.23412],[-76.66123,-12.23347],[-76.66116,-12.23248],[-76.66126,-12.23198],[-76.66154,-12.23144],[-76.6617,-12.23096],[-76.66174,-12.2307],[-76.66171,-12.23052],[-76.66138,-12.23009],[-76.66042,-12.2293],[-76.65987,-12.2287],[-76.6596,-12.22831],[-76.65943,-12.22806],[-76.65925,-12.22743],[-76.65887,-12.22685],[-76.65776,-12.22609],[-76.65728,-12.22552],[-76.65673,-12.22527],[-76.65635,-12.22498],[-76.65616,-12.22473],[-76.65597,-12.22439],[-76.6558,-12.22384],[-76.6554,-12.22308],[-76.65518,-12.2225],[-76.65446,-12.2217],[-76.65417,-12.22125],[-76.6539,-12.22061],[-76.65371,-12.21905],[-76.65395,-12.21671],[-76.65388,-12.21619],[-76.65368,-12.2159],[-76.65303,-12.21526],[-76.65242,-12.21478],[-76.65196,-12.21448],[-76.65149,-12.21395],[-76.65115,-12.21377],[-76.65084,-12.21368],[-76.65019,-12.2138],[-76.64947,-12.21374],[-76.64872,-12.21395],[-76.64747,-12.21388],[-76.64724,-12.21384],[-76.64703,-12.21371],[-76.64666,-12.21341],[-76.64638,-12.21307],[-76.64617,-12.21281],[-76.64585,-12.21233],[-76.64564,-12.21182],[-76.64558,-12.21167]]]}},{"type":"Feature","properties":{"id":"150127","name":"Punta Negra"},"geometry":{"type":"Polygon","coordinates":[[[-76.67842,-12.33349],[-76.67825,-12.33304],[-76.67791,-12.33244],[-76.67716,-12.33019],[-76.67712,-12.32843],[-76.67702,-12.32765],[-76.67666,-12.32688],[-76.67601,-12.32579],[-76.67565,-12.32443],[-76.67545,-12.32396],[-76.67455,-12.32261],[-76.67436,-12.32207],[-76.6742,-12.32111],[-76.6741,-12.32005],[-76.67399,-12.31952],[-76.67331,-12.31937],[-76.67282,-12.31937],[-76.67209,-12.31954],[-76.6712,-12.31985],[-76.67045,-12.31991],[-76.67024,-12.31988],[-76.66986,-12.31967],[-76.66954,-12.31934],[-76.66874,-12.31837],[-76.66829,-12.31795],[-76.668,-12.31761],[-76.66724,-12.31694],[-76.66702,-12.31624],[-76.66682,-12.31545],[-76.66624,-12.3146],[-76.66605,-12.31402],[-76.66594,-12.31343],[-76.66579,-12.31329],[-76.66515,-12.313],[-76.6648,-12.31259],[-76.66409,-12.31159],[-76.66403,-12.3113],[-76.66406,-12.31039],[-76.66401,-12.30999],[-76.66366,-12.30943],[-76.66318,-12.30898],[-76.663,-12.30874],[-76.66255,-12.30839],[-76.66206,-12.30824],[-76.66182,-12.30824],[-76.66116,-12.30847],[-76.66067,-12.30886],[-76.66049,-12.30895],[-76.65995,-12.30894],[-76.65973,-12.30889],[-76.65925,-12.30866],[-76.65865,-12.30805],[-76.65719,-12.30711],[-76.6566,-12.30651],[-76.65617,-12.30618],[-76.65485,-12.30556],[-76.65417,-12.30506],[-76.65387,-12.30442],[-76.65365,-12.3034],[-76.65353,-12.30125],[-76.65339,-12.30079],[-76.65317,-12.30045],[-76.65299,-12.30004],[-76.65286,-12.29948],[-76.65299,-12.29863],[-76.65298,-12.29788],[-76.65267,-12.29644],[-76.65257,-12.2947],[-76.65238,-12.29357],[-76.65244,-12.29309],[-76.65265,-12.29238],[-76.65271,-12.29189],[-76.65267,-12.29169],[-76.65259,-12.29152],[-76.65218,-12.29116],[-76.65202,-12.28858],[-76.65138,-12.28625],[-76.65041,-12.28478],[-76.64853,-12.28427],[-76.64551,-12.28418],[-76.64317,-12.28317],[-76.63977,-12.28111],[-76.63679,-12.27936],[-76.63545,-12.27711],[-76.63408,-12.27354],[-76.63294,-12.2712],[-76.63211,-12.26959],[-76.63183,-12.26634],[-76.63124,-12.2639],[-76.62982,-12.26161],[-76.62849,-12.25941],[-76.62807,-12.25849],[-76.6278,-12.25702],[-76.62683,-12.25519],[-76.62592,-12.25312],[-76.62509,-12.25175],[-76.62495,-12.24987],[-76.62527,-12.24821],[-76.6256,-12.24675],[-76.62537,-12.24528],[-76.62417,-12.24335],[-76.62293,-12.24165],[-76.62179,-12.23982],[-76.62096,-12.23817],[-76.62082,-12.23587],[-76.62137,-12.23211],[-76.62128,-12.22904],[-76.6211,-12.22688],[-76.62211,-12.22532],[-76.62408,-12.22386],[-76.62627,-12.22292],[-76.62945,-12.22156],[-76.63206,-12.22032],[-76.63358,-12.21996],[-76.63573,-12.21986],[-76.63635,-12.21964],[-76.6375,-12.21922],[-76.63844,-12.21775],[-76.63908,-12.21596],[-76.64,-12.21463],[-76.64078,-12.21377],[-76.64305,-12.21215],[-76.64558,-12.21167],[-76.64564,-12.21182],[-76.64585,-12.21233],[-76.64617,-12.21281],[-76.64638,-12.21307],[-76.64666,-12.21341],[-76.64703,-12.21371],[-76.64724,-12.21384],[-76.64747,-12.21388],[-76.64872,-12.21395],[-76.64947,-12.21374],[-76.65019,-12.2138],[-76.65084,-12.21368],[-76.65115,-12.21377],[-76.65149,-12.21395],[-76.65196,-12.21448],[-76.65242,-12.21478],[-76.65303,-12.21526],[-76.65368,-12.2159],[-76.65388,-12.21619],[-76.65395,-12.21671],[-76.65371,-12.21905],[-76.6539,-12.22061],[-76.65417,-12.22125],[-76.65446,-12.2217],[-76.65518,-12.2225],[-76.6554,-12.22308],[-76.6558,-12.22384],[-76.65597,-12.22439],[-76.65616,-12.22473],[-76.65635,-12.22498],[-76.65673,-12.22527],[-76.65728,-12.22552],[-76.65776,-12.22609],[-76.65887,-12.22685],[-76.65925,-12.22743],[-76.65943,-12.22806],[-76.6596,-12.22831],[-76.65987,-12.2287],[-76.66042,-12.2293],[-76.66138,-12.23009],[-76.66171,-12.23052],[-76.66174,-12.2307],[-76.6617,-12.23096],[-76.66154,-12.23144],[-76.66126,-12.23198],[-76.66116,-12.23248],[-76.66123,-12.23347],[-76.66127,-12.23412],[-76.66144,-12.23504],[-76.66166,-12.23548],[-76.66227,-12.23605],[-76.66246,-12.2364],[-76.66311,-12.23908],[-76.66346,-12.23967],[-76.66374,-12.2398],[-76.66434,-12.24021],[-76.66463,-12.24055],[-76.66504,-12.24249],[-76.66526,-12.24305],[-76.66562,-12.24377],[-76.66638,-12.24471],[-76.66678,-12.24511],[-76.66723,-12.24581],[-76.66888,-12.24696],[-76.66969,-12.24765],[-76.67016,-12.24832],[-76.67054,-12.2491],[-76.67057,-12.24933],[-76.67064,-12.24937],[-76.67081,-12.24975],[-76.67111,-12.25019],[-76.67165,-12.25078],[-76.67186,-12.25114],[-76.67227,-12.25166],[-76.67296,-12.25229],[-76.67352,-12.25273],[-76.67444,-12.25331],[-76.67449,-12.25335],[-76.6746,-12.25374],[-76.67476,-12.25406],[-76.67517,-12.25454],[-76.67588,-12.255],[-76.67655,-12.25553],[-76.67707,-12.25617],[-76.67765,-12.2564],[-76.67839,-12.25659],[-76.67851,-12.25665],[-76.67896,-12.25713],[-76.67924,-12.25762],[-76.67944,-12.25785],[-76.6797,-12.25807],[-76.68016,-12.2583],[-76.68097,-12.25889],[-76.68164,-12.25982],[-76.68215,-12.26024],[-76.68234,-12.26032],[-76.68304,-12.2604],[-76.68415,-12.26086],[-76.68459,-12.26111],[-76.68643,-12.26269],[-76.68702,-12.26338],[-76.68738,-12.26419],[-76.68787,-12.26483],[-76.68898,-12.2659],[-76.68932,-12.26607],[-76.68966,-12.26666],[-76.69041,-12.2671],[-76.69096,-12.26769],[-76.69112,-12.26772],[-76.6918,-12.26776],[-76.69198,-12.26785],[-76.69252,-12.26837],[-76.69295,-12.26891],[-76.69354,-12.26984],[-76.69519,-12.27005],[-76.69703,-12.27078],[-76.69826,-12.27098],[-76.70003,-12.27136],[-76.70053,-12.27153],[-76.70098,-12.27176],[-76.70189,-12.27242],[-76.71696,-12.2842],[-76.71765,-12.28465],[-76.71844,-12.28533],[-76.71954,-12.28664],[-76.71979,-12.28684],[-76.71982,-12.2871],[-76.71996,-12.28734],[-76.7212,-12.28891],[-76.72144,-12.28927],[-76.72179,-12.28996],[-76.7226,-12.29078],[-76.72319,-12.29175],[-76.72383,-12.29235],[-76.72449,-12.29267],[-76.72567,-12.29366],[-76.72595,-12.29403],[-76.72637,-12.29479],[-76.72658,-12.295],[-76.7273,-12.29527],[-76.72768,-12.29534],[-76.72859,-12.2954],[-76.72947,-12.29537],[-76.73036,-12.29546],[-76.73111,-12.2957],[-76.73185,-12.29583],[-76.73243,-12.29615],[-76.73285,-12.2963],[-76.73432,-12.29628],[-76.73519,-12.29637],[-76.73788,-12.2963],[-76.73922,-12.29622],[-76.74001,-12.29612],[-76.74198,-12.29588],[-76.74224,-12.29579],[-76.74317,-12.29609],[-76.74412,-12.29664],[-76.74499,-12.29755],[-76.74564,-12.29862],[-76.74621,-12.29951],[-76.7472,-12.30034],[-76.74867,-12.30159],[-76.74926,-12.3025],[-76.74928,-12.30337],[-76.74944,-12.30444],[-76.74987,-12.30529],[-76.75019,-12.30568],[-76.75179,-12.30745],[-76.7526,-12.30814],[-76.75383,-12.30901],[-76.7546,-12.30943],[-76.75591,-12.30941],[-76.75741,-12.30907],[-76.7588,-12.3081],[-76.76008,-12.30731],[-76.76141,-12.30671],[-76.76252,-12.30658],[-76.76293,-12.30699],[-76.76315,-12.3083],[-76.76331,-12.3097],[-76.76371,-12.31051],[-76.76389,-12.31105],[-76.764,-12.31136],[-76.7646,-12.31184],[-76.76516,-12.31206],[-76.76624,-12.31243],[-76.76695,-12.31251],[-76.76741,-12.31265],[-76.77049,-12.31528],[-76.77238,-12.31755],[-76.77331,-12.31922],[-76.77378,-12.32006],[-76.7745,-12.32132],[-76.77629,-12.32214],[-76.7803,-12.3231],[-76.7843,-12.32448],[-76.78576,-12.32499],[-76.78924,-12.32552],[-76.79199,-12.32663],[-76.79411,-12.3284],[-76.79518,-12.32929],[-76.79635,-12.33013],[-76.7989,-12.33196],[-76.80041,-12.33334],[-76.80373,-12.33702],[-76.80721,-12.34011],[-76.8103,-12.34204],[-76.8145,-12.34392],[-76.81489,-12.34415],[-76.81547,-12.34462],[-76.81593,-12.34504],[-76.8162,-12.34538],[-76.81621,-12.34543],[-76.81622,-12.34551],[-76.81627,-12.34567],[-76.81636,-12.34573],[-76.81647,-12.34578],[-76.81657,-12.34584],[-76.81655,-12.34595],[-76.81652,-12.346],[-76.81654,-12.34614],[-76.81659,-12.34624],[-76.81665,-12.34634],[-76.81672,-12.34643],[-76.81684,-12.34651],[-76.81689,-12.34654],[-76.81697,-12.34661],[-76.81706,-12.34669],[-76.81713,-12.34678],[-76.8172,-12.34686],[-76.81728,-12.34695],[-76.81736,-12.34702],[-76.81744,-12.34711],[-76.8175,-12.34718],[-76.81756,-12.34727],[-76.8176,-12.34738],[-76.81757,-12.3475],[-76.81752,-12.34762],[-76.81747,-12.34774],[-76.81745,-12.34781],[-76.81744,-12.34811],[-76.81734,-12.3485],[-76.81734,-12.34861],[-76.81736,-12.34886],[-76.81738,-12.34932],[-76.81731,-12.34957],[-76.81722,-12.34983],[-76.81723,-12.35012],[-76.81729,-12.35045],[-76.81741,-12.35068],[-76.81747,-12.35098],[-76.81754,-12.35124],[-76.81754,-12.35157],[-76.81743,-12.35188],[-76.81736,-12.35204],[-76.81725,-12.35227],[-76.8166,-12.35267],[-76.81634,-12.35271],[-76.81606,-12.35272],[-76.81593,-12.35267],[-76.81558,-12.35267],[-76.81532,-12.35279],[-76.81505,-12.35289],[-76.81471,-12.35307],[-76.81451,-12.35306],[-76.81431,-12.35311],[-76.81421,-12.35326],[-76.81403,-12.35332],[-76.81389,-12.3533],[-76.81363,-12.35348],[-76.81325,-12.35364],[-76.81293,-12.35378],[-76.81263,-12.35394],[-76.81239,-12.35416],[-76.81196,-12.35436],[-76.81127,-12.35465],[-76.81104,-12.35485],[-76.81079,-12.35489],[-76.81044,-12.35501],[-76.81031,-12.35509],[-76.81022,-12.35518],[-76.8099,-12.35537],[-76.80971,-12.35546],[-76.80958,-12.35554],[-76.80908,-12.35578],[-76.80856,-12.3561],[-76.8081,-12.35627],[-76.80765,-12.35654],[-76.80721,-12.35668],[-76.80686,-12.35682],[-76.80645,-12.35704],[-76.80583,-12.35733],[-76.80552,-12.35758],[-76.80531,-12.35769],[-76.80501,-12.35788],[-76.80484,-12.35795],[-76.80453,-12.35821],[-76.80407,-12.35843],[-76.80378,-12.3585],[-76.80354,-12.3587],[-76.80302,-12.35896],[-76.80269,-12.35936],[-76.80185,-12.35992],[-76.80149,-12.36013],[-76.80093,-12.36044],[-76.80045,-12.3609],[-76.80037,-12.36106],[-76.80021,-12.36128],[-76.80004,-12.3616],[-76.79982,-12.36193],[-76.79961,-12.3621],[-76.79942,-12.36228],[-76.79924,-12.36259],[-76.79898,-12.36297],[-76.79895,-12.36318],[-76.79893,-12.36334],[-76.79905,-12.36355],[-76.79925,-12.36371],[-76.79946,-12.36379],[-76.7996,-12.36378],[-76.79976,-12.36367],[-76.7999,-12.36368],[-76.79991,-12.3635],[-76.79979,-12.3633],[-76.79969,-12.36319],[-76.79972,-12.36311],[-76.79984,-12.36309],[-76.79994,-12.36316],[-76.79999,-12.36327],[-76.80001,-12.36342],[-76.80009,-12.36356],[-76.80012,-12.36373],[-76.8002,-12.36393],[-76.80029,-12.36424],[-76.80031,-12.36439],[-76.80025,-12.36461],[-76.80011,-12.36464],[-76.79996,-12.36461],[-76.79982,-12.36461],[-76.79965,-12.3647],[-76.79945,-12.36469],[-76.79931,-12.36469],[-76.7992,-12.36466],[-76.79917,-12.36455],[-76.79933,-12.3645],[-76.79947,-12.36451],[-76.79956,-12.36441],[-76.79954,-12.36429],[-76.79945,-12.36423],[-76.79936,-12.36427],[-76.79939,-12.36435],[-76.79926,-12.3644],[-76.79902,-12.36434],[-76.79885,-12.36443],[-76.79863,-12.36458],[-76.79855,-12.36473],[-76.79848,-12.36497],[-76.79834,-12.36518],[-76.79822,-12.36537],[-76.79822,-12.36555],[-76.79832,-12.36576],[-76.79846,-12.36597],[-76.79846,-12.36677],[-76.79851,-12.36693],[-76.79863,-12.36705],[-76.79879,-12.36723],[-76.79917,-12.36736],[-76.79929,-12.36736],[-76.79941,-12.36741],[-76.79959,-12.3676],[-76.79958,-12.36777],[-76.79965,-12.36792],[-76.79979,-12.3681],[-76.7998,-12.36823],[-76.79972,-12.36833],[-76.79962,-12.36834],[-76.79949,-12.36855],[-76.79937,-12.36856],[-76.79922,-12.36851],[-76.79913,-12.36843],[-76.799,-12.36831],[-76.79893,-12.36825],[-76.79884,-12.36836],[-76.79868,-12.36852],[-76.79856,-12.36856],[-76.79848,-12.36868],[-76.79839,-12.36872],[-76.7983,-12.3688],[-76.79824,-12.36902],[-76.798,-12.36909],[-76.79791,-12.36927],[-76.79779,-12.36929],[-76.79771,-12.36934],[-76.79762,-12.36962],[-76.79748,-12.36969],[-76.79737,-12.36989],[-76.79719,-12.36996],[-76.79711,-12.37009],[-76.79693,-12.37017],[-76.79684,-12.37033],[-76.7967,-12.37041],[-76.79664,-12.37059],[-76.79656,-12.37066],[-76.79643,-12.37074],[-76.79641,-12.37091],[-76.79622,-12.37102],[-76.79613,-12.3712],[-76.79596,-12.37122],[-76.79587,-12.37138],[-76.79573,-12.3714],[-76.79555,-12.37165],[-76.79558,-12.37173],[-76.79543,-12.37178],[-76.79524,-12.3719],[-76.79522,-12.37201],[-76.7951,-12.37209],[-76.79501,-12.37229],[-76.79492,-12.37231],[-76.79482,-12.37243],[-76.79466,-12.37269],[-76.79448,-12.37282],[-76.79438,-12.373],[-76.79425,-12.37308],[-76.79405,-12.37327],[-76.79391,-12.37347],[-76.79365,-12.37378],[-76.79346,-12.37391],[-76.7933,-12.37413],[-76.79318,-12.37431],[-76.79307,-12.37443],[-76.79296,-12.37471],[-76.79285,-12.37491],[-76.79271,-12.37521],[-76.79262,-12.37524],[-76.79246,-12.37548],[-76.79226,-12.37566],[-76.79208,-12.37584],[-76.79186,-12.37612],[-76.79173,-12.37625],[-76.79142,-12.37657],[-76.79138,-12.37671],[-76.79127,-12.37683],[-76.79112,-12.37701],[-76.79104,-12.37734],[-76.79097,-12.37746],[-76.79087,-12.37776],[-76.79071,-12.37814],[-76.79043,-12.37833],[-76.79031,-12.37859],[-76.79035,-12.37877],[-76.79031,-12.37892],[-76.79014,-12.37911],[-76.78989,-12.37916],[-76.78963,-12.37924],[-76.78939,-12.3797],[-76.78916,-12.38005],[-76.78914,-12.38019],[-76.78908,-12.38033],[-76.78895,-12.38051],[-76.78889,-12.38077],[-76.78881,-12.38111],[-76.78861,-12.38159],[-76.78862,-12.3819],[-76.7886,-12.38237],[-76.78875,-12.3828],[-76.78902,-12.38324],[-76.78923,-12.38346],[-76.78929,-12.3837],[-76.78917,-12.38381],[-76.7892,-12.38393],[-76.7882,-12.38399],[-76.7854,-12.38235],[-76.78193,-12.37936],[-76.77941,-12.37741],[-76.77872,-12.37699],[-76.77835,-12.37654],[-76.77718,-12.37548],[-76.77594,-12.37455],[-76.77528,-12.37438],[-76.77477,-12.37397],[-76.77414,-12.37371],[-76.77319,-12.37292],[-76.77255,-12.37231],[-76.77158,-12.37153],[-76.76977,-12.37047],[-76.76946,-12.36985],[-76.76863,-12.36933],[-76.76675,-12.36838],[-76.7662,-12.36803],[-76.76552,-12.36734],[-76.76469,-12.36619],[-76.76434,-12.36551],[-76.76353,-12.36451],[-76.76255,-12.36405],[-76.762,-12.36368],[-76.76145,-12.36312],[-76.76059,-12.36206],[-76.76012,-12.36139],[-76.75965,-12.36096],[-76.75886,-12.36044],[-76.75806,-12.35979],[-76.75679,-12.35861],[-76.75582,-12.35754],[-76.75519,-12.35703],[-76.75462,-12.35667],[-76.75323,-12.356],[-76.75184,-12.35577],[-76.75124,-12.35523],[-76.74986,-12.35428],[-76.74946,-12.35413],[-76.74817,-12.35364],[-76.74689,-12.35348],[-76.74461,-12.35254],[-76.74307,-12.35142],[-76.74231,-12.35023],[-76.74064,-12.34896],[-76.74011,-12.34777],[-76.73974,-12.34727],[-76.73873,-12.34709],[-76.73744,-12.34674],[-76.73638,-12.34628],[-76.73554,-12.34571],[-76.73449,-12.34516],[-76.73327,-12.3444],[-76.73214,-12.34351],[-76.73153,-12.34353],[-76.73081,-12.34321],[-76.72928,-12.3428],[-76.72815,-12.34229],[-76.72701,-12.34187],[-76.72626,-12.34172],[-76.72539,-12.34132],[-76.72433,-12.34144],[-76.72353,-12.34167],[-76.72234,-12.34185],[-76.72182,-12.34216],[-76.72136,-12.34235],[-76.72059,-12.34239],[-76.71968,-12.34251],[-76.71902,-12.34237],[-76.71823,-12.34191],[-76.71768,-12.34173],[-76.71715,-12.3417],[-76.71624,-12.34144],[-76.7158,-12.34131],[-76.71542,-12.34125],[-76.71429,-12.34109],[-76.71376,-12.34096],[-76.71256,-12.34035],[-76.7124,-12.34027],[-76.71223,-12.3403],[-76.71196,-12.34036],[-76.71159,-12.34036],[-76.7107,-12.34022],[-76.7095,-12.34029],[-76.70875,-12.34043],[-76.70804,-12.34021],[-76.7074,-12.34026],[-76.70684,-12.34023],[-76.70621,-12.3401],[-76.7062,-12.34008],[-76.70515,-12.3401],[-76.70493,-12.34003],[-76.70424,-12.33967],[-76.70315,-12.33931],[-76.70253,-12.33893],[-76.70244,-12.33887],[-76.70178,-12.33893],[-76.70107,-12.33923],[-76.70027,-12.33984],[-76.70012,-12.33997],[-76.69964,-12.34037],[-76.69883,-12.3407],[-76.69776,-12.34087],[-76.69646,-12.34066],[-76.69464,-12.34003],[-76.69341,-12.33989],[-76.69258,-12.33934],[-76.69207,-12.33914],[-76.69135,-12.33874],[-76.69075,-12.33855],[-76.68995,-12.33856],[-76.68928,-12.33821],[-76.68832,-12.3379],[-76.68749,-12.33722],[-76.68712,-12.33704],[-76.68698,-12.33691],[-76.68639,-12.33676],[-76.68615,-12.33668],[-76.68587,-12.33637],[-76.68478,-12.3361],[-76.68422,-12.33588],[-76.68359,-12.33554],[-76.68223,-12.33519],[-76.68166,-12.33487],[-76.68094,-12.33436],[-76.67951,-12.33389],[-76.67878,-12.33359],[-76.67842,-12.33349]]]}},{"type":"Feature","properties":{"id":"150128","name":"Rímac"},"geometry":{"type":"Polygon","coordinates":[[[-77.01286,-12.03728],[-77.01377,-12.03713],[-77.01471,-12.03693],[-77.01575,-12.03653],[-77.01645,-12.03617],[-77.01713,-12.03546],[-77.01786,-12.03459],[-77.01884,-12.03318],[-77.01948,-12.03202],[-77.01997,-12.03135],[-77.02093,-12.03027],[-77.02159,-12.02921],[-77.02218,-12.02847],[-77.0224,-12.028],[-77.02229,-12.0274],[-77.02215,-12.02677],[-77.02222,-12.0262],[-77.02216,-12.02557],[-77.02207,-12.02544],[-77.0219,-12.02528],[-77.02165,-12.02517],[-77.02099,-12.0247],[-77.02059,-12.02395],[-77.02023,-12.02273],[-77.02,-12.02201],[-77.01977,-12.02129],[-77.01992,-12.02027],[-77.02032,-12.0192],[-77.02034,-12.01783],[-77.02034,-12.01705],[-77.02063,-12.01579],[-77.02132,-12.01466],[-77.02192,-12.01311],[-77.02194,-12.01305],[-77.02221,-12.01209],[-77.02245,-12.0114],[-77.02312,-12.01081],[-77.02313,-12.01079],[-77.02439,-12.01005],[-77.02462,-12.00992],[-77.02533,-12.00907],[-77.02553,-12.00723],[-77.02553,-12.00653],[-77.02553,-12.00632],[-77.02555,-12.00628],[-77.02587,-12.00576],[-77.02591,-12.00571],[-77.02702,-12.00449],[-77.02775,-12.00313],[-77.02848,-12.00045],[-77.02857,-11.99903],[-77.02901,-11.99832],[-77.02913,-11.99808],[-77.02957,-11.99721],[-77.03065,-11.99639],[-77.03115,-11.99714],[-77.03196,-11.99874],[-77.0327,-11.99996],[-77.03346,-12.00093],[-77.03369,-12.00122],[-77.03804,-12.00443],[-77.04013,-12.00658],[-77.04051,-12.00696],[-77.04393,-12.01012],[-77.04488,-12.01171],[-77.04508,-12.01225],[-77.04525,-12.01296],[-77.0453,-12.01363],[-77.04531,-12.01386],[-77.04537,-12.01397],[-77.04557,-12.01434],[-77.0457,-12.01471],[-77.04572,-12.01521],[-77.04578,-12.01594],[-77.04587,-12.01649],[-77.04581,-12.01668],[-77.04567,-12.01689],[-77.04572,-12.01715],[-77.04589,-12.01717],[-77.04594,-12.01725],[-77.0461,-12.01744],[-77.04626,-12.01761],[-77.04638,-12.01768],[-77.04659,-12.01775],[-77.04697,-12.01784],[-77.04726,-12.01784],[-77.04743,-12.01784],[-77.04777,-12.01783],[-77.04795,-12.01744],[-77.04806,-12.01717],[-77.04812,-12.01703],[-77.04819,-12.01669],[-77.04819,-12.0165],[-77.0482,-12.0163],[-77.04824,-12.0161],[-77.04832,-12.01586],[-77.04838,-12.01568],[-77.04849,-12.01545],[-77.04857,-12.01537],[-77.04864,-12.01527],[-77.04865,-12.01512],[-77.0488,-12.01502],[-77.04877,-12.01492],[-77.04882,-12.01485],[-77.04883,-12.01474],[-77.04878,-12.01466],[-77.04873,-12.01457],[-77.04864,-12.01448],[-77.0487,-12.01434],[-77.04879,-12.01411],[-77.04886,-12.01392],[-77.04884,-12.01368],[-77.04882,-12.01352],[-77.04877,-12.01325],[-77.04879,-12.0131],[-77.04877,-12.01292],[-77.04887,-12.01281],[-77.04896,-12.0127],[-77.04908,-12.01264],[-77.04919,-12.01259],[-77.04924,-12.01254],[-77.04932,-12.01249],[-77.04934,-12.01237],[-77.04934,-12.01224],[-77.04934,-12.01212],[-77.04935,-12.01146],[-77.04971,-12.0108],[-77.05027,-12.01054],[-77.05297,-12.01103],[-77.05238,-12.01369],[-77.05154,-12.01724],[-77.05133,-12.01796],[-77.05133,-12.01841],[-77.05096,-12.02034],[-77.05082,-12.02112],[-77.0507,-12.02176],[-77.0505,-12.02253],[-77.0505,-12.02254],[-77.05024,-12.02293],[-77.05009,-12.02315],[-77.04708,-12.02591],[-77.04445,-12.02827],[-77.04442,-12.02835],[-77.04435,-12.02857],[-77.04431,-12.02866],[-77.04421,-12.02943],[-77.04404,-12.0311],[-77.04389,-12.03309],[-77.04386,-12.03391],[-77.04383,-12.03463],[-77.04384,-12.03464],[-77.0439,-12.03582],[-77.04408,-12.03625],[-77.04402,-12.03686],[-77.04382,-12.03704],[-77.04373,-12.03715],[-77.04365,-12.03731],[-77.0436,-12.03744],[-77.04357,-12.03752],[-77.04353,-12.0377],[-77.04353,-12.03798],[-77.04348,-12.03834],[-77.04348,-12.03876],[-77.04347,-12.03886],[-77.04296,-12.03882],[-77.04228,-12.03888],[-77.04207,-12.03889],[-77.04175,-12.03891],[-77.04138,-12.03887],[-77.04091,-12.03883],[-77.04051,-12.03889],[-77.04018,-12.03891],[-77.03986,-12.039],[-77.03957,-12.03909],[-77.03923,-12.03921],[-77.0389,-12.03938],[-77.0385,-12.03949],[-77.03829,-12.03963],[-77.03809,-12.03971],[-77.03806,-12.03973],[-77.03778,-12.03978],[-77.03758,-12.03987],[-77.03729,-12.04004],[-77.03701,-12.04019],[-77.03661,-12.04032],[-77.03637,-12.0405],[-77.03609,-12.04064],[-77.03586,-12.04075],[-77.03547,-12.04088],[-77.03519,-12.04097],[-77.03474,-12.04116],[-77.03411,-12.0413],[-77.0333,-12.04156],[-77.03249,-12.04193],[-77.03182,-12.04223],[-77.03118,-12.04262],[-77.03088,-12.04279],[-77.03019,-12.04312],[-77.02979,-12.04327],[-77.02916,-12.04343],[-77.02835,-12.04341],[-77.02756,-12.04343],[-77.02669,-12.04346],[-77.02597,-12.0435],[-77.02542,-12.04355],[-77.02485,-12.0436],[-77.02423,-12.0436],[-77.02362,-12.04362],[-77.02294,-12.04367],[-77.02222,-12.04368],[-77.0218,-12.04372],[-77.02136,-12.04378],[-77.02084,-12.04384],[-77.02015,-12.04399],[-77.01958,-12.04407],[-77.01927,-12.04415],[-77.01903,-12.04421],[-77.01858,-12.04426],[-77.01792,-12.04415],[-77.01736,-12.044],[-77.01699,-12.04373],[-77.01665,-12.04349],[-77.01631,-12.04326],[-77.01597,-12.04312],[-77.01561,-12.04297],[-77.0154,-12.04265],[-77.0152,-12.04238],[-77.0148,-12.04209],[-77.01453,-12.04183],[-77.01432,-12.04152],[-77.01418,-12.04115],[-77.01404,-12.04086],[-77.0139,-12.04073],[-77.01362,-12.04015],[-77.01337,-12.03958],[-77.01324,-12.0392],[-77.01318,-12.0386],[-77.01311,-12.03819],[-77.01298,-12.03767],[-77.01286,-12.03728]]]}},{"type":"Feature","properties":{"id":"150129","name":"San Bartolo"},"geometry":{"type":"Polygon","coordinates":[[[-76.67773,-12.338],[-76.67771,-12.33788],[-76.67773,-12.33769],[-76.67788,-12.33663],[-76.67786,-12.33521],[-76.67842,-12.33349],[-76.67878,-12.33359],[-76.67951,-12.33389],[-76.68094,-12.33436],[-76.68166,-12.33487],[-76.68223,-12.33519],[-76.68359,-12.33554],[-76.68422,-12.33588],[-76.68478,-12.3361],[-76.68587,-12.33637],[-76.68615,-12.33668],[-76.68639,-12.33676],[-76.68698,-12.33691],[-76.68712,-12.33704],[-76.68749,-12.33722],[-76.68832,-12.3379],[-76.68928,-12.33821],[-76.68995,-12.33856],[-76.69075,-12.33855],[-76.69135,-12.33874],[-76.69207,-12.33914],[-76.69258,-12.33934],[-76.69341,-12.33989],[-76.69464,-12.34003],[-76.69646,-12.34066],[-76.69776,-12.34087],[-76.69883,-12.3407],[-76.69964,-12.34037],[-76.70012,-12.33997],[-76.70027,-12.33984],[-76.70107,-12.33923],[-76.70178,-12.33893],[-76.70244,-12.33887],[-76.70253,-12.33893],[-76.70315,-12.33931],[-76.70424,-12.33967],[-76.70493,-12.34003],[-76.70515,-12.3401],[-76.7062,-12.34008],[-76.70621,-12.3401],[-76.70684,-12.34023],[-76.7074,-12.34026],[-76.70804,-12.34021],[-76.70875,-12.34043],[-76.7095,-12.34029],[-76.7107,-12.34022],[-76.71159,-12.34036],[-76.71196,-12.34036],[-76.71223,-12.3403],[-76.7124,-12.34027],[-76.71256,-12.34035],[-76.71376,-12.34096],[-76.71429,-12.34109],[-76.71542,-12.34125],[-76.7158,-12.34131],[-76.71624,-12.34144],[-76.71715,-12.3417],[-76.71768,-12.34173],[-76.71823,-12.34191],[-76.71902,-12.34237],[-76.71968,-12.34251],[-76.72059,-12.34239],[-76.72136,-12.34235],[-76.72182,-12.34216],[-76.72234,-12.34185],[-76.72353,-12.34167],[-76.72433,-12.34144],[-76.72539,-12.34132],[-76.72626,-12.34172],[-76.72701,-12.34187],[-76.72815,-12.34229],[-76.72928,-12.3428],[-76.73081,-12.34321],[-76.73153,-12.34353],[-76.73214,-12.34351],[-76.73327,-12.3444],[-76.73449,-12.34516],[-76.73554,-12.34571],[-76.73638,-12.34628],[-76.73744,-12.34674],[-76.73873,-12.34709],[-76.73974,-12.34727],[-76.74011,-12.34777],[-76.74064,-12.34896],[-76.74231,-12.35023],[-76.74307,-12.35142],[-76.74461,-12.35254],[-76.74689,-12.35348],[-76.74817,-12.35364],[-76.74946,-12.35413],[-76.74986,-12.35428],[-76.75124,-12.35523],[-76.75184,-12.35577],[-76.75323,-12.356],[-76.75462,-12.35667],[-76.75519,-12.35703],[-76.75582,-12.35754],[-76.75679,-12.35861],[-76.75806,-12.35979],[-76.75886,-12.36044],[-76.75965,-12.36096],[-76.76012,-12.36139],[-76.76059,-12.36206],[-76.76145,-12.36312],[-76.762,-12.36368],[-76.76255,-12.36405],[-76.76353,-12.36451],[-76.76434,-12.36551],[-76.76469,-12.36619],[-76.76552,-12.36734],[-76.7662,-12.36803],[-76.76675,-12.36838],[-76.76863,-12.36933],[-76.76946,-12.36985],[-76.76977,-12.37047],[-76.77158,-12.37153],[-76.77255,-12.37231],[-76.77319,-12.37292],[-76.77414,-12.37371],[-76.77477,-12.37397],[-76.77528,-12.37438],[-76.77594,-12.37455],[-76.77718,-12.37548],[-76.77835,-12.37654],[-76.77872,-12.37699],[-76.77941,-12.37741],[-76.78193,-12.37936],[-76.7854,-12.38235],[-76.7882,-12.38399],[-76.7892,-12.38393],[-76.78935,-12.38399],[-76.78939,-12.38414],[-76.78957,-12.3846],[-76.78971,-12.3849],[-76.78974,-12.38528],[-76.78955,-12.38571],[-76.78918,-12.38595],[-76.78848,-12.38599],[-76.78811,-12.38584],[-76.78776,-12.3858],[-76.78722,-12.38556],[-76.78677,-12.38546],[-76.78577,-12.38495],[-76.78527,-12.38498],[-76.78497,-12.38505],[-76.78476,-12.38514],[-76.78454,-12.38527],[-76.78451,-12.38532],[-76.78455,-12.38544],[-76.78454,-12.38554],[-76.78445,-12.38548],[-76.78434,-12.38535],[-76.78423,-12.38532],[-76.78399,-12.38543],[-76.78379,-12.38551],[-76.78371,-12.38557],[-76.78363,-12.38564],[-76.78348,-12.38587],[-76.78321,-12.38629],[-76.78308,-12.38651],[-76.78307,-12.38658],[-76.78316,-12.38672],[-76.78352,-12.38707],[-76.7835,-12.38719],[-76.7834,-12.38719],[-76.78333,-12.38714],[-76.78325,-12.38707],[-76.78312,-12.38691],[-76.78298,-12.38677],[-76.78287,-12.38668],[-76.78279,-12.38666],[-76.78265,-12.38673],[-76.78254,-12.38683],[-76.78242,-12.38695],[-76.78235,-12.38709],[-76.78227,-12.38735],[-76.78224,-12.38757],[-76.78227,-12.38766],[-76.78252,-12.38785],[-76.78258,-12.38788],[-76.78253,-12.38797],[-76.78245,-12.38798],[-76.78232,-12.38793],[-76.78227,-12.38788],[-76.78214,-12.38784],[-76.78205,-12.38788],[-76.78196,-12.38816],[-76.78191,-12.38844],[-76.78186,-12.38873],[-76.78189,-12.3889],[-76.78193,-12.38908],[-76.78199,-12.38927],[-76.78216,-12.38947],[-76.78242,-12.38951],[-76.78255,-12.38954],[-76.78268,-12.38962],[-76.7827,-12.38991],[-76.78275,-12.38998],[-76.78285,-12.38991],[-76.78297,-12.38993],[-76.78299,-12.39004],[-76.78311,-12.39002],[-76.78316,-12.38993],[-76.78331,-12.3899],[-76.78342,-12.3899],[-76.78355,-12.38992],[-76.78362,-12.38997],[-76.78371,-12.39003],[-76.78376,-12.39008],[-76.78382,-12.39018],[-76.78393,-12.39021],[-76.78411,-12.39005],[-76.78422,-12.38998],[-76.78433,-12.38997],[-76.78438,-12.38999],[-76.78449,-12.39008],[-76.78459,-12.3902],[-76.78461,-12.39027],[-76.78443,-12.39043],[-76.78438,-12.39053],[-76.78437,-12.39064],[-76.78438,-12.39074],[-76.78436,-12.39086],[-76.78426,-12.39089],[-76.78421,-12.39085],[-76.78412,-12.39081],[-76.78407,-12.39091],[-76.78396,-12.39095],[-76.7839,-12.39092],[-76.78378,-12.39094],[-76.78375,-12.39105],[-76.78385,-12.39122],[-76.78384,-12.39134],[-76.7837,-12.39141],[-76.78354,-12.39146],[-76.78341,-12.39147],[-76.78331,-12.39145],[-76.78322,-12.39153],[-76.78323,-12.39164],[-76.78335,-12.39183],[-76.78336,-12.39195],[-76.78325,-12.392],[-76.78312,-12.39196],[-76.78296,-12.39182],[-76.78285,-12.39162],[-76.78277,-12.39161],[-76.78264,-12.39165],[-76.78248,-12.39174],[-76.78231,-12.39164],[-76.7822,-12.39166],[-76.78206,-12.39174],[-76.78194,-12.39172],[-76.78183,-12.39156],[-76.7818,-12.39136],[-76.7818,-12.39122],[-76.78178,-12.39116],[-76.78171,-12.39111],[-76.78159,-12.39112],[-76.78149,-12.39116],[-76.7813,-12.39123],[-76.78092,-12.3915],[-76.78073,-12.39158],[-76.78065,-12.3916],[-76.7806,-12.39163],[-76.78037,-12.39172],[-76.78028,-12.39183],[-76.78027,-12.39194],[-76.78029,-12.392],[-76.7803,-12.39212],[-76.78021,-12.39216],[-76.78012,-12.39208],[-76.78009,-12.3918],[-76.77999,-12.39172],[-76.77982,-12.3917],[-76.77964,-12.39168],[-76.77937,-12.39165],[-76.77923,-12.39165],[-76.77913,-12.39172],[-76.77907,-12.39172],[-76.77896,-12.39166],[-76.77899,-12.39155],[-76.7789,-12.39153],[-76.77885,-12.39155],[-76.77876,-12.3916],[-76.77866,-12.39166],[-76.77858,-12.39175],[-76.77848,-12.39191],[-76.77835,-12.39216],[-76.77848,-12.39235],[-76.77838,-12.39241],[-76.77826,-12.39236],[-76.77812,-12.39239],[-76.77804,-12.39246],[-76.77794,-12.39264],[-76.77785,-12.39285],[-76.7778,-12.39298],[-76.77781,-12.3932],[-76.77785,-12.39331],[-76.77792,-12.39336],[-76.77804,-12.39345],[-76.77799,-12.39354],[-76.77788,-12.39354],[-76.77761,-12.39349],[-76.77751,-12.39349],[-76.7774,-12.39356],[-76.77736,-12.39368],[-76.77735,-12.39387],[-76.77736,-12.39406],[-76.7774,-12.39419],[-76.77746,-12.39438],[-76.77756,-12.39459],[-76.77777,-12.39486],[-76.7779,-12.395],[-76.77801,-12.39506],[-76.77815,-12.39513],[-76.77828,-12.39514],[-76.77845,-12.39507],[-76.7785,-12.39497],[-76.77851,-12.39485],[-76.77853,-12.3948],[-76.77863,-12.39477],[-76.77873,-12.39476],[-76.77881,-12.3947],[-76.77889,-12.39453],[-76.77901,-12.39446],[-76.77927,-12.39441],[-76.77946,-12.3944],[-76.77967,-12.39445],[-76.77981,-12.39455],[-76.77982,-12.39455],[-76.77983,-12.39455],[-76.77982,-12.39454],[-76.77974,-12.39437],[-76.77973,-12.39429],[-76.77978,-12.39421],[-76.77987,-12.39418],[-76.77993,-12.39419],[-76.78005,-12.3942],[-76.78023,-12.39423],[-76.78037,-12.39425],[-76.78047,-12.3943],[-76.78049,-12.39441],[-76.78043,-12.39456],[-76.78043,-12.39464],[-76.78048,-12.39477],[-76.78057,-12.39487],[-76.78058,-12.39498],[-76.78053,-12.39509],[-76.78043,-12.39511],[-76.78032,-12.39511],[-76.78023,-12.39515],[-76.78015,-12.39554],[-76.78017,-12.39561],[-76.78009,-12.39567],[-76.77999,-12.39567],[-76.77991,-12.39574],[-76.77986,-12.39586],[-76.77987,-12.39593],[-76.77992,-12.39609],[-76.77991,-12.39615],[-76.77993,-12.39631],[-76.77986,-12.39628],[-76.77982,-12.39637],[-76.77983,-12.39649],[-76.7798,-12.39664],[-76.77983,-12.39675],[-76.77981,-12.39683],[-76.77982,-12.39699],[-76.77989,-12.39711],[-76.77996,-12.39719],[-76.78008,-12.39729],[-76.78018,-12.39735],[-76.78033,-12.39743],[-76.78045,-12.39742],[-76.78046,-12.39732],[-76.78046,-12.39726],[-76.78045,-12.39715],[-76.78054,-12.39708],[-76.78064,-12.39716],[-76.78071,-12.39724],[-76.78081,-12.39731],[-76.78091,-12.39732],[-76.78097,-12.39737],[-76.78098,-12.39748],[-76.7808,-12.39764],[-76.78077,-12.39775],[-76.78094,-12.39797],[-76.78107,-12.398],[-76.78122,-12.3979],[-76.78125,-12.39779],[-76.78115,-12.39732],[-76.78118,-12.39718],[-76.78128,-12.39718],[-76.78133,-12.39734],[-76.78142,-12.39737],[-76.78151,-12.39753],[-76.78161,-12.39759],[-76.78168,-12.39759],[-76.78175,-12.39751],[-76.78185,-12.39745],[-76.78196,-12.39751],[-76.78195,-12.39741],[-76.78188,-12.39732],[-76.78184,-12.39721],[-76.78185,-12.39704],[-76.78191,-12.39696],[-76.78203,-12.39699],[-76.78216,-12.39694],[-76.78218,-12.39683],[-76.78222,-12.3967],[-76.78234,-12.39674],[-76.78238,-12.39679],[-76.78266,-12.39717],[-76.78277,-12.39697],[-76.78288,-12.39698],[-76.78293,-12.39702],[-76.783,-12.39713],[-76.78306,-12.3972],[-76.78313,-12.39729],[-76.78319,-12.39736],[-76.78328,-12.39743],[-76.78333,-12.39753],[-76.78331,-12.39762],[-76.78335,-12.39772],[-76.78338,-12.39784],[-76.78336,-12.39791],[-76.7834,-12.39804],[-76.7834,-12.39813],[-76.7833,-12.39821],[-76.78317,-12.39821],[-76.78306,-12.3982],[-76.78298,-12.39822],[-76.78289,-12.39825],[-76.78278,-12.39824],[-76.78268,-12.3982],[-76.78263,-12.39816],[-76.78251,-12.39813],[-76.78258,-12.39823],[-76.78258,-12.39833],[-76.78261,-12.39844],[-76.7826,-12.39853],[-76.78254,-12.39861],[-76.78244,-12.39863],[-76.78234,-12.39865],[-76.78228,-12.39862],[-76.78217,-12.39855],[-76.78208,-12.39843],[-76.78201,-12.39834],[-76.78191,-12.39833],[-76.78185,-12.39835],[-76.7817,-12.39834],[-76.78164,-12.3983],[-76.78154,-12.3982],[-76.78144,-12.39812],[-76.78137,-12.39814],[-76.7813,-12.39834],[-76.78122,-12.39845],[-76.78116,-12.39858],[-76.78111,-12.39873],[-76.78099,-12.39876],[-76.78087,-12.39874],[-76.78068,-12.39881],[-76.78063,-12.39901],[-76.78057,-12.39903],[-76.78045,-12.39896],[-76.78035,-12.39902],[-76.78022,-12.39923],[-76.78019,-12.39938],[-76.78022,-12.39958],[-76.78019,-12.39964],[-76.78009,-12.39967],[-76.78001,-12.39959],[-76.77997,-12.39954],[-76.7799,-12.39945],[-76.77982,-12.39951],[-76.77984,-12.39962],[-76.77985,-12.39971],[-76.77985,-12.39977],[-76.77988,-12.39985],[-76.7799,-12.39998],[-76.77987,-12.40014],[-76.77983,-12.40027],[-76.77974,-12.40024],[-76.77964,-12.40026],[-76.77954,-12.40031],[-76.77962,-12.4004],[-76.7797,-12.40045],[-76.7797,-12.40057],[-76.77961,-12.40076],[-76.77949,-12.40075],[-76.7793,-12.4006],[-76.77913,-12.40061],[-76.779,-12.40065],[-76.77902,-12.40059],[-76.77908,-12.40045],[-76.77913,-12.3997],[-76.77906,-12.39917],[-76.77899,-12.39868],[-76.77895,-12.39865],[-76.77871,-12.39847],[-76.77851,-12.39854],[-76.77832,-12.39858],[-76.77814,-12.39863],[-76.77789,-12.39867],[-76.77764,-12.39879],[-76.77683,-12.39804],[-76.77673,-12.39795],[-76.77667,-12.39796],[-76.7766,-12.39803],[-76.77667,-12.39819],[-76.77621,-12.39839],[-76.77621,-12.39838],[-76.77619,-12.39835],[-76.77613,-12.39822],[-76.77613,-12.39822],[-76.77603,-12.39799],[-76.77592,-12.39772],[-76.77497,-12.39544],[-76.77465,-12.39447],[-76.7748,-12.39386],[-76.77496,-12.39313],[-76.77471,-12.39256],[-76.7708,-12.38724],[-76.76671,-12.39094],[-76.76519,-12.39243],[-76.76045,-12.39682],[-76.7586,-12.39854],[-76.75756,-12.3997],[-76.75723,-12.40025],[-76.75691,-12.40147],[-76.75617,-12.40067],[-76.75596,-12.39941],[-76.75548,-12.39821],[-76.7542,-12.39755],[-76.75362,-12.39723],[-76.75013,-12.39674],[-76.74807,-12.39664],[-76.7461,-12.39713],[-76.74448,-12.39743],[-76.74248,-12.39804],[-76.74127,-12.39832],[-76.7411,-12.39836],[-76.74039,-12.39826],[-76.73908,-12.39807],[-76.7382,-12.39803],[-76.73714,-12.39799],[-76.73588,-12.39743],[-76.7347,-12.39671],[-76.73362,-12.3961],[-76.73281,-12.39597],[-76.73204,-12.39614],[-76.73086,-12.39654],[-76.73013,-12.39655],[-76.72968,-12.39656],[-76.72815,-12.39639],[-76.72665,-12.39615],[-76.726,-12.39578],[-76.7253,-12.39528],[-76.72451,-12.39538],[-76.72328,-12.39593],[-76.72185,-12.39624],[-76.72124,-12.39604],[-76.72062,-12.39529],[-76.71988,-12.39398],[-76.71958,-12.39348],[-76.71937,-12.39312],[-76.71896,-12.39306],[-76.71813,-12.39302],[-76.71729,-12.39293],[-76.71661,-12.39266],[-76.71593,-12.39198],[-76.71582,-12.39187],[-76.71519,-12.39117],[-76.71409,-12.39073],[-76.71306,-12.39019],[-76.71151,-12.38955],[-76.7102,-12.38923],[-76.70929,-12.38871],[-76.70816,-12.38767],[-76.7054,-12.38652],[-76.70315,-12.3856],[-76.70289,-12.38544],[-76.7023,-12.38508],[-76.70149,-12.38419],[-76.69979,-12.38297],[-76.69858,-12.38302],[-76.69713,-12.38334],[-76.69533,-12.38373],[-76.69405,-12.38396],[-76.69314,-12.38398],[-76.69063,-12.38373],[-76.6888,-12.38329],[-76.68681,-12.3829],[-76.68341,-12.38211],[-76.68191,-12.38132],[-76.67967,-12.38012],[-76.67831,-12.37874],[-76.67801,-12.37843],[-76.67733,-12.37799],[-76.67648,-12.37764],[-76.67534,-12.37621],[-76.67472,-12.37512],[-76.67442,-12.37435],[-76.674,-12.37299],[-76.67374,-12.3722],[-76.67354,-12.3704],[-76.67336,-12.36977],[-76.67242,-12.36858],[-76.67148,-12.36736],[-76.67032,-12.36582],[-76.66921,-12.36444],[-76.669,-12.36418],[-76.66839,-12.36301],[-76.66805,-12.36157],[-76.66799,-12.36023],[-76.66988,-12.36025],[-76.6719,-12.36007],[-76.67354,-12.3599],[-76.67532,-12.35904],[-76.67624,-12.35832],[-76.67681,-12.35764],[-76.6772,-12.35665],[-76.67764,-12.35545],[-76.67828,-12.35479],[-76.67918,-12.35453],[-76.68005,-12.35455],[-76.68102,-12.35464],[-76.6817,-12.35431],[-76.68192,-12.35325],[-76.68174,-12.35121],[-76.68152,-12.3492],[-76.68163,-12.34685],[-76.68133,-12.34521],[-76.68045,-12.34363],[-76.67977,-12.34194],[-76.67911,-12.34095],[-76.6781,-12.33955],[-76.67787,-12.33859],[-76.67773,-12.338]]]}},{"type":"Feature","properties":{"id":"150130","name":"San Borja"},"geometry":{"type":"Polygon","coordinates":[[[-76.98169,-12.08463],[-76.98267,-12.08478],[-76.98394,-12.08498],[-76.98401,-12.08473],[-76.98425,-12.08393],[-76.98732,-12.07994],[-76.9896,-12.08173],[-76.98978,-12.08176],[-76.99278,-12.0817],[-76.99295,-12.08142],[-76.99343,-12.08171],[-76.99353,-12.08101],[-76.99537,-12.08143],[-76.99583,-12.0816],[-76.99634,-12.08186],[-76.9973,-12.08245],[-76.99791,-12.08286],[-76.99822,-12.08303],[-76.99858,-12.08319],[-76.99911,-12.08339],[-77.00414,-12.08408],[-77.00993,-12.08496],[-77.00993,-12.08554],[-77.00998,-12.08595],[-77.01006,-12.08628],[-77.01009,-12.08654],[-77.01011,-12.08673],[-77.01001,-12.08738],[-77.00983,-12.08916],[-77.00757,-12.08883],[-77.00757,-12.08883],[-77.00755,-12.08896],[-77.00755,-12.08927],[-77.00759,-12.08951],[-77.0077,-12.08989],[-77.011,-12.09598],[-77.01211,-12.09911],[-77.01062,-12.10668],[-77.01044,-12.10728],[-77.0104,-12.10761],[-77.00986,-12.11025],[-77.00977,-12.11029],[-77.00959,-12.11238],[-76.99362,-12.11132],[-76.99275,-12.11129],[-76.9828,-12.11058],[-76.97828,-12.11026],[-76.97817,-12.11026],[-76.97903,-12.10426],[-76.97932,-12.10206],[-76.98012,-12.09692],[-76.98062,-12.09338],[-76.98107,-12.09014],[-76.98126,-12.08883],[-76.98161,-12.08712],[-76.98169,-12.08668],[-76.98178,-12.0851],[-76.98169,-12.08463]]]}},{"type":"Feature","properties":{"id":"150131","name":"San Isidro"},"geometry":{"type":"Polygon","coordinates":[[[-77.02281,-12.09081],[-77.03017,-12.09191],[-77.02988,-12.09119],[-77.03346,-12.09073],[-77.03373,-12.08917],[-77.04317,-12.09046],[-77.04306,-12.0912],[-77.04645,-12.09167],[-77.04649,-12.09142],[-77.04762,-12.09158],[-77.04859,-12.08504],[-77.04908,-12.08555],[-77.04962,-12.08625],[-77.0499,-12.0867],[-77.05322,-12.09307],[-77.05498,-12.09189],[-77.05577,-12.09339],[-77.05738,-12.09255],[-77.05888,-12.0964],[-77.05838,-12.09667],[-77.05937,-12.09862],[-77.05948,-12.099],[-77.05995,-12.10002],[-77.0602,-12.09989],[-77.06079,-12.10094],[-77.06057,-12.10107],[-77.06068,-12.10146],[-77.06075,-12.10182],[-77.06078,-12.10213],[-77.06067,-12.10252],[-77.06054,-12.10296],[-77.06062,-12.10326],[-77.06062,-12.10373],[-77.06051,-12.10421],[-77.06036,-12.10465],[-77.06031,-12.10517],[-77.06047,-12.10701],[-77.06071,-12.10766],[-77.06064,-12.10769],[-77.06057,-12.10773],[-77.06052,-12.10778],[-77.06046,-12.10783],[-77.06039,-12.10787],[-77.06023,-12.108],[-77.06015,-12.10807],[-77.0601,-12.10812],[-77.06,-12.10818],[-77.05994,-12.10821],[-77.05986,-12.10826],[-77.05977,-12.10831],[-77.05969,-12.10834],[-77.05962,-12.10838],[-77.05953,-12.10844],[-77.05946,-12.10847],[-77.05935,-12.10852],[-77.05928,-12.10856],[-77.05923,-12.10861],[-77.05919,-12.10864],[-77.05913,-12.10867],[-77.05905,-12.10871],[-77.05893,-12.10875],[-77.05886,-12.10881],[-77.05879,-12.10886],[-77.05867,-12.10895],[-77.05855,-12.10904],[-77.05843,-12.10917],[-77.05837,-12.10921],[-77.05831,-12.10924],[-77.05827,-12.10927],[-77.05821,-12.10934],[-77.05815,-12.10939],[-77.05808,-12.10944],[-77.058,-12.10949],[-77.05792,-12.10955],[-77.05787,-12.1096],[-77.05779,-12.10966],[-77.05767,-12.10972],[-77.05761,-12.10975],[-77.05755,-12.1098],[-77.0575,-12.10985],[-77.05742,-12.10994],[-77.05731,-12.11],[-77.05724,-12.11004],[-77.05714,-12.11009],[-77.05706,-12.11014],[-77.05696,-12.1102],[-77.0569,-12.11025],[-77.05684,-12.1103],[-77.05677,-12.11035],[-77.05673,-12.11039],[-77.05667,-12.11045],[-77.05663,-12.1105],[-77.05658,-12.11055],[-77.05651,-12.11062],[-77.0564,-12.11067],[-77.05629,-12.11075],[-77.05622,-12.11083],[-77.05616,-12.11087],[-77.05608,-12.11095],[-77.05602,-12.11097],[-77.05597,-12.11102],[-77.05575,-12.11097],[-77.05569,-12.11094],[-77.05559,-12.11089],[-77.05542,-12.11081],[-77.05535,-12.11078],[-77.05516,-12.11069],[-77.05507,-12.11062],[-77.05501,-12.11057],[-77.05498,-12.11052],[-77.05494,-12.11045],[-77.05496,-12.11036],[-77.05497,-12.11029],[-77.05498,-12.11022],[-77.05496,-12.11015],[-77.05493,-12.1101],[-77.05486,-12.11004],[-77.05479,-12.11001],[-77.05474,-12.10998],[-77.05469,-12.10995],[-77.05462,-12.1099],[-77.05455,-12.10984],[-77.05447,-12.10977],[-77.05442,-12.10974],[-77.05429,-12.1097],[-77.05374,-12.10969],[-77.05356,-12.10964],[-77.05351,-12.10961],[-77.05343,-12.10954],[-77.05334,-12.10945],[-77.05331,-12.1094],[-77.05327,-12.10929],[-77.0532,-12.10896],[-77.05315,-12.10845],[-77.05306,-12.10854],[-77.05289,-12.10874],[-77.05276,-12.10888],[-77.05258,-12.10908],[-77.05248,-12.10919],[-77.05236,-12.10933],[-77.05221,-12.1095],[-77.05208,-12.10963],[-77.05201,-12.1097],[-77.05197,-12.10975],[-77.0519,-12.10982],[-77.05186,-12.10986],[-77.05177,-12.10995],[-77.0517,-12.11004],[-77.05162,-12.11012],[-77.05152,-12.11022],[-77.05142,-12.11033],[-77.04927,-12.10837],[-77.04669,-12.11094],[-77.04619,-12.11046],[-77.045,-12.11045],[-77.04415,-12.11048],[-77.04352,-12.11065],[-77.04311,-12.11085],[-77.04046,-12.10835],[-77.03995,-12.10886],[-77.03904,-12.10975],[-77.03825,-12.10897],[-77.03716,-12.11006],[-77.03661,-12.11003],[-77.03149,-12.10355],[-77.02732,-12.10284],[-77.01877,-12.10192],[-77.01641,-12.1023],[-77.01651,-12.10306],[-77.01649,-12.10322],[-77.01643,-12.10332],[-77.01633,-12.10343],[-77.01612,-12.10356],[-77.01642,-12.10414],[-77.01647,-12.10435],[-77.01655,-12.10557],[-77.01498,-12.10778],[-77.01469,-12.10804],[-77.01044,-12.10728],[-77.01062,-12.10668],[-77.01211,-12.09911],[-77.011,-12.09598],[-77.0077,-12.08989],[-77.00759,-12.08951],[-77.00755,-12.08927],[-77.00755,-12.08896],[-77.00757,-12.08883],[-77.00757,-12.08883],[-77.00983,-12.08916],[-77.02281,-12.09081]]]}},{"type":"Feature","properties":{"id":"150132","name":"San Juan de Lurigancho"},"geometry":{"type":"Polygon","coordinates":[[[-76.93137,-11.94217],[-76.93045,-11.94159],[-76.92974,-11.94067],[-76.92934,-11.93927],[-76.92938,-11.93819],[-76.92939,-11.93784],[-76.92923,-11.93665],[-76.92894,-11.93608],[-76.92853,-11.9353],[-76.92753,-11.93411],[-76.92667,-11.93354],[-76.92426,-11.9323],[-76.92132,-11.93127],[-76.91867,-11.93017],[-76.91697,-11.92895],[-76.91597,-11.92814],[-76.91502,-11.92712],[-76.91488,-11.92669],[-76.91467,-11.92609],[-76.91478,-11.92498],[-76.91505,-11.9236],[-76.91567,-11.92255],[-76.91762,-11.92077],[-76.91827,-11.91966],[-76.91845,-11.91828],[-76.91832,-11.91728],[-76.91785,-11.91657],[-76.91743,-11.91593],[-76.91735,-11.9157],[-76.91689,-11.91431],[-76.91656,-11.91285],[-76.91708,-11.91123],[-76.91778,-11.9098],[-76.91781,-11.90959],[-76.91803,-11.90814],[-76.91805,-11.90802],[-76.918,-11.90645],[-76.91743,-11.90513],[-76.91691,-11.90423],[-76.91608,-11.90281],[-76.91475,-11.89994],[-76.91394,-11.89732],[-76.91343,-11.89503],[-76.9134,-11.89341],[-76.91284,-11.89095],[-76.91211,-11.88927],[-76.91054,-11.88855],[-76.90959,-11.88798],[-76.90846,-11.8873],[-76.90679,-11.88679],[-76.90511,-11.88617],[-76.90306,-11.88522],[-76.89998,-11.88333],[-76.8989,-11.88247],[-76.89873,-11.88226],[-76.89741,-11.88066],[-76.89706,-11.87879],[-76.89731,-11.8773],[-76.89763,-11.87534],[-76.89782,-11.87299],[-76.8975,-11.87039],[-76.89671,-11.86867],[-76.89558,-11.86715],[-76.89493,-11.86575],[-76.89528,-11.86475],[-76.89609,-11.86413],[-76.89779,-11.86413],[-76.8985,-11.86425],[-76.90047,-11.86459],[-76.90263,-11.86475],[-76.90348,-11.86485],[-76.90408,-11.86492],[-76.90427,-11.86494],[-76.90635,-11.86488],[-76.90838,-11.86494],[-76.90992,-11.86497],[-76.91114,-11.86495],[-76.91184,-11.86494],[-76.91457,-11.86559],[-76.91524,-11.86577],[-76.9164,-11.86607],[-76.91645,-11.86608],[-76.91889,-11.86645],[-76.92032,-11.86659],[-76.92186,-11.86721],[-76.92353,-11.86853],[-76.92572,-11.86983],[-76.92745,-11.87045],[-76.92891,-11.87064],[-76.92923,-11.87063],[-76.93066,-11.87061],[-76.9328,-11.87034],[-76.93293,-11.87031],[-76.93509,-11.86983],[-76.93606,-11.86945],[-76.93677,-11.86918],[-76.93769,-11.86829],[-76.93836,-11.86729],[-76.93843,-11.86705],[-76.93879,-11.86583],[-76.93944,-11.8644],[-76.94006,-11.86332],[-76.94117,-11.86216],[-76.94228,-11.86087],[-76.94353,-11.86154],[-76.946,-11.86188],[-76.94735,-11.86211],[-76.94829,-11.86282],[-76.95012,-11.86401],[-76.95267,-11.86549],[-76.95392,-11.86665],[-76.95531,-11.8682],[-76.95644,-11.87007],[-76.95719,-11.87043],[-76.95731,-11.87049],[-76.95905,-11.87107],[-76.96063,-11.87181],[-76.96211,-11.8729],[-76.96317,-11.874],[-76.96437,-11.87554],[-76.96553,-11.87683],[-76.96621,-11.87761],[-76.96739,-11.87896],[-76.96849,-11.88089],[-76.96981,-11.88321],[-76.97046,-11.88421],[-76.97171,-11.88563],[-76.9732,-11.88763],[-76.97465,-11.88963],[-76.97664,-11.89127],[-76.97932,-11.89227],[-76.98196,-11.89311],[-76.98402,-11.89436],[-76.98589,-11.8954],[-76.98644,-11.89586],[-76.98795,-11.89715],[-76.9886,-11.8994],[-76.98857,-11.90128],[-76.98913,-11.90389],[-76.98919,-11.90405],[-76.98994,-11.90585],[-76.99054,-11.9073],[-76.9906,-11.90847],[-76.99014,-11.91154],[-76.99019,-11.91308],[-76.9902,-11.91351],[-76.98938,-11.91443],[-76.98882,-11.91505],[-76.98876,-11.91522],[-76.98839,-11.91631],[-76.98897,-11.9168],[-76.99042,-11.91698],[-76.99275,-11.91686],[-76.99567,-11.91732],[-76.99693,-11.91849],[-76.99826,-11.91972],[-76.99926,-11.92104],[-76.99961,-11.92286],[-77.00029,-11.92402],[-77.00222,-11.92535],[-77.00336,-11.92679],[-77.00459,-11.92817],[-77.00514,-11.92888],[-77.00539,-11.92989],[-77.00649,-11.93149],[-77.00815,-11.93235],[-77.01021,-11.93337],[-77.0128,-11.93509],[-77.01467,-11.93595],[-77.01618,-11.93681],[-77.01676,-11.93779],[-77.01649,-11.93992],[-77.01639,-11.94182],[-77.01701,-11.94385],[-77.01764,-11.94958],[-77.01901,-11.9515],[-77.02013,-11.95254],[-77.02054,-11.95292],[-77.02211,-11.95412],[-77.02402,-11.95553],[-77.02531,-11.95692],[-77.02611,-11.95793],[-77.02712,-11.95888],[-77.02828,-11.96068],[-77.02872,-11.96252],[-77.02879,-11.96402],[-77.02858,-11.96462],[-77.02794,-11.96571],[-77.02764,-11.96635],[-77.02766,-11.96662],[-77.02768,-11.96705],[-77.02788,-11.96758],[-77.02853,-11.96857],[-77.02956,-11.97111],[-77.02945,-11.97567],[-77.02937,-11.97798],[-77.02914,-11.98055],[-77.02895,-11.98219],[-77.0291,-11.98293],[-77.02956,-11.98375],[-77.03018,-11.98488],[-77.03033,-11.9858],[-77.0303,-11.98602],[-77.03023,-11.98654],[-77.03014,-11.98725],[-77.0302,-11.98844],[-77.0303,-11.98896],[-77.03043,-11.98965],[-77.03046,-11.99074],[-77.03035,-11.99274],[-77.03056,-11.99467],[-77.03065,-11.99639],[-77.02957,-11.99721],[-77.02913,-11.99808],[-77.02901,-11.99832],[-77.02857,-11.99903],[-77.02848,-12.00045],[-77.02775,-12.00313],[-77.02702,-12.00449],[-77.02591,-12.00571],[-77.02587,-12.00576],[-77.02555,-12.00628],[-77.02553,-12.00632],[-77.02553,-12.00653],[-77.02553,-12.00723],[-77.02533,-12.00907],[-77.02462,-12.00992],[-77.02439,-12.01005],[-77.02313,-12.01079],[-77.02312,-12.01081],[-77.02245,-12.0114],[-77.02221,-12.01209],[-77.02194,-12.01305],[-77.02192,-12.01311],[-77.02132,-12.01466],[-77.02063,-12.01579],[-77.02034,-12.01705],[-77.02034,-12.01783],[-77.02032,-12.0192],[-77.01992,-12.02027],[-77.01977,-12.02129],[-77.02,-12.02201],[-77.02023,-12.02273],[-77.02059,-12.02395],[-77.02099,-12.0247],[-77.02165,-12.02517],[-77.0219,-12.02528],[-77.02207,-12.02544],[-77.02216,-12.02557],[-77.02222,-12.0262],[-77.02215,-12.02677],[-77.02229,-12.0274],[-77.0224,-12.028],[-77.02218,-12.02847],[-77.02159,-12.02921],[-77.02093,-12.03027],[-77.01997,-12.03135],[-77.01948,-12.03202],[-77.01884,-12.03318],[-77.01786,-12.03459],[-77.01713,-12.03546],[-77.01645,-12.03617],[-77.01575,-12.03653],[-77.01471,-12.03693],[-77.01377,-12.03713],[-77.01286,-12.03728],[-77.01253,-12.03625],[-77.01228,-12.03477],[-77.01227,-12.03469],[-77.01229,-12.03423],[-77.01199,-12.03351],[-77.01165,-12.03287],[-77.01139,-12.03229],[-77.0111,-12.03178],[-77.01064,-12.03127],[-77.01017,-12.03097],[-77.00973,-12.03065],[-77.00931,-12.03039],[-77.00878,-12.03021],[-77.00802,-12.03003],[-77.00709,-12.02998],[-77.00616,-12.02995],[-77.00578,-12.02984],[-77.00512,-12.02965],[-77.00415,-12.02951],[-77.00367,-12.02929],[-77.00303,-12.02901],[-77.0023,-12.02862],[-77.00169,-12.02845],[-77.00086,-12.02823],[-77.00045,-12.02813],[-76.9997,-12.02788],[-76.99895,-12.02781],[-76.99825,-12.02769],[-76.99785,-12.02762],[-76.99728,-12.02733],[-76.99674,-12.02714],[-76.99617,-12.02705],[-76.99584,-12.02697],[-76.99518,-12.02693],[-76.99482,-12.02693],[-76.99441,-12.02695],[-76.99412,-12.02696],[-76.99362,-12.02696],[-76.9929,-12.02695],[-76.99242,-12.02684],[-76.99162,-12.02684],[-76.9912,-12.02683],[-76.99047,-12.02691],[-76.98992,-12.02699],[-76.98941,-12.02693],[-76.9892,-12.02687],[-76.98898,-12.02684],[-76.98868,-12.02675],[-76.98851,-12.02674],[-76.98821,-12.02664],[-76.98771,-12.02655],[-76.98702,-12.02652],[-76.98658,-12.02653],[-76.98597,-12.02638],[-76.98545,-12.02627],[-76.98486,-12.02625],[-76.98423,-12.02618],[-76.98351,-12.02604],[-76.98295,-12.02592],[-76.98235,-12.02573],[-76.982,-12.02567],[-76.98168,-12.02564],[-76.98148,-12.02563],[-76.98104,-12.02557],[-76.98066,-12.02554],[-76.9804,-12.02554],[-76.98009,-12.02557],[-76.9797,-12.02564],[-76.97942,-12.02573],[-76.97905,-12.02575],[-76.97879,-12.02583],[-76.97851,-12.02586],[-76.97814,-12.02588],[-76.97785,-12.02594],[-76.97761,-12.02596],[-76.97737,-12.026],[-76.97718,-12.02603],[-76.97696,-12.02609],[-76.97669,-12.02614],[-76.97639,-12.02624],[-76.97594,-12.02624],[-76.97559,-12.02625],[-76.97509,-12.02624],[-76.97465,-12.02616],[-76.97417,-12.02617],[-76.97382,-12.02607],[-76.97342,-12.02604],[-76.97296,-12.02605],[-76.97256,-12.02606],[-76.97218,-12.02609],[-76.97196,-12.02609],[-76.97165,-12.02619],[-76.97102,-12.02626],[-76.97028,-12.02634],[-76.96979,-12.02641],[-76.96936,-12.02652],[-76.96886,-12.02657],[-76.96833,-12.02664],[-76.96779,-12.02655],[-76.96714,-12.02648],[-76.96649,-12.0263],[-76.96613,-12.02624],[-76.96548,-12.02596],[-76.96509,-12.02575],[-76.9646,-12.02554],[-76.96399,-12.02543],[-76.96315,-12.02526],[-76.96237,-12.02504],[-76.96181,-12.02488],[-76.96076,-12.02451],[-76.96016,-12.02415],[-76.95944,-12.0239],[-76.95898,-12.02368],[-76.95769,-12.02314],[-76.95705,-12.02288],[-76.95656,-12.0227],[-76.95622,-12.02262],[-76.95563,-12.0226],[-76.95504,-12.02257],[-76.95466,-12.02242],[-76.95408,-12.02231],[-76.95358,-12.02188],[-76.95264,-12.02126],[-76.95252,-12.02099],[-76.95237,-12.02033],[-76.95216,-12.01975],[-76.9521,-12.01934],[-76.95208,-12.01911],[-76.95225,-12.01912],[-76.95222,-12.01887],[-76.95216,-12.01869],[-76.95221,-12.01828],[-76.95222,-12.01777],[-76.95275,-12.01729],[-76.95277,-12.01725],[-76.95286,-12.01701],[-76.95293,-12.01682],[-76.95394,-12.01438],[-76.95473,-12.0129],[-76.95522,-12.01227],[-76.95641,-12.01035],[-76.95814,-12.00919],[-76.95938,-12.00805],[-76.96039,-12.00732],[-76.96146,-12.00639],[-76.96156,-12.00631],[-76.96172,-12.00628],[-76.96329,-12.00598],[-76.96502,-12.0052],[-76.96624,-12.00484],[-76.96741,-12.00428],[-76.96917,-12.00052],[-76.96963,-11.99858],[-76.96976,-11.99656],[-76.9694,-11.99493],[-76.96821,-11.99358],[-76.96668,-11.99249],[-76.96548,-11.99049],[-76.96469,-11.98916],[-76.96365,-11.98721],[-76.96292,-11.98524],[-76.96238,-11.9838],[-76.96101,-11.98175],[-76.95918,-11.97904],[-76.95792,-11.97638],[-76.95773,-11.97598],[-76.9569,-11.97462],[-76.95473,-11.97175],[-76.9535,-11.96944],[-76.95084,-11.96256],[-76.95056,-11.96071],[-76.95027,-11.95789],[-76.95004,-11.95551],[-76.95017,-11.95375],[-76.94921,-11.95259],[-76.94812,-11.95212],[-76.94621,-11.95246],[-76.94463,-11.95311],[-76.94266,-11.95282],[-76.9409,-11.95225],[-76.93974,-11.95129],[-76.93891,-11.95003],[-76.93849,-11.94918],[-76.93806,-11.94832],[-76.93713,-11.94759],[-76.9356,-11.94676],[-76.93493,-11.94647],[-76.93355,-11.94586],[-76.93239,-11.94469],[-76.93203,-11.9433],[-76.93137,-11.94217]]]}},{"type":"Feature","properties":{"id":"150133","name":"San Juan de Miraflores"},"geometry":{"type":"Polygon","coordinates":[[[-76.95434,-12.11556],[-76.95472,-12.11552],[-76.9552,-12.1155],[-76.95545,-12.11552],[-76.95561,-12.1156],[-76.95571,-12.11568],[-76.95579,-12.11579],[-76.956,-12.11594],[-76.95614,-12.11603],[-76.95628,-12.1161],[-76.95639,-12.11617],[-76.95649,-12.11626],[-76.95667,-12.11638],[-76.95688,-12.1165],[-76.957,-12.11663],[-76.95711,-12.11679],[-76.95726,-12.11698],[-76.95733,-12.11706],[-76.95742,-12.11716],[-76.95748,-12.11723],[-76.9575,-12.11726],[-76.95761,-12.1174],[-76.95767,-12.11752],[-76.95774,-12.11767],[-76.95778,-12.11781],[-76.9578,-12.11792],[-76.95781,-12.11804],[-76.95796,-12.11831],[-76.95806,-12.11861],[-76.95812,-12.1188],[-76.95821,-12.11905],[-76.9584,-12.11938],[-76.95843,-12.11943],[-76.95849,-12.11956],[-76.95857,-12.11967],[-76.95876,-12.11977],[-76.95885,-12.11977],[-76.95897,-12.11979],[-76.95909,-12.1198],[-76.95918,-12.11982],[-76.95928,-12.11984],[-76.95938,-12.11986],[-76.95948,-12.11989],[-76.95953,-12.11994],[-76.95962,-12.12],[-76.95969,-12.12002],[-76.95989,-12.12002],[-76.95998,-12.12003],[-76.96008,-12.12009],[-76.96026,-12.12026],[-76.96039,-12.12039],[-76.96053,-12.1206],[-76.96066,-12.12072],[-76.96074,-12.12086],[-76.96084,-12.12107],[-76.96096,-12.12127],[-76.96102,-12.12141],[-76.96111,-12.12158],[-76.96118,-12.12176],[-76.96128,-12.12203],[-76.96142,-12.12229],[-76.96145,-12.12238],[-76.96164,-12.1227],[-76.96172,-12.12293],[-76.96175,-12.12306],[-76.96177,-12.12335],[-76.96183,-12.12353],[-76.96192,-12.12374],[-76.96195,-12.12386],[-76.96194,-12.12404],[-76.96197,-12.12417],[-76.962,-12.1243],[-76.96205,-12.12445],[-76.96209,-12.12456],[-76.96219,-12.12472],[-76.96226,-12.12484],[-76.9623,-12.12495],[-76.96225,-12.12509],[-76.96222,-12.12522],[-76.96223,-12.12539],[-76.96225,-12.12555],[-76.96228,-12.12571],[-76.9623,-12.12588],[-76.9623,-12.12604],[-76.96233,-12.12617],[-76.96231,-12.12631],[-76.96235,-12.12645],[-76.96232,-12.12663],[-76.96233,-12.12679],[-76.96232,-12.12689],[-76.96231,-12.12708],[-76.96232,-12.12713],[-76.96234,-12.12718],[-76.96243,-12.12731],[-76.96252,-12.12742],[-76.96259,-12.12748],[-76.96268,-12.12758],[-76.96273,-12.12768],[-76.96277,-12.12777],[-76.96278,-12.12782],[-76.96281,-12.12785],[-76.96286,-12.12787],[-76.96291,-12.12787],[-76.96301,-12.12786],[-76.9631,-12.12789],[-76.96319,-12.12791],[-76.96326,-12.12795],[-76.96333,-12.128],[-76.96346,-12.12808],[-76.96357,-12.12814],[-76.96367,-12.12821],[-76.96375,-12.12828],[-76.96384,-12.12836],[-76.9639,-12.12842],[-76.96401,-12.1285],[-76.96413,-12.12861],[-76.96422,-12.12866],[-76.96432,-12.12875],[-76.96443,-12.12884],[-76.96456,-12.1289],[-76.96471,-12.12891],[-76.96479,-12.12892],[-76.96487,-12.12892],[-76.96506,-12.12894],[-76.96519,-12.12897],[-76.96527,-12.12899],[-76.96537,-12.12899],[-76.96547,-12.12902],[-76.96558,-12.12907],[-76.96572,-12.12912],[-76.96577,-12.12915],[-76.96589,-12.12922],[-76.966,-12.12933],[-76.96615,-12.12947],[-76.96619,-12.1295],[-76.96638,-12.12967],[-76.96659,-12.12983],[-76.96674,-12.12998],[-76.96681,-12.13009],[-76.9669,-12.13022],[-76.96699,-12.13033],[-76.96713,-12.13037],[-76.96721,-12.13036],[-76.9673,-12.13038],[-76.96738,-12.1304],[-76.96747,-12.13043],[-76.96754,-12.13046],[-76.96766,-12.13052],[-76.96776,-12.13055],[-76.96793,-12.13059],[-76.96804,-12.1306],[-76.96811,-12.13063],[-76.96812,-12.13065],[-76.9682,-12.13072],[-76.9683,-12.1308],[-76.96848,-12.13094],[-76.96851,-12.13096],[-76.96861,-12.13103],[-76.96878,-12.13116],[-76.96893,-12.13125],[-76.96908,-12.13131],[-76.96917,-12.13135],[-76.96927,-12.13139],[-76.96935,-12.13144],[-76.96944,-12.13152],[-76.96954,-12.13159],[-76.96976,-12.13165],[-76.96997,-12.13168],[-76.97012,-12.1317],[-76.97023,-12.13176],[-76.97028,-12.13186],[-76.97031,-12.13198],[-76.97036,-12.13211],[-76.97042,-12.13219],[-76.97051,-12.1323],[-76.9708,-12.13225],[-76.97092,-12.13365],[-76.97212,-12.13392],[-76.97215,-12.13511],[-76.97379,-12.13522],[-76.97457,-12.13489],[-76.97443,-12.13677],[-76.97495,-12.13692],[-76.97557,-12.13715],[-76.97525,-12.13775],[-76.97507,-12.13812],[-76.97496,-12.13844],[-76.97488,-12.13896],[-76.97486,-12.13932],[-76.97486,-12.13977],[-76.97491,-12.14018],[-76.97497,-12.14056],[-76.97499,-12.14078],[-76.97494,-12.14098],[-76.97485,-12.14124],[-76.97447,-12.14211],[-76.97491,-12.14233],[-76.97682,-12.14406],[-76.97714,-12.14371],[-76.97639,-12.143],[-76.97664,-12.14261],[-76.9768,-12.14236],[-76.97683,-12.14233],[-76.97709,-12.14211],[-76.97735,-12.14191],[-76.97744,-12.14178],[-76.9775,-12.1417],[-76.97757,-12.14161],[-76.97763,-12.14153],[-76.97772,-12.14142],[-76.97788,-12.14134],[-76.978,-12.14133],[-76.97798,-12.14118],[-76.9779,-12.14107],[-76.97781,-12.14107],[-76.97764,-12.14113],[-76.97744,-12.14121],[-76.97697,-12.14108],[-76.97726,-12.14018],[-76.97739,-12.13992],[-76.97721,-12.13974],[-76.97767,-12.13948],[-76.97809,-12.13917],[-76.97847,-12.13924],[-76.9791,-12.13936],[-76.97917,-12.13934],[-76.97922,-12.13929],[-76.97928,-12.13921],[-76.97934,-12.13915],[-76.97944,-12.13908],[-76.97954,-12.13903],[-76.97963,-12.139],[-76.97972,-12.139],[-76.9798,-12.139],[-76.97993,-12.13898],[-76.98002,-12.13896],[-76.98009,-12.13891],[-76.98019,-12.13888],[-76.98035,-12.13884],[-76.98049,-12.13881],[-76.98059,-12.13877],[-76.98076,-12.13873],[-76.98144,-12.14271],[-76.9819,-12.14533],[-76.98196,-12.14567],[-76.98205,-12.14616],[-76.98217,-12.14672],[-76.98229,-12.14717],[-76.98245,-12.14762],[-76.98303,-12.14935],[-76.98336,-12.15033],[-76.98353,-12.15091],[-76.98368,-12.1516],[-76.98375,-12.15209],[-76.98381,-12.1526],[-76.98383,-12.15309],[-76.98385,-12.15349],[-76.98383,-12.15405],[-76.98377,-12.15474],[-76.98369,-12.15531],[-76.98405,-12.15574],[-76.98424,-12.15589],[-76.98445,-12.156],[-76.98479,-12.15609],[-76.98486,-12.15751],[-76.98494,-12.1602],[-76.98473,-12.1602],[-76.98471,-12.16069],[-76.98473,-12.16095],[-76.98452,-12.16102],[-76.98432,-12.16117],[-76.98424,-12.16133],[-76.98431,-12.16161],[-76.98433,-12.16204],[-76.98415,-12.16248],[-76.98379,-12.16278],[-76.98374,-12.16402],[-76.98423,-12.16579],[-76.98441,-12.16645],[-76.98493,-12.16644],[-76.98498,-12.16644],[-76.9851,-12.16643],[-76.98523,-12.16643],[-76.98539,-12.16643],[-76.98552,-12.16643],[-76.98561,-12.16644],[-76.98563,-12.16644],[-76.98575,-12.16646],[-76.98587,-12.16651],[-76.98598,-12.16657],[-76.98605,-12.16664],[-76.98613,-12.16673],[-76.98618,-12.16681],[-76.98625,-12.1669],[-76.98631,-12.16697],[-76.98635,-12.16707],[-76.98636,-12.16724],[-76.98637,-12.16732],[-76.98637,-12.16736],[-76.9864,-12.16747],[-76.98624,-12.16767],[-76.98594,-12.16805],[-76.98443,-12.17],[-76.98397,-12.17036],[-76.98326,-12.17102],[-76.98249,-12.17154],[-76.98116,-12.17183],[-76.98096,-12.17188],[-76.98104,-12.17261],[-76.98108,-12.17273],[-76.98109,-12.17307],[-76.98106,-12.17371],[-76.98111,-12.17417],[-76.98118,-12.17453],[-76.98156,-12.17494],[-76.9821,-12.17572],[-76.98254,-12.17673],[-76.98263,-12.17719],[-76.98266,-12.1776],[-76.98276,-12.17807],[-76.9831,-12.17873],[-76.98323,-12.17909],[-76.98268,-12.18113],[-76.98238,-12.18197],[-76.98202,-12.18346],[-76.98166,-12.18525],[-76.98305,-12.18564],[-76.98253,-12.18755],[-76.98233,-12.18821],[-76.98148,-12.18797],[-76.98027,-12.18763],[-76.9797,-12.18799],[-76.97936,-12.1884],[-76.97934,-12.19037],[-76.97931,-12.19072],[-76.9791,-12.19134],[-76.97885,-12.19158],[-76.97828,-12.19288],[-76.97759,-12.19395],[-76.97707,-12.19448],[-76.97671,-12.19457],[-76.97654,-12.1946],[-76.97564,-12.19477],[-76.97437,-12.19492],[-76.97291,-12.19495],[-76.97254,-12.19222],[-76.97175,-12.19235],[-76.97124,-12.19251],[-76.97044,-12.19268],[-76.96907,-12.19292],[-76.96697,-12.19332],[-76.96492,-12.19305],[-76.96389,-12.19293],[-76.96278,-12.19281],[-76.96145,-12.19267],[-76.96123,-12.19263],[-76.96094,-12.19259],[-76.9609,-12.19246],[-76.96086,-12.19235],[-76.95965,-12.19168],[-76.95918,-12.19168],[-76.95883,-12.19192],[-76.95862,-12.19228],[-76.95852,-12.19245],[-76.95653,-12.1913],[-76.95469,-12.19023],[-76.95457,-12.19016],[-76.95441,-12.19002],[-76.95421,-12.18985],[-76.95452,-12.1893],[-76.95439,-12.18729],[-76.95447,-12.1867],[-76.95457,-12.18647],[-76.95457,-12.18645],[-76.95433,-12.18626],[-76.95428,-12.18618],[-76.95404,-12.18626],[-76.95389,-12.18629],[-76.95354,-12.18633],[-76.95321,-12.18633],[-76.95302,-12.18629],[-76.95297,-12.18619],[-76.95276,-12.1861],[-76.95266,-12.1861],[-76.95241,-12.18547],[-76.95234,-12.18519],[-76.95268,-12.18498],[-76.95284,-12.18484],[-76.95314,-12.18434],[-76.95319,-12.18425],[-76.95338,-12.18384],[-76.95353,-12.18329],[-76.95348,-12.18288],[-76.95333,-12.18261],[-76.95318,-12.18227],[-76.95309,-12.18192],[-76.95306,-12.18136],[-76.95308,-12.18099],[-76.95328,-12.18062],[-76.95356,-12.18014],[-76.95376,-12.17991],[-76.95385,-12.17973],[-76.95401,-12.17935],[-76.95415,-12.17919],[-76.95423,-12.179],[-76.95426,-12.17879],[-76.95425,-12.17843],[-76.95426,-12.17811],[-76.95423,-12.17769],[-76.95414,-12.17716],[-76.95419,-12.17689],[-76.95447,-12.1764],[-76.95476,-12.17599],[-76.95486,-12.17571],[-76.95489,-12.17552],[-76.95484,-12.17523],[-76.95481,-12.17513],[-76.95483,-12.17497],[-76.9548,-12.17486],[-76.95475,-12.1748],[-76.95468,-12.17472],[-76.95459,-12.17439],[-76.95454,-12.17426],[-76.95448,-12.17398],[-76.95449,-12.17378],[-76.95453,-12.17339],[-76.95463,-12.17309],[-76.95472,-12.17292],[-76.95488,-12.17269],[-76.95511,-12.17234],[-76.95522,-12.17197],[-76.95515,-12.17133],[-76.95509,-12.17077],[-76.95516,-12.17059],[-76.95536,-12.17037],[-76.95557,-12.17019],[-76.95567,-12.1701],[-76.95573,-12.17002],[-76.95575,-12.16982],[-76.95582,-12.16953],[-76.95597,-12.16929],[-76.95612,-12.16906],[-76.95619,-12.16886],[-76.95619,-12.16855],[-76.95624,-12.16817],[-76.95632,-12.1679],[-76.95658,-12.16761],[-76.95667,-12.16747],[-76.9567,-12.16704],[-76.95677,-12.16643],[-76.95717,-12.16578],[-76.95704,-12.16545],[-76.95708,-12.16499],[-76.95731,-12.16468],[-76.95783,-12.16448],[-76.95814,-12.16423],[-76.95824,-12.16371],[-76.9582,-12.1632],[-76.95772,-12.16205],[-76.95734,-12.16116],[-76.95687,-12.16078],[-76.95672,-12.16053],[-76.95665,-12.16022],[-76.95639,-12.1599],[-76.95635,-12.15959],[-76.96153,-12.15515],[-76.96172,-12.15477],[-76.96074,-12.15363],[-76.95997,-12.1538],[-76.95958,-12.15378],[-76.95943,-12.15365],[-76.95925,-12.1532],[-76.95902,-12.1526],[-76.95887,-12.15207],[-76.95878,-12.15154],[-76.95878,-12.15125],[-76.95883,-12.15097],[-76.95887,-12.15078],[-76.95886,-12.15053],[-76.95887,-12.15026],[-76.95896,-12.15004],[-76.95899,-12.1496],[-76.95895,-12.14913],[-76.95891,-12.14858],[-76.95878,-12.14828],[-76.95872,-12.14815],[-76.95858,-12.14777],[-76.95846,-12.14737],[-76.95845,-12.14701],[-76.95837,-12.14661],[-76.95827,-12.14594],[-76.95819,-12.14555],[-76.95811,-12.1452],[-76.95808,-12.14506],[-76.95801,-12.1447],[-76.95801,-12.14457],[-76.95796,-12.14427],[-76.95798,-12.14376],[-76.95794,-12.1433],[-76.95777,-12.14271],[-76.95758,-12.14244],[-76.9572,-12.14218],[-76.95652,-12.14171],[-76.95573,-12.14111],[-76.95517,-12.14046],[-76.95509,-12.13986],[-76.95496,-12.13957],[-76.95467,-12.1389],[-76.95441,-12.13845],[-76.95435,-12.13835],[-76.95434,-12.13831],[-76.95419,-12.13815],[-76.95402,-12.13802],[-76.95389,-12.13793],[-76.95382,-12.1378],[-76.95369,-12.13724],[-76.95353,-12.1368],[-76.95345,-12.13653],[-76.95326,-12.13633],[-76.95295,-12.13617],[-76.95288,-12.13613],[-76.95218,-12.13597],[-76.95194,-12.13589],[-76.95176,-12.13574],[-76.95138,-12.13533],[-76.95113,-12.13495],[-76.95104,-12.13481],[-76.95077,-12.13441],[-76.95064,-12.13421],[-76.95054,-12.13404],[-76.95051,-12.13402],[-76.95021,-12.13376],[-76.95009,-12.13373],[-76.95005,-12.13371],[-76.94992,-12.13371],[-76.94987,-12.13371],[-76.94983,-12.13369],[-76.94968,-12.13369],[-76.9495,-12.1336],[-76.94926,-12.13351],[-76.94908,-12.13345],[-76.94862,-12.1334],[-76.94811,-12.13342],[-76.94779,-12.13339],[-76.94758,-12.13337],[-76.94749,-12.13333],[-76.94694,-12.13312],[-76.94671,-12.13284],[-76.94659,-12.13269],[-76.94616,-12.13193],[-76.94571,-12.13108],[-76.94521,-12.13052],[-76.94519,-12.13006],[-76.94544,-12.12969],[-76.94559,-12.12907],[-76.94556,-12.12855],[-76.94536,-12.12803],[-76.94511,-12.12757],[-76.94467,-12.12714],[-76.94394,-12.12636],[-76.94357,-12.12584],[-76.94334,-12.12535],[-76.94303,-12.12454],[-76.94249,-12.12383],[-76.94197,-12.12327],[-76.94079,-12.12216],[-76.94119,-12.12151],[-76.94153,-12.12105],[-76.94189,-12.12099],[-76.94247,-12.12096],[-76.94316,-12.12076],[-76.94375,-12.12047],[-76.94385,-12.12033],[-76.94425,-12.11972],[-76.94493,-12.11919],[-76.94569,-12.11885],[-76.94617,-12.11882],[-76.9467,-12.11873],[-76.94724,-12.11836],[-76.9476,-12.11797],[-76.94775,-12.11754],[-76.94777,-12.11753],[-76.94797,-12.11746],[-76.9481,-12.1174],[-76.94813,-12.11739],[-76.94814,-12.11738],[-76.94824,-12.11732],[-76.94838,-12.11723],[-76.94857,-12.11709],[-76.94869,-12.11698],[-76.94878,-12.11689],[-76.94884,-12.11683],[-76.94892,-12.11673],[-76.949,-12.11665],[-76.94918,-12.11652],[-76.94933,-12.11638],[-76.94948,-12.11627],[-76.94959,-12.11617],[-76.94967,-12.11609],[-76.94977,-12.11604],[-76.94991,-12.11598],[-76.95004,-12.11595],[-76.95015,-12.11592],[-76.95027,-12.11592],[-76.95039,-12.11596],[-76.95064,-12.11603],[-76.95095,-12.11609],[-76.95115,-12.11612],[-76.9513,-12.11611],[-76.95149,-12.11611],[-76.95181,-12.11606],[-76.95201,-12.11602],[-76.95214,-12.11599],[-76.95227,-12.11598],[-76.95236,-12.11596],[-76.95257,-12.11591],[-76.95267,-12.11588],[-76.95277,-12.11585],[-76.95287,-12.11582],[-76.95294,-12.11579],[-76.95302,-12.11574],[-76.95313,-12.11564],[-76.95324,-12.11556],[-76.95331,-12.11554],[-76.95343,-12.11553],[-76.95354,-12.11554],[-76.95366,-12.11555],[-76.95384,-12.11557],[-76.95396,-12.11557],[-76.95416,-12.11558],[-76.95434,-12.11556]]]}},{"type":"Feature","properties":{"id":"150134","name":"San Luis"},"geometry":{"type":"Polygon","coordinates":[[[-76.9978,-12.06084],[-76.99831,-12.06056],[-76.99856,-12.0605],[-76.9989,-12.06051],[-76.99915,-12.06051],[-76.99951,-12.06056],[-76.99973,-12.0606],[-76.99986,-12.06064],[-76.99991,-12.06073],[-76.99993,-12.06095],[-77.00002,-12.06142],[-77.00008,-12.06151],[-77.0001,-12.06155],[-77.00035,-12.06162],[-77.00112,-12.06176],[-77.00148,-12.06176],[-77.00178,-12.0617],[-77.00182,-12.06185],[-77.00187,-12.06184],[-77.00213,-12.06178],[-77.00285,-12.06158],[-77.00316,-12.06262],[-77.00229,-12.06294],[-77.00213,-12.06302],[-77.00123,-12.06334],[-77.00067,-12.06343],[-77.00041,-12.06346],[-76.99993,-12.0635],[-76.99952,-12.06419],[-76.99629,-12.06832],[-77.0025,-12.07192],[-77.00296,-12.07211],[-77.00524,-12.07341],[-77.0056,-12.07362],[-77.00788,-12.07493],[-77.00887,-12.07561],[-77.00952,-12.07613],[-77.00965,-12.07629],[-77.00989,-12.07668],[-77.01001,-12.07684],[-77.01009,-12.07702],[-77.01025,-12.07794],[-77.01036,-12.0782],[-77.01005,-12.07887],[-77.00988,-12.07911],[-77.00947,-12.07953],[-77.00922,-12.07971],[-77.00895,-12.07986],[-77.00862,-12.08],[-77.00742,-12.08034],[-77.00668,-12.08052],[-77.00602,-12.0808],[-77.00569,-12.081],[-77.00521,-12.08137],[-77.00484,-12.08182],[-77.00449,-12.08242],[-77.00435,-12.08277],[-77.0043,-12.08293],[-77.00419,-12.08341],[-77.00416,-12.08362],[-77.00414,-12.08408],[-76.99911,-12.08339],[-76.99858,-12.08319],[-76.99822,-12.08303],[-76.99791,-12.08286],[-76.9973,-12.08245],[-76.99634,-12.08186],[-76.99583,-12.0816],[-76.99537,-12.08143],[-76.99353,-12.08101],[-76.99343,-12.08171],[-76.99295,-12.08142],[-76.99278,-12.0817],[-76.98978,-12.08176],[-76.9896,-12.08173],[-76.98732,-12.07994],[-76.99011,-12.07638],[-76.99083,-12.07542],[-76.991,-12.07504],[-76.99103,-12.07448],[-76.99095,-12.07417],[-76.99081,-12.07396],[-76.99066,-12.07384],[-76.98944,-12.07363],[-76.98785,-12.07365],[-76.98781,-12.07363],[-76.98762,-12.07352],[-76.98829,-12.0726],[-76.98878,-12.07142],[-76.98798,-12.06816],[-76.98696,-12.06404],[-76.98759,-12.06411],[-76.98864,-12.06424],[-76.98975,-12.06445],[-76.99008,-12.06441],[-76.99023,-12.06436],[-76.99582,-12.06388],[-76.9981,-12.06367],[-76.9978,-12.06084]]]}},{"type":"Feature","properties":{"id":"150135","name":"San Martín de Porres"},"geometry":{"type":"Polygon","coordinates":[[[-77.0614,-12.00836],[-77.06357,-12.00878],[-77.06418,-12.00893],[-77.06477,-12.0091],[-77.06641,-12.00957],[-77.06726,-12.00989],[-77.06768,-12.01002],[-77.07046,-12.01101],[-77.07315,-12.01157],[-77.07488,-12.01185],[-77.07686,-12.01224],[-77.07969,-12.01283],[-77.07975,-12.01272],[-77.08149,-12.00928],[-77.08199,-12.00829],[-77.08204,-12.00811],[-77.08203,-12.00811],[-77.08232,-12.00661],[-77.08367,-12.00119],[-77.08401,-11.99993],[-77.08461,-11.99772],[-77.08468,-11.99679],[-77.08471,-11.99638],[-77.08413,-11.9948],[-77.08398,-11.99439],[-77.08313,-11.99291],[-77.08247,-11.99178],[-77.08182,-11.99075],[-77.08136,-11.98987],[-77.08072,-11.9885],[-77.08008,-11.98728],[-77.07872,-11.98479],[-77.07855,-11.98415],[-77.07849,-11.98328],[-77.08581,-11.98255],[-77.08318,-11.97666],[-77.0843,-11.97639],[-77.08509,-11.97614],[-77.08522,-11.97607],[-77.08595,-11.97569],[-77.0878,-11.97402],[-77.08533,-11.97113],[-77.08457,-11.96982],[-77.08451,-11.96967],[-77.08407,-11.96864],[-77.08387,-11.9679],[-77.08376,-11.96692],[-77.08375,-11.96505],[-77.08375,-11.9648],[-77.08416,-11.96207],[-77.08555,-11.95055],[-77.08557,-11.95056],[-77.08576,-11.94869],[-77.08568,-11.94744],[-77.08561,-11.94633],[-77.08525,-11.94504],[-77.08501,-11.94407],[-77.08452,-11.9424],[-77.08388,-11.94028],[-77.08387,-11.93977],[-77.08404,-11.93672],[-77.08444,-11.937],[-77.08519,-11.93782],[-77.08552,-11.9381],[-77.08617,-11.93934],[-77.08694,-11.9405],[-77.08744,-11.94113],[-77.08812,-11.94174],[-77.08895,-11.94245],[-77.08944,-11.94293],[-77.08996,-11.94333],[-77.09069,-11.94387],[-77.09142,-11.94432],[-77.0922,-11.94474],[-77.0924,-11.94484],[-77.0924,-11.94485],[-77.09321,-11.9453],[-77.09373,-11.94574],[-77.09392,-11.94599],[-77.09416,-11.94644],[-77.09425,-11.94685],[-77.0943,-11.94757],[-77.09442,-11.948],[-77.09471,-11.94869],[-77.09476,-11.94884],[-77.09477,-11.94887],[-77.09486,-11.94912],[-77.09487,-11.94914],[-77.09498,-11.94935],[-77.09522,-11.94968],[-77.09561,-11.94975],[-77.09564,-11.94975],[-77.0961,-11.94991],[-77.09618,-11.94992],[-77.09673,-11.94997],[-77.09676,-11.94997],[-77.09727,-11.94997],[-77.09816,-11.94989],[-77.09866,-11.94981],[-77.09904,-11.94973],[-77.0994,-11.94968],[-77.09974,-11.94968],[-77.09987,-11.94968],[-77.10013,-11.94967],[-77.10054,-11.94959],[-77.10088,-11.94949],[-77.10125,-11.94946],[-77.1016,-11.94942],[-77.10237,-11.94926],[-77.10304,-11.94918],[-77.10372,-11.94916],[-77.1042,-11.94907],[-77.10465,-11.949],[-77.10531,-11.94886],[-77.10622,-11.94866],[-77.10695,-11.94845],[-77.10756,-11.94829],[-77.108,-11.94811],[-77.1086,-11.94781],[-77.10902,-11.94757],[-77.10944,-11.94734],[-77.10988,-11.94717],[-77.11037,-11.94696],[-77.11083,-11.94679],[-77.1112,-11.94668],[-77.11181,-11.94661],[-77.11291,-11.94635],[-77.11356,-11.94614],[-77.1141,-11.946],[-77.11438,-11.94601],[-77.11467,-11.94615],[-77.11493,-11.94616],[-77.11498,-11.94616],[-77.11537,-11.94628],[-77.11538,-11.94628],[-77.1156,-11.94626],[-77.11592,-11.94615],[-77.11627,-11.94593],[-77.11641,-11.94583],[-77.11658,-11.94577],[-77.11669,-11.94575],[-77.11679,-11.94574],[-77.11691,-11.94572],[-77.11697,-11.94563],[-77.11706,-11.94551],[-77.11714,-11.94543],[-77.11731,-11.94532],[-77.11752,-11.94531],[-77.11773,-11.9453],[-77.11796,-11.94529],[-77.1182,-11.94526],[-77.11851,-11.9452],[-77.11866,-11.94515],[-77.11886,-11.945],[-77.11887,-11.945],[-77.11901,-11.94492],[-77.11908,-11.94489],[-77.11922,-11.94482],[-77.11934,-11.94483],[-77.11947,-11.94492],[-77.1196,-11.94494],[-77.1198,-11.94487],[-77.11991,-11.94485],[-77.12006,-11.94487],[-77.12013,-11.9449],[-77.12028,-11.94497],[-77.12045,-11.94505],[-77.12058,-11.94513],[-77.12073,-11.94511],[-77.12084,-11.94499],[-77.12089,-11.9448],[-77.12094,-11.94456],[-77.121,-11.94446],[-77.12114,-11.94437],[-77.12131,-11.94426],[-77.12155,-11.94406],[-77.12177,-11.94389],[-77.12192,-11.94365],[-77.1221,-11.9435],[-77.1223,-11.94347],[-77.12256,-11.94348],[-77.12271,-11.94348],[-77.12289,-11.94342],[-77.12295,-11.94332],[-77.12302,-11.94315],[-77.12313,-11.9429],[-77.12324,-11.94269],[-77.12334,-11.94251],[-77.12348,-11.94237],[-77.12358,-11.94227],[-77.12368,-11.9422],[-77.12378,-11.94214],[-77.12385,-11.94205],[-77.12388,-11.94195],[-77.12387,-11.94184],[-77.12387,-11.94169],[-77.12387,-11.94157],[-77.12389,-11.94149],[-77.12395,-11.94137],[-77.12409,-11.94127],[-77.12422,-11.94121],[-77.12428,-11.94115],[-77.12434,-11.94108],[-77.12439,-11.94088],[-77.12444,-11.94065],[-77.12449,-11.94037],[-77.12455,-11.94016],[-77.12459,-11.94003],[-77.12465,-11.93984],[-77.12467,-11.93967],[-77.12476,-11.93951],[-77.12489,-11.9394],[-77.12503,-11.93935],[-77.12526,-11.93932],[-77.12558,-11.93934],[-77.12589,-11.93934],[-77.12606,-11.93932],[-77.12626,-11.93929],[-77.12649,-11.93927],[-77.1267,-11.93921],[-77.12689,-11.93916],[-77.12704,-11.93908],[-77.12723,-11.93893],[-77.12741,-11.93877],[-77.12757,-11.93865],[-77.12772,-11.93853],[-77.12785,-11.93841],[-77.12795,-11.93833],[-77.12811,-11.93813],[-77.12823,-11.93796],[-77.12835,-11.93776],[-77.12842,-11.93765],[-77.12866,-11.93748],[-77.12849,-11.93928],[-77.12746,-11.94241],[-77.12646,-11.94366],[-77.12403,-11.94596],[-77.1233,-11.94725],[-77.12292,-11.94835],[-77.12216,-11.94896],[-77.12112,-11.94971],[-77.12058,-11.95051],[-77.12039,-11.95154],[-77.12023,-11.95298],[-77.12005,-11.95367],[-77.11993,-11.9541],[-77.1194,-11.95485],[-77.11829,-11.95598],[-77.11784,-11.95658],[-77.11755,-11.95697],[-77.11744,-11.95769],[-77.11773,-11.95878],[-77.11776,-11.95894],[-77.11801,-11.96043],[-77.11801,-11.96176],[-77.11787,-11.96224],[-77.11783,-11.96242],[-77.11748,-11.96432],[-77.11684,-11.96551],[-77.11652,-11.96648],[-77.11659,-11.96728],[-77.1168,-11.96863],[-77.11712,-11.96948],[-77.11752,-11.97011],[-77.11771,-11.97051],[-77.11747,-11.97091],[-77.11692,-11.97119],[-77.11654,-11.9712],[-77.1162,-11.97121],[-77.11575,-11.9715],[-77.11479,-11.9722],[-77.11455,-11.97233],[-77.11393,-11.97248],[-77.11319,-11.97289],[-77.1127,-11.97318],[-77.11219,-11.97352],[-77.11203,-11.97382],[-77.11179,-11.97424],[-77.11114,-11.97485],[-77.11068,-11.97544],[-77.11113,-11.97607],[-77.11124,-11.97644],[-77.11133,-11.97735],[-77.11178,-11.97756],[-77.1124,-11.9787],[-77.11265,-11.97953],[-77.11265,-11.97961],[-77.11262,-11.98025],[-77.11231,-11.98127],[-77.11234,-11.98198],[-77.11277,-11.98277],[-77.11331,-11.98325],[-77.11394,-11.98409],[-77.11467,-11.98514],[-77.11523,-11.98614],[-77.11563,-11.98688],[-77.1157,-11.98715],[-77.11582,-11.98759],[-77.1162,-11.98848],[-77.11636,-11.98897],[-77.11662,-11.98986],[-77.11708,-11.99053],[-77.11738,-11.99086],[-77.11792,-11.9912],[-77.11815,-11.99136],[-77.11823,-11.99144],[-77.11829,-11.9915],[-77.11838,-11.99179],[-77.11843,-11.99217],[-77.11843,-11.9925],[-77.11842,-11.99281],[-77.11834,-11.99319],[-77.11809,-11.99388],[-77.11791,-11.99429],[-77.11768,-11.99462],[-77.11738,-11.9949],[-77.11731,-11.99497],[-77.11719,-11.99504],[-77.11624,-11.99564],[-77.11497,-11.99624],[-77.11406,-11.99672],[-77.11326,-11.997],[-77.11298,-11.99696],[-77.11283,-11.99686],[-77.11254,-11.99667],[-77.11107,-11.99502],[-77.1104,-11.99427],[-77.11017,-11.99416],[-77.10949,-11.99495],[-77.10705,-11.99936],[-77.10439,-12.00024],[-77.10377,-11.99846],[-77.10359,-11.99793],[-77.10341,-11.99778],[-77.10329,-11.9978],[-77.10311,-11.9981],[-77.10307,-11.99816],[-77.10276,-11.99897],[-77.10249,-11.99962],[-77.10032,-12.00391],[-77.10014,-12.00423],[-77.09973,-12.00411],[-77.09936,-12.00422],[-77.09849,-12.00445],[-77.09817,-12.00453],[-77.09825,-12.00489],[-77.09834,-12.00515],[-77.09774,-12.00579],[-77.09616,-12.00519],[-77.09593,-12.00501],[-77.09545,-12.00477],[-77.09527,-12.00484],[-77.09502,-12.00534],[-77.09477,-12.00588],[-77.09469,-12.00598],[-77.09458,-12.00602],[-77.09432,-12.00592],[-77.09419,-12.00591],[-77.09411,-12.00599],[-77.09405,-12.00617],[-77.09403,-12.00628],[-77.09408,-12.00634],[-77.09409,-12.00635],[-77.0942,-12.00639],[-77.09441,-12.00647],[-77.09442,-12.00648],[-77.09446,-12.00654],[-77.09441,-12.00668],[-77.09431,-12.00699],[-77.09392,-12.00783],[-77.09394,-12.00795],[-77.09415,-12.00809],[-77.09423,-12.00815],[-77.09421,-12.00827],[-77.09411,-12.00854],[-77.09413,-12.00863],[-77.09418,-12.0087],[-77.09351,-12.00999],[-77.09275,-12.00959],[-77.09206,-12.0095],[-77.09173,-12.0095],[-77.09162,-12.00948],[-77.09161,-12.00972],[-77.09162,-12.01018],[-77.09115,-12.01109],[-77.0908,-12.01177],[-77.09006,-12.01153],[-77.08959,-12.01174],[-77.08912,-12.01216],[-77.08761,-12.01454],[-77.08729,-12.01563],[-77.08727,-12.01576],[-77.08731,-12.01586],[-77.08742,-12.01597],[-77.08777,-12.01612],[-77.08786,-12.01621],[-77.08984,-12.01941],[-77.09137,-12.02266],[-77.09068,-12.02307],[-77.09148,-12.02469],[-77.09258,-12.02679],[-77.09324,-12.02827],[-77.09401,-12.03004],[-77.09442,-12.03],[-77.09618,-12.0337],[-77.09495,-12.03429],[-77.09509,-12.03663],[-77.09346,-12.03628],[-77.09359,-12.03752],[-77.09347,-12.03844],[-77.09284,-12.03829],[-77.09184,-12.03814],[-77.09084,-12.03792],[-77.08971,-12.03769],[-77.08883,-12.03752],[-77.08809,-12.03734],[-77.08749,-12.03729],[-77.08674,-12.03715],[-77.08556,-12.03689],[-77.08491,-12.03678],[-77.08419,-12.03668],[-77.08362,-12.03649],[-77.08294,-12.03642],[-77.08266,-12.03639],[-77.08214,-12.03624],[-77.08171,-12.03616],[-77.08121,-12.03607],[-77.08066,-12.03587],[-77.08017,-12.03574],[-77.07969,-12.03563],[-77.07908,-12.03552],[-77.07862,-12.0355],[-77.07813,-12.0354],[-77.0778,-12.03535],[-77.07743,-12.0353],[-77.0768,-12.03511],[-77.07593,-12.03499],[-77.0755,-12.03492],[-77.07491,-12.03487],[-77.0745,-12.03476],[-77.07405,-12.03475],[-77.07332,-12.03459],[-77.07251,-12.03452],[-77.07209,-12.03442],[-77.07151,-12.03435],[-77.07101,-12.03435],[-77.07037,-12.03431],[-77.06979,-12.03432],[-77.06889,-12.03463],[-77.06816,-12.03479],[-77.06729,-12.03484],[-77.06676,-12.03485],[-77.06619,-12.03487],[-77.06566,-12.03502],[-77.06514,-12.035],[-77.0646,-12.03507],[-77.06418,-12.03513],[-77.06371,-12.03519],[-77.06312,-12.0352],[-77.0627,-12.03526],[-77.06253,-12.0353],[-77.06218,-12.03533],[-77.06179,-12.03539],[-77.0614,-12.03544],[-77.06082,-12.03555],[-77.06034,-12.03566],[-77.0599,-12.03575],[-77.05949,-12.03589],[-77.05897,-12.03598],[-77.0586,-12.03605],[-77.05821,-12.03614],[-77.05776,-12.03623],[-77.05748,-12.03632],[-77.05724,-12.03642],[-77.05688,-12.03648],[-77.05665,-12.03649],[-77.05634,-12.03649],[-77.05601,-12.03643],[-77.05561,-12.03639],[-77.05517,-12.03642],[-77.05498,-12.03641],[-77.05455,-12.03653],[-77.05422,-12.03662],[-77.05354,-12.03677],[-77.05322,-12.03684],[-77.05288,-12.03684],[-77.05261,-12.03678],[-77.0523,-12.03671],[-77.05218,-12.03665],[-77.05165,-12.03641],[-77.05136,-12.03632],[-77.05119,-12.03621],[-77.05106,-12.03616],[-77.05093,-12.03615],[-77.05063,-12.03605],[-77.05033,-12.03597],[-77.04998,-12.0359],[-77.04994,-12.03588],[-77.04865,-12.03575],[-77.04858,-12.03574],[-77.04838,-12.03573],[-77.04816,-12.03572],[-77.04802,-12.03579],[-77.04797,-12.03581],[-77.04786,-12.03586],[-77.04769,-12.03599],[-77.04752,-12.03616],[-77.04743,-12.03627],[-77.04731,-12.03642],[-77.04721,-12.03657],[-77.04709,-12.03671],[-77.04694,-12.03685],[-77.04683,-12.03699],[-77.04669,-12.03722],[-77.04657,-12.03742],[-77.04645,-12.03762],[-77.04624,-12.0378],[-77.04609,-12.03803],[-77.0458,-12.03853],[-77.04544,-12.03876],[-77.04514,-12.03883],[-77.0449,-12.03888],[-77.04454,-12.03885],[-77.04421,-12.03884],[-77.04395,-12.03881],[-77.0437,-12.03881],[-77.04347,-12.03886],[-77.04348,-12.03876],[-77.04348,-12.03834],[-77.04353,-12.03798],[-77.04353,-12.0377],[-77.04357,-12.03752],[-77.0436,-12.03744],[-77.04365,-12.03731],[-77.04373,-12.03715],[-77.04382,-12.03704],[-77.04402,-12.03686],[-77.04408,-12.03625],[-77.0439,-12.03582],[-77.04384,-12.03464],[-77.04383,-12.03463],[-77.04386,-12.03391],[-77.04389,-12.03309],[-77.04404,-12.0311],[-77.04421,-12.02943],[-77.04431,-12.02866],[-77.04435,-12.02857],[-77.04442,-12.02835],[-77.04445,-12.02827],[-77.04708,-12.02591],[-77.05009,-12.02315],[-77.05024,-12.02293],[-77.0505,-12.02254],[-77.0505,-12.02253],[-77.0507,-12.02176],[-77.05082,-12.02112],[-77.05096,-12.02034],[-77.05133,-12.01841],[-77.05133,-12.01796],[-77.05154,-12.01724],[-77.05238,-12.01369],[-77.05297,-12.01103],[-77.05321,-12.00998],[-77.05361,-12.00812],[-77.05375,-12.00748],[-77.05753,-12.00795],[-77.05938,-12.0082],[-77.0614,-12.00836]]]}},{"type":"Feature","properties":{"id":"150136","name":"San Miguel"},"geometry":{"type":"Polygon","coordinates":[[[-77.07773,-12.06855],[-77.07768,-12.06823],[-77.07776,-12.06688],[-77.07779,-12.06617],[-77.0779,-12.0653],[-77.07815,-12.0641],[-77.07857,-12.06228],[-77.07891,-12.06086],[-77.07904,-12.06011],[-77.07905,-12.06007],[-77.07961,-12.06022],[-77.08179,-12.06079],[-77.08267,-12.06094],[-77.08301,-12.06098],[-77.0857,-12.06132],[-77.0865,-12.06141],[-77.08726,-12.06151],[-77.08817,-12.06167],[-77.09704,-12.06247],[-77.09791,-12.06269],[-77.10086,-12.06307],[-77.10317,-12.06331],[-77.10412,-12.06338],[-77.10437,-12.06337],[-77.10457,-12.06335],[-77.10431,-12.06468],[-77.10411,-12.0658],[-77.10396,-12.06682],[-77.10396,-12.06757],[-77.10414,-12.06879],[-77.10444,-12.0702],[-77.10486,-12.07199],[-77.10504,-12.07191],[-77.10599,-12.07425],[-77.10756,-12.07362],[-77.10918,-12.07638],[-77.10934,-12.07632],[-77.10998,-12.07746],[-77.11047,-12.07724],[-77.1109,-12.07841],[-77.11147,-12.07941],[-77.11153,-12.07949],[-77.11144,-12.07954],[-77.11135,-12.07958],[-77.11126,-12.07962],[-77.11119,-12.07967],[-77.11112,-12.0797],[-77.11106,-12.07973],[-77.11101,-12.07976],[-77.11087,-12.07983],[-77.11066,-12.07993],[-77.11034,-12.08009],[-77.11008,-12.08024],[-77.10986,-12.08036],[-77.10964,-12.08047],[-77.10948,-12.08057],[-77.10924,-12.08067],[-77.10897,-12.08079],[-77.10872,-12.0809],[-77.10841,-12.08103],[-77.10831,-12.08109],[-77.10821,-12.08114],[-77.10808,-12.08121],[-77.10798,-12.08126],[-77.10786,-12.08129],[-77.1078,-12.08131],[-77.10773,-12.08133],[-77.10762,-12.08136],[-77.10755,-12.08138],[-77.10749,-12.08142],[-77.10737,-12.08146],[-77.10729,-12.0815],[-77.10725,-12.08153],[-77.10718,-12.08157],[-77.10711,-12.08161],[-77.10701,-12.08167],[-77.10694,-12.08173],[-77.10688,-12.08176],[-77.10682,-12.0818],[-77.10673,-12.08185],[-77.10667,-12.08188],[-77.1066,-12.08191],[-77.10652,-12.08195],[-77.10638,-12.08202],[-77.10632,-12.08204],[-77.10618,-12.08212],[-77.10599,-12.08222],[-77.10581,-12.08229],[-77.10565,-12.08232],[-77.1056,-12.08228],[-77.10552,-12.08228],[-77.10545,-12.08234],[-77.10534,-12.08241],[-77.10526,-12.08248],[-77.10518,-12.08258],[-77.1051,-12.08264],[-77.10497,-12.08272],[-77.10484,-12.08279],[-77.10469,-12.08287],[-77.10453,-12.08294],[-77.10441,-12.08299],[-77.10429,-12.08305],[-77.10411,-12.08315],[-77.10395,-12.08326],[-77.10355,-12.08343],[-77.10321,-12.08359],[-77.10309,-12.08363],[-77.10274,-12.08376],[-77.10254,-12.08385],[-77.10243,-12.0839],[-77.10225,-12.08395],[-77.10207,-12.084],[-77.10183,-12.08406],[-77.1017,-12.08409],[-77.10154,-12.08413],[-77.10141,-12.08416],[-77.10131,-12.08416],[-77.10117,-12.08421],[-77.10102,-12.08424],[-77.10085,-12.08429],[-77.10065,-12.08434],[-77.10046,-12.08439],[-77.1002,-12.08449],[-77.10006,-12.08457],[-77.0999,-12.08466],[-77.09976,-12.08474],[-77.09952,-12.08486],[-77.09925,-12.085],[-77.09906,-12.08511],[-77.09884,-12.08522],[-77.09859,-12.08535],[-77.09821,-12.08551],[-77.09792,-12.08562],[-77.09773,-12.08568],[-77.09747,-12.08579],[-77.09737,-12.08583],[-77.09725,-12.08589],[-77.09708,-12.08595],[-77.09688,-12.08603],[-77.09672,-12.08611],[-77.09641,-12.08625],[-77.09609,-12.08639],[-77.09585,-12.08651],[-77.09569,-12.08661],[-77.09554,-12.08667],[-77.09543,-12.08673],[-77.09531,-12.0868],[-77.09516,-12.08688],[-77.09501,-12.08694],[-77.09492,-12.087],[-77.09481,-12.08706],[-77.09469,-12.08713],[-77.09459,-12.08717],[-77.09432,-12.08729],[-77.09415,-12.08738],[-77.09399,-12.08746],[-77.09376,-12.08755],[-77.09347,-12.08764],[-77.09328,-12.08775],[-77.09312,-12.08783],[-77.09303,-12.08787],[-77.09287,-12.08794],[-77.0927,-12.08801],[-77.09245,-12.08811],[-77.09224,-12.0882],[-77.09206,-12.0883],[-77.09196,-12.08834],[-77.0918,-12.08842],[-77.09167,-12.08847],[-77.09152,-12.08856],[-77.09139,-12.08861],[-77.09127,-12.08868],[-77.09118,-12.08876],[-77.09102,-12.08882],[-77.09098,-12.08889],[-77.09089,-12.08887],[-77.09083,-12.0889],[-77.09069,-12.08896],[-77.09037,-12.08912],[-77.09016,-12.08921],[-77.08995,-12.08931],[-77.08977,-12.08939],[-77.08958,-12.08945],[-77.08943,-12.08951],[-77.08929,-12.08957],[-77.08914,-12.08965],[-77.08901,-12.0897],[-77.08878,-12.0898],[-77.0886,-12.08989],[-77.08846,-12.08994],[-77.08836,-12.08997],[-77.08808,-12.09013],[-77.08798,-12.09017],[-77.08787,-12.09021],[-77.08771,-12.09031],[-77.08754,-12.0904],[-77.0873,-12.09051],[-77.0872,-12.09058],[-77.08711,-12.09064],[-77.08699,-12.09074],[-77.08691,-12.09081],[-77.08684,-12.09089],[-77.08674,-12.09099],[-77.08696,-12.09144],[-77.08689,-12.09147],[-77.08674,-12.0912],[-77.08666,-12.09119],[-77.0865,-12.09122],[-77.08644,-12.09125],[-77.08631,-12.0913],[-77.08614,-12.09137],[-77.08601,-12.09143],[-77.08588,-12.0915],[-77.0858,-12.09154],[-77.08563,-12.09162],[-77.08554,-12.09168],[-77.08546,-12.0917],[-77.08531,-12.09176],[-77.08507,-12.09186],[-77.08496,-12.09192],[-77.08484,-12.09198],[-77.08473,-12.09203],[-77.08461,-12.0921],[-77.08446,-12.0922],[-77.08437,-12.09223],[-77.08411,-12.09235],[-77.08401,-12.09239],[-77.08387,-12.09247],[-77.08374,-12.09253],[-77.0836,-12.09259],[-77.0835,-12.09265],[-77.08335,-12.09271],[-77.08326,-12.09276],[-77.08315,-12.09283],[-77.08292,-12.09292],[-77.08277,-12.09298],[-77.08264,-12.09304],[-77.08253,-12.09311],[-77.08243,-12.09316],[-77.0823,-12.09322],[-77.08216,-12.09331],[-77.08194,-12.09343],[-77.0817,-12.09355],[-77.08157,-12.09363],[-77.08145,-12.09369],[-77.08138,-12.09371],[-77.08127,-12.09376],[-77.08119,-12.0938],[-77.08106,-12.09385],[-77.08096,-12.09391],[-77.08089,-12.09397],[-77.08083,-12.09403],[-77.08071,-12.0941],[-77.08062,-12.09418],[-77.08091,-12.0947],[-77.08088,-12.09476],[-77.08052,-12.09425],[-77.08033,-12.09431],[-77.08015,-12.09439],[-77.07997,-12.09449],[-77.07972,-12.09461],[-77.07946,-12.09473],[-77.0793,-12.09482],[-77.07911,-12.0949],[-77.07889,-12.09502],[-77.07873,-12.09509],[-77.07864,-12.09513],[-77.07851,-12.09518],[-77.07845,-12.09522],[-77.07832,-12.09529],[-77.07824,-12.09531],[-77.07815,-12.09535],[-77.07803,-12.0954],[-77.07791,-12.09545],[-77.07785,-12.09548],[-77.0778,-12.09552],[-77.07774,-12.09554],[-77.07768,-12.09558],[-77.07747,-12.09503],[-77.07619,-12.09154],[-77.07512,-12.0886],[-77.07409,-12.08894],[-77.07375,-12.08796],[-77.07491,-12.0875],[-77.07392,-12.08568],[-77.07354,-12.08581],[-77.07229,-12.08376],[-77.07222,-12.08377],[-77.0721,-12.08358],[-77.07142,-12.08159],[-77.0756,-12.08007],[-77.07561,-12.08008],[-77.07997,-12.07849],[-77.08066,-12.07836],[-77.08103,-12.0783],[-77.08096,-12.07751],[-77.08088,-12.07709],[-77.08082,-12.0769],[-77.08059,-12.07637],[-77.08021,-12.07558],[-77.07985,-12.07502],[-77.07958,-12.07482],[-77.07905,-12.07426],[-77.0787,-12.07377],[-77.07857,-12.07352],[-77.07841,-12.0731],[-77.07837,-12.07286],[-77.0783,-12.07199],[-77.07827,-12.07173],[-77.07792,-12.07026],[-77.07773,-12.06855]]]}},{"type":"Feature","properties":{"id":"150137","name":"Santa Anita"},"geometry":{"type":"Polygon","coordinates":[[[-76.97343,-12.05848],[-76.97223,-12.05799],[-76.96757,-12.05607],[-76.96101,-12.05317],[-76.95604,-12.05105],[-76.95231,-12.04955],[-76.93796,-12.04382],[-76.93981,-12.03913],[-76.93996,-12.03861],[-76.94287,-12.03238],[-76.94306,-12.03087],[-76.9425,-12.03075],[-76.94281,-12.02946],[-76.94276,-12.0283],[-76.94326,-12.02823],[-76.94355,-12.02815],[-76.94372,-12.02797],[-76.94382,-12.02778],[-76.94396,-12.0275],[-76.94583,-12.02783],[-76.94823,-12.02817],[-76.95523,-12.02934],[-76.95537,-12.02936],[-76.95691,-12.02947],[-76.95884,-12.0299],[-76.96242,-12.03124],[-76.9635,-12.03175],[-76.96439,-12.03236],[-76.96554,-12.03334],[-76.96866,-12.03574],[-76.97319,-12.03921],[-76.97422,-12.03992],[-76.97512,-12.04024],[-76.97624,-12.04047],[-76.97743,-12.04049],[-76.97834,-12.04029],[-76.97904,-12.04063],[-76.97981,-12.0406],[-76.98101,-12.04054],[-76.98186,-12.04044],[-76.98239,-12.04034],[-76.98323,-12.04014],[-76.98453,-12.03957],[-76.98512,-12.03994],[-76.98612,-12.03978],[-76.98674,-12.03971],[-76.98735,-12.03964],[-76.98796,-12.03963],[-76.98844,-12.03972],[-76.98815,-12.04037],[-76.98801,-12.04059],[-76.98749,-12.0415],[-76.98639,-12.04259],[-76.98602,-12.04294],[-76.98538,-12.04356],[-76.98505,-12.04382],[-76.98454,-12.04417],[-76.98567,-12.04696],[-76.98586,-12.04717],[-76.98601,-12.0473],[-76.98645,-12.04744],[-76.98686,-12.04755],[-76.98732,-12.04777],[-76.98795,-12.04803],[-76.98855,-12.04839],[-76.98904,-12.04873],[-76.98965,-12.04964],[-76.98985,-12.05083],[-76.98965,-12.05213],[-76.98904,-12.05324],[-76.98811,-12.05423],[-76.98722,-12.05506],[-76.98623,-12.0558],[-76.98518,-12.05606],[-76.98397,-12.05608],[-76.9832,-12.05596],[-76.98267,-12.05588],[-76.98086,-12.05522],[-76.978,-12.05505],[-76.97549,-12.05393],[-76.97483,-12.05525],[-76.97399,-12.05713],[-76.97364,-12.0581],[-76.97343,-12.05848]]]}},{"type":"Feature","properties":{"id":"150138","name":"Santa María del Mar"},"geometry":{"type":"MultiPolygon","coordinates":[[[[-76.76045,-12.39682],[-76.76519,-12.39243],[-76.76671,-12.39094],[-76.7708,-12.38724],[-76.77471,-12.39256],[-76.77496,-12.39313],[-76.7748,-12.39386],[-76.77465,-12.39447],[-76.77497,-12.39544],[-76.77592,-12.39772],[-76.77603,-12.39799],[-76.77613,-12.39822],[-76.77613,-12.39822],[-76.77619,-12.39835],[-76.77621,-12.39838],[-76.77621,-12.39839],[-76.77667,-12.39819],[-76.7766,-12.39803],[-76.77667,-12.39796],[-76.77673,-12.39795],[-76.77683,-12.39804],[-76.77764,-12.39879],[-76.77789,-12.39867],[-76.77814,-12.39863],[-76.77832,-12.39858],[-76.77851,-12.39854],[-76.77871,-12.39847],[-76.77895,-12.39865],[-76.77899,-12.39868],[-76.77906,-12.39917],[-76.77913,-12.3997],[-76.77908,-12.40045],[-76.77902,-12.40059],[-76.779,-12.40065],[-76.77885,-12.40052],[-76.77866,-12.40034],[-76.77849,-12.40013],[-76.77845,-12.39991],[-76.77833,-12.39986],[-76.77813,-12.39998],[-76.77802,-12.40017],[-76.77791,-12.40022],[-76.77767,-12.4004],[-76.77741,-12.40068],[-76.77719,-12.40102],[-76.77711,-12.40127],[-76.77694,-12.40165],[-76.77641,-12.40274],[-76.77629,-12.40309],[-76.77614,-12.40347],[-76.77617,-12.40365],[-76.77616,-12.40375],[-76.77612,-12.40378],[-76.77604,-12.40379],[-76.77596,-12.40384],[-76.77585,-12.404],[-76.77578,-12.40415],[-76.77572,-12.40436],[-76.77569,-12.4045],[-76.77572,-12.40479],[-76.77576,-12.40503],[-76.77579,-12.40518],[-76.77584,-12.40528],[-76.7759,-12.40532],[-76.77609,-12.4054],[-76.77614,-12.40548],[-76.77622,-12.40561],[-76.77626,-12.40582],[-76.77635,-12.40588],[-76.77641,-12.40586],[-76.77649,-12.40587],[-76.7766,-12.40594],[-76.77668,-12.40592],[-76.77676,-12.40586],[-76.77686,-12.40578],[-76.77698,-12.40575],[-76.77709,-12.40588],[-76.77706,-12.40609],[-76.7771,-12.4062],[-76.77706,-12.40631],[-76.77692,-12.4065],[-76.77675,-12.40667],[-76.77647,-12.40674],[-76.77627,-12.40675],[-76.77621,-12.40687],[-76.77627,-12.40697],[-76.7764,-12.40707],[-76.77647,-12.40713],[-76.77637,-12.40724],[-76.77621,-12.40744],[-76.77606,-12.40762],[-76.77599,-12.40789],[-76.77601,-12.40805],[-76.77608,-12.40819],[-76.77629,-12.40819],[-76.77634,-12.40826],[-76.77637,-12.40837],[-76.7764,-12.40854],[-76.77655,-12.40867],[-76.77668,-12.40883],[-76.77682,-12.40896],[-76.77682,-12.40915],[-76.77677,-12.40935],[-76.77677,-12.40942],[-76.77691,-12.40937],[-76.77705,-12.40931],[-76.77717,-12.40935],[-76.77718,-12.40955],[-76.77715,-12.40974],[-76.77704,-12.4099],[-76.77704,-12.41003],[-76.77709,-12.41018],[-76.77721,-12.4103],[-76.77718,-12.4104],[-76.77707,-12.41058],[-76.77718,-12.41073],[-76.77734,-12.41087],[-76.77737,-12.41094],[-76.77751,-12.41115],[-76.7777,-12.41147],[-76.77786,-12.41162],[-76.77809,-12.41175],[-76.77833,-12.41181],[-76.77871,-12.41189],[-76.77889,-12.41192],[-76.77913,-12.41188],[-76.77934,-12.41179],[-76.77947,-12.4118],[-76.77948,-12.41169],[-76.77981,-12.41143],[-76.77984,-12.41136],[-76.77977,-12.4112],[-76.77995,-12.41126],[-76.78008,-12.41117],[-76.78018,-12.41104],[-76.78024,-12.41087],[-76.78013,-12.41069],[-76.78002,-12.41057],[-76.77971,-12.41035],[-76.77964,-12.41027],[-76.77976,-12.41023],[-76.77984,-12.41027],[-76.77998,-12.41037],[-76.78006,-12.41045],[-76.78019,-12.41053],[-76.78031,-12.4105],[-76.78052,-12.41036],[-76.78065,-12.41025],[-76.78075,-12.4101],[-76.78083,-12.4099],[-76.78086,-12.40973],[-76.78086,-12.40958],[-76.78095,-12.40947],[-76.78107,-12.40936],[-76.78114,-12.40936],[-76.78123,-12.40937],[-76.78133,-12.40946],[-76.78138,-12.4095],[-76.78157,-12.40968],[-76.78158,-12.4098],[-76.78156,-12.40987],[-76.78156,-12.40994],[-76.78157,-12.41009],[-76.78154,-12.41021],[-76.78159,-12.41035],[-76.78148,-12.41047],[-76.78144,-12.41056],[-76.78127,-12.41069],[-76.78124,-12.41078],[-76.78119,-12.41092],[-76.78118,-12.41102],[-76.78122,-12.41119],[-76.78117,-12.41133],[-76.78095,-12.4113],[-76.78078,-12.41125],[-76.78083,-12.41136],[-76.78108,-12.41144],[-76.7812,-12.41149],[-76.78144,-12.41157],[-76.78152,-12.41162],[-76.78154,-12.41169],[-76.78149,-12.4118],[-76.78139,-12.4118],[-76.78133,-12.41179],[-76.78123,-12.41176],[-76.78115,-12.41183],[-76.78105,-12.41187],[-76.78096,-12.41181],[-76.78085,-12.41169],[-76.78076,-12.41161],[-76.78063,-12.41157],[-76.7807,-12.41172],[-76.78083,-12.41183],[-76.78091,-12.41193],[-76.78106,-12.41215],[-76.78114,-12.41226],[-76.78114,-12.41239],[-76.78103,-12.41245],[-76.78093,-12.4124],[-76.78068,-12.41292],[-76.78076,-12.41303],[-76.7808,-12.41316],[-76.7807,-12.41318],[-76.78072,-12.41326],[-76.78076,-12.41332],[-76.78089,-12.41352],[-76.78082,-12.41362],[-76.78085,-12.41367],[-76.78091,-12.41369],[-76.78103,-12.41372],[-76.78112,-12.41374],[-76.78122,-12.41385],[-76.78131,-12.41403],[-76.78141,-12.41435],[-76.78147,-12.41448],[-76.78147,-12.41457],[-76.78137,-12.41459],[-76.78132,-12.41457],[-76.78128,-12.41469],[-76.78134,-12.41475],[-76.78152,-12.41475],[-76.78156,-12.4148],[-76.78159,-12.4149],[-76.78158,-12.41497],[-76.78136,-12.41504],[-76.78127,-12.41501],[-76.78114,-12.41495],[-76.78109,-12.41502],[-76.78114,-12.41514],[-76.7812,-12.41523],[-76.78125,-12.41535],[-76.78127,-12.41549],[-76.78125,-12.41559],[-76.78115,-12.41573],[-76.78112,-12.41585],[-76.78111,-12.41598],[-76.78111,-12.41607],[-76.78113,-12.41616],[-76.78113,-12.41631],[-76.78103,-12.41637],[-76.78094,-12.4164],[-76.78082,-12.41642],[-76.78077,-12.41646],[-76.78076,-12.41668],[-76.78074,-12.4168],[-76.78064,-12.41688],[-76.78046,-12.41693],[-76.78014,-12.41697],[-76.78007,-12.41706],[-76.77883,-12.41853],[-76.77845,-12.4194],[-76.77765,-12.4211],[-76.77682,-12.42304],[-76.77595,-12.42443],[-76.77446,-12.42526],[-76.77367,-12.42553],[-76.77332,-12.42565],[-76.77235,-12.42533],[-76.77221,-12.42401],[-76.77179,-12.42263],[-76.77124,-12.42162],[-76.77061,-12.42089],[-76.76954,-12.42075],[-76.76755,-12.42064],[-76.76673,-12.42058],[-76.76582,-12.42013],[-76.7644,-12.41944],[-76.76343,-12.41919],[-76.76267,-12.41923],[-76.76187,-12.42009],[-76.76164,-12.42087],[-76.76145,-12.42148],[-76.76114,-12.42235],[-76.76014,-12.42318],[-76.75798,-12.42388],[-76.75674,-12.4246],[-76.75594,-12.42637],[-76.7549,-12.428],[-76.7533,-12.4289],[-76.75332,-12.42868],[-76.75337,-12.42838],[-76.75393,-12.42512],[-76.75483,-12.41986],[-76.75541,-12.41649],[-76.75653,-12.40995],[-76.7568,-12.40179],[-76.75691,-12.40147],[-76.75723,-12.40025],[-76.75756,-12.3997],[-76.7586,-12.39854],[-76.76045,-12.39682]]],[[[-76.78117,-12.40917],[-76.7811,-12.40911],[-76.78119,-12.40906],[-76.7813,-12.40904],[-76.78137,-12.409],[-76.78145,-12.40897],[-76.78153,-12.40899],[-76.78164,-12.40904],[-76.78177,-12.4091],[-76.78182,-12.40919],[-76.78173,-12.40922],[-76.78164,-12.40923],[-76.78144,-12.40925],[-76.78117,-12.40917]]]]}},{"type":"Feature","properties":{"id":"150139","name":"Santa Rosa"},"geometry":{"type":"Polygon","coordinates":[[[-77.14355,-11.79587],[-77.15237,-11.78722],[-77.15855,-11.78126],[-77.18553,-11.78894],[-77.18543,-11.78907],[-77.18529,-11.78921],[-77.18513,-11.78934],[-77.18497,-11.78946],[-77.18484,-11.78958],[-77.18471,-11.78967],[-77.18457,-11.78975],[-77.18444,-11.78986],[-77.18437,-11.78993],[-77.18428,-11.79002],[-77.18418,-11.79014],[-77.18403,-11.79042],[-77.18396,-11.79055],[-77.1839,-11.79064],[-77.18386,-11.7907],[-77.18378,-11.79085],[-77.18369,-11.79099],[-77.18355,-11.79117],[-77.18346,-11.79132],[-77.18337,-11.79145],[-77.18331,-11.79155],[-77.18326,-11.79169],[-77.18321,-11.79177],[-77.18315,-11.79182],[-77.18304,-11.79195],[-77.18299,-11.79204],[-77.18286,-11.79219],[-77.1828,-11.79225],[-77.18272,-11.79235],[-77.18263,-11.7925],[-77.18246,-11.7928],[-77.18236,-11.79298],[-77.18227,-11.79315],[-77.18221,-11.7933],[-77.18211,-11.79354],[-77.18204,-11.79363],[-77.1819,-11.79385],[-77.18178,-11.79411],[-77.18172,-11.79424],[-77.18167,-11.79436],[-77.18162,-11.7945],[-77.18159,-11.79461],[-77.18159,-11.79472],[-77.18157,-11.79485],[-77.18155,-11.79495],[-77.1815,-11.79507],[-77.18145,-11.79516],[-77.18139,-11.79526],[-77.18131,-11.79545],[-77.18125,-11.79564],[-77.18119,-11.7959],[-77.18112,-11.79613],[-77.18106,-11.79629],[-77.181,-11.79646],[-77.18097,-11.79658],[-77.18093,-11.79672],[-77.1809,-11.79679],[-77.18086,-11.79694],[-77.18087,-11.79708],[-77.18087,-11.79714],[-77.18093,-11.79724],[-77.18097,-11.79729],[-77.18103,-11.79731],[-77.18114,-11.79733],[-77.18126,-11.79734],[-77.18135,-11.79735],[-77.18146,-11.79733],[-77.18156,-11.79729],[-77.18168,-11.79731],[-77.18175,-11.79734],[-77.18185,-11.79737],[-77.18194,-11.79742],[-77.18209,-11.7975],[-77.18219,-11.79757],[-77.18224,-11.79767],[-77.18218,-11.79779],[-77.18214,-11.79784],[-77.1821,-11.79791],[-77.18209,-11.79801],[-77.18216,-11.79812],[-77.18213,-11.79821],[-77.1821,-11.79826],[-77.18209,-11.79832],[-77.18208,-11.79839],[-77.18213,-11.7985],[-77.18224,-11.7986],[-77.18229,-11.79867],[-77.18233,-11.79878],[-77.18235,-11.79889],[-77.18237,-11.79902],[-77.18237,-11.7991],[-77.18237,-11.79932],[-77.18235,-11.79942],[-77.18232,-11.79953],[-77.18223,-11.7996],[-77.18214,-11.79961],[-77.18207,-11.79963],[-77.18193,-11.79983],[-77.18183,-11.79991],[-77.18174,-11.79989],[-77.18165,-11.79985],[-77.18155,-11.79979],[-77.18145,-11.79974],[-77.18133,-11.79976],[-77.18127,-11.79974],[-77.18118,-11.79971],[-77.18098,-11.79968],[-77.18085,-11.79962],[-77.18072,-11.79963],[-77.18062,-11.79966],[-77.18052,-11.7997],[-77.18046,-11.7998],[-77.18024,-11.79999],[-77.18013,-11.79998],[-77.18004,-11.79991],[-77.17995,-11.79987],[-77.17984,-11.79985],[-77.17975,-11.79989],[-77.17966,-11.79998],[-77.17954,-11.80012],[-77.17932,-11.80035],[-77.17921,-11.80048],[-77.17906,-11.80067],[-77.17878,-11.80103],[-77.17866,-11.8012],[-77.17855,-11.80131],[-77.17837,-11.80157],[-77.1781,-11.80184],[-77.17802,-11.80194],[-77.17798,-11.80212],[-77.17796,-11.80223],[-77.17798,-11.80244],[-77.17804,-11.80257],[-77.17817,-11.80267],[-77.17834,-11.80273],[-77.17844,-11.80279],[-77.17854,-11.80289],[-77.17863,-11.80298],[-77.17868,-11.80305],[-77.17871,-11.80313],[-77.17878,-11.80336],[-77.17885,-11.80346],[-77.17906,-11.80363],[-77.17913,-11.8038],[-77.17922,-11.80396],[-77.17923,-11.80403],[-77.17924,-11.80412],[-77.17921,-11.80425],[-77.17911,-11.80434],[-77.17904,-11.80438],[-77.1789,-11.80455],[-77.17886,-11.8046],[-77.17883,-11.80466],[-77.17881,-11.80472],[-77.17879,-11.8049],[-77.17873,-11.805],[-77.17876,-11.80512],[-77.17879,-11.80518],[-77.17885,-11.80528],[-77.17889,-11.80538],[-77.17888,-11.80551],[-77.1789,-11.80562],[-77.17901,-11.80561],[-77.17909,-11.80561],[-77.17924,-11.80559],[-77.17933,-11.80556],[-77.17944,-11.80555],[-77.1794,-11.80563],[-77.17933,-11.80566],[-77.17918,-11.80574],[-77.17916,-11.80584],[-77.17916,-11.80605],[-77.17921,-11.8061],[-77.17928,-11.80616],[-77.17932,-11.80621],[-77.17938,-11.80626],[-77.17947,-11.80632],[-77.17957,-11.80639],[-77.17966,-11.80649],[-77.17973,-11.80653],[-77.17982,-11.80659],[-77.18001,-11.80668],[-77.18005,-11.80673],[-77.18006,-11.80691],[-77.18011,-11.80695],[-77.18021,-11.807],[-77.18027,-11.80709],[-77.18028,-11.80715],[-77.1802,-11.80725],[-77.18013,-11.80728],[-77.18003,-11.80734],[-77.17998,-11.80738],[-77.17989,-11.80741],[-77.17975,-11.8074],[-77.17962,-11.80736],[-77.17953,-11.80735],[-77.17944,-11.80736],[-77.17936,-11.80741],[-77.17929,-11.8075],[-77.17923,-11.80754],[-77.17917,-11.80756],[-77.17907,-11.80755],[-77.17903,-11.80749],[-77.17893,-11.80745],[-77.17882,-11.80743],[-77.17876,-11.80741],[-77.17866,-11.80742],[-77.17871,-11.80749],[-77.17877,-11.80759],[-77.17864,-11.80762],[-77.17849,-11.80769],[-77.17839,-11.80765],[-77.17834,-11.8076],[-77.17829,-11.80756],[-77.17819,-11.80754],[-77.178,-11.80765],[-77.17789,-11.80767],[-77.17779,-11.80768],[-77.17768,-11.80767],[-77.17762,-11.80768],[-77.17762,-11.80777],[-77.17771,-11.80786],[-77.17771,-11.80793],[-77.17769,-11.80802],[-77.17768,-11.80813],[-77.17773,-11.80823],[-77.17782,-11.80832],[-77.17795,-11.80835],[-77.17803,-11.80838],[-77.17812,-11.80844],[-77.17827,-11.80862],[-77.17833,-11.80869],[-77.17843,-11.80877],[-77.17848,-11.80881],[-77.17861,-11.80893],[-77.17878,-11.80898],[-77.17887,-11.80906],[-77.17891,-11.80915],[-77.17897,-11.80918],[-77.17897,-11.80929],[-77.17886,-11.80932],[-77.17881,-11.80942],[-77.17871,-11.80947],[-77.17862,-11.80946],[-77.17841,-11.80946],[-77.17831,-11.80942],[-77.1782,-11.80939],[-77.17815,-11.80949],[-77.17806,-11.80947],[-77.17799,-11.80947],[-77.17791,-11.80955],[-77.17788,-11.80969],[-77.17787,-11.80987],[-77.17782,-11.81021],[-77.17777,-11.81056],[-77.17775,-11.81078],[-77.17775,-11.81102],[-77.17774,-11.81109],[-77.17766,-11.81129],[-77.17764,-11.81142],[-77.17754,-11.81172],[-77.17752,-11.8118],[-77.17745,-11.81196],[-77.17735,-11.81231],[-77.17728,-11.81248],[-77.1771,-11.81282],[-77.17708,-11.81292],[-77.17709,-11.81299],[-77.17708,-11.81305],[-77.17706,-11.81311],[-77.17703,-11.81318],[-77.17696,-11.81326],[-77.17697,-11.81337],[-77.17696,-11.81347],[-77.17688,-11.8136],[-77.17685,-11.81385],[-77.1768,-11.81395],[-77.17673,-11.81424],[-77.17672,-11.81437],[-77.17668,-11.8145],[-77.17668,-11.81471],[-77.17664,-11.81482],[-77.17665,-11.81494],[-77.17662,-11.81502],[-77.17665,-11.81516],[-77.17665,-11.81526],[-77.17664,-11.81532],[-77.17663,-11.81538],[-77.17666,-11.81545],[-77.17668,-11.81551],[-77.17667,-11.81557],[-77.17668,-11.81569],[-77.17671,-11.81578],[-77.17678,-11.81586],[-77.17685,-11.81589],[-77.17697,-11.81592],[-77.17704,-11.81592],[-77.17715,-11.81594],[-77.1772,-11.81599],[-77.17731,-11.81608],[-77.17743,-11.81611],[-77.17754,-11.81611],[-77.17775,-11.81614],[-77.17781,-11.81616],[-77.17792,-11.81615],[-77.17798,-11.81617],[-77.17803,-11.81621],[-77.178,-11.81633],[-77.17793,-11.81639],[-77.1778,-11.81638],[-77.1777,-11.81639],[-77.1776,-11.81641],[-77.17754,-11.81647],[-77.17765,-11.81651],[-77.17775,-11.81651],[-77.17781,-11.81659],[-77.17771,-11.81667],[-77.17756,-11.8167],[-77.17746,-11.81676],[-77.17749,-11.81686],[-77.17758,-11.81691],[-77.17768,-11.81694],[-77.17776,-11.81701],[-77.1778,-11.81706],[-77.17784,-11.81711],[-77.17787,-11.81722],[-77.17791,-11.81727],[-77.17796,-11.81738],[-77.17801,-11.81747],[-77.17813,-11.81747],[-77.17825,-11.81744],[-77.17831,-11.81745],[-77.17843,-11.81748],[-77.17865,-11.81746],[-77.17871,-11.81748],[-77.17875,-11.81759],[-77.17886,-11.81762],[-77.17896,-11.81757],[-77.17904,-11.81749],[-77.17914,-11.81736],[-77.17922,-11.8173],[-77.17933,-11.81727],[-77.17945,-11.81725],[-77.17952,-11.81724],[-77.17962,-11.81724],[-77.17973,-11.81723],[-77.17981,-11.81721],[-77.1799,-11.81717],[-77.17996,-11.81715],[-77.18005,-11.81714],[-77.18023,-11.81706],[-77.18034,-11.81708],[-77.18037,-11.81713],[-77.18039,-11.8172],[-77.18047,-11.81726],[-77.18066,-11.81729],[-77.18077,-11.81735],[-77.18085,-11.8174],[-77.18086,-11.81751],[-77.18081,-11.81757],[-77.18072,-11.8176],[-77.18061,-11.81762],[-77.18052,-11.81767],[-77.18056,-11.81774],[-77.18071,-11.81773],[-77.18081,-11.81772],[-77.18089,-11.8177],[-77.181,-11.81773],[-77.18096,-11.81784],[-77.18087,-11.81791],[-77.18076,-11.81793],[-77.18066,-11.81796],[-77.18057,-11.81803],[-77.18063,-11.8181],[-77.18069,-11.81807],[-77.18075,-11.81806],[-77.18082,-11.81806],[-77.18089,-11.81805],[-77.181,-11.81806],[-77.18111,-11.81808],[-77.18113,-11.81819],[-77.18125,-11.81821],[-77.18132,-11.81821],[-77.18142,-11.81823],[-77.18152,-11.81823],[-77.18163,-11.81824],[-77.18176,-11.81826],[-77.18182,-11.81827],[-77.1819,-11.81827],[-77.18198,-11.81831],[-77.18205,-11.81833],[-77.18217,-11.81836],[-77.18223,-11.81838],[-77.18233,-11.81839],[-77.1824,-11.81839],[-77.18252,-11.81846],[-77.18264,-11.81859],[-77.1827,-11.81862],[-77.1828,-11.81871],[-77.18288,-11.81876],[-77.18296,-11.81884],[-77.18294,-11.81894],[-77.1828,-11.81894],[-77.18274,-11.81903],[-77.18276,-11.8192],[-77.18273,-11.81926],[-77.18266,-11.81934],[-77.18261,-11.81945],[-77.18262,-11.81951],[-77.18271,-11.81958],[-77.18282,-11.81962],[-77.18287,-11.81966],[-77.18296,-11.81974],[-77.18303,-11.81981],[-77.18304,-11.81988],[-77.1831,-11.81997],[-77.18324,-11.8201],[-77.18325,-11.82016],[-77.18314,-11.82021],[-77.18308,-11.82029],[-77.18298,-11.82034],[-77.18279,-11.8204],[-77.18257,-11.82045],[-77.18252,-11.82049],[-77.18247,-11.82054],[-77.18242,-11.82058],[-77.18215,-11.82066],[-77.18208,-11.8207],[-77.18202,-11.82077],[-77.18201,-11.82083],[-77.18203,-11.82096],[-77.18202,-11.82102],[-77.18198,-11.82106],[-77.18179,-11.82106],[-77.18167,-11.82108],[-77.18158,-11.82113],[-77.18141,-11.82131],[-77.18129,-11.82137],[-77.18112,-11.82149],[-77.18101,-11.82155],[-77.18083,-11.82159],[-77.18062,-11.82163],[-77.18054,-11.82165],[-77.18037,-11.82171],[-77.18013,-11.82175],[-77.17999,-11.82182],[-77.17997,-11.82193],[-77.1799,-11.82199],[-77.17984,-11.82211],[-77.17976,-11.82224],[-77.17973,-11.82239],[-77.17973,-11.82248],[-77.17973,-11.82261],[-77.17976,-11.82274],[-77.17981,-11.82278],[-77.17998,-11.82281],[-77.18005,-11.82283],[-77.18042,-11.82281],[-77.18052,-11.82281],[-77.18064,-11.8228],[-77.18096,-11.8228],[-77.18105,-11.82286],[-77.18107,-11.82298],[-77.18104,-11.82308],[-77.1811,-11.82318],[-77.18117,-11.8232],[-77.18127,-11.82317],[-77.18135,-11.82308],[-77.18145,-11.82305],[-77.18155,-11.82303],[-77.1817,-11.82291],[-77.18192,-11.82283],[-77.18204,-11.82281],[-77.18214,-11.82281],[-77.18224,-11.82283],[-77.18246,-11.82281],[-77.18257,-11.82285],[-77.18267,-11.82291],[-77.18271,-11.82296],[-77.1827,-11.82307],[-77.18272,-11.82318],[-77.1827,-11.82325],[-77.18271,-11.82336],[-77.18276,-11.8234],[-77.18281,-11.82349],[-77.18279,-11.82362],[-77.1828,-11.8237],[-77.1828,-11.82388],[-77.1828,-11.82415],[-77.18275,-11.82426],[-77.18265,-11.82439],[-77.1826,-11.82444],[-77.18261,-11.82451],[-77.18285,-11.82445],[-77.18299,-11.82436],[-77.18311,-11.82431],[-77.18318,-11.82429],[-77.1834,-11.82419],[-77.18359,-11.82411],[-77.18365,-11.82409],[-77.18385,-11.824],[-77.18395,-11.82395],[-77.18401,-11.82391],[-77.18411,-11.82385],[-77.18423,-11.82387],[-77.18428,-11.82391],[-77.18432,-11.82403],[-77.18441,-11.82399],[-77.18444,-11.82394],[-77.18455,-11.82395],[-77.18459,-11.82399],[-77.18464,-11.82411],[-77.18464,-11.82417],[-77.1846,-11.82433],[-77.18454,-11.8245],[-77.18462,-11.82457],[-77.18472,-11.8246],[-77.18482,-11.82457],[-77.18489,-11.82447],[-77.18502,-11.82428],[-77.18507,-11.82422],[-77.18518,-11.82419],[-77.18528,-11.82422],[-77.18534,-11.82421],[-77.1854,-11.82416],[-77.18554,-11.82413],[-77.18568,-11.82407],[-77.18582,-11.82406],[-77.18589,-11.82412],[-77.18596,-11.82422],[-77.18602,-11.82434],[-77.18601,-11.82446],[-77.18589,-11.82466],[-77.18599,-11.8247],[-77.18607,-11.82469],[-77.18617,-11.82471],[-77.18623,-11.82475],[-77.18631,-11.82482],[-77.1864,-11.82482],[-77.18646,-11.82478],[-77.18653,-11.82471],[-77.18659,-11.82467],[-77.1867,-11.82471],[-77.1868,-11.82484],[-77.18687,-11.82498],[-77.18688,-11.82508],[-77.18697,-11.82515],[-77.18703,-11.82513],[-77.18715,-11.82513],[-77.18725,-11.82518],[-77.18729,-11.82523],[-77.18735,-11.82535],[-77.18739,-11.82545],[-77.18741,-11.8255],[-77.18751,-11.82562],[-77.18753,-11.82573],[-77.1874,-11.82579],[-77.18732,-11.82584],[-77.18739,-11.82589],[-77.18759,-11.8259],[-77.18768,-11.82596],[-77.18781,-11.82614],[-77.18782,-11.82638],[-77.18779,-11.82649],[-77.18781,-11.82659],[-77.18794,-11.82672],[-77.18797,-11.82679],[-77.18798,-11.82685],[-77.188,-11.82694],[-77.18803,-11.82702],[-77.18813,-11.82704],[-77.18819,-11.82703],[-77.18824,-11.82707],[-77.18823,-11.82717],[-77.18818,-11.82724],[-77.18812,-11.82738],[-77.18811,-11.82748],[-77.1881,-11.82759],[-77.1881,-11.82765],[-77.1881,-11.82782],[-77.18814,-11.82795],[-77.1881,-11.828],[-77.18816,-11.82803],[-77.18817,-11.82811],[-77.1882,-11.82817],[-77.18819,-11.82828],[-77.18818,-11.82835],[-77.18816,-11.82843],[-77.18811,-11.82852],[-77.18808,-11.82854],[-77.18805,-11.82857],[-77.18796,-11.82857],[-77.18796,-11.82857],[-77.18794,-11.8285],[-77.18791,-11.82828],[-77.18777,-11.82791],[-77.18759,-11.82766],[-77.18754,-11.82759],[-77.18744,-11.82746],[-77.18729,-11.82725],[-77.18678,-11.82677],[-77.18674,-11.82673],[-77.18579,-11.82607],[-77.18565,-11.826],[-77.18537,-11.82586],[-77.18508,-11.82575],[-77.18487,-11.82571],[-77.1847,-11.82573],[-77.18456,-11.82578],[-77.18435,-11.82594],[-77.18418,-11.8262],[-77.18403,-11.82644],[-77.18401,-11.82648],[-77.18385,-11.82667],[-77.18375,-11.82679],[-77.18356,-11.82706],[-77.18337,-11.82755],[-77.18334,-11.82781],[-77.18327,-11.82789],[-77.18314,-11.82794],[-77.18262,-11.82815],[-77.18185,-11.8282],[-77.18116,-11.82803],[-77.18071,-11.82789],[-77.18044,-11.82785],[-77.18013,-11.82788],[-77.17974,-11.82799],[-77.17968,-11.828],[-77.17927,-11.8282],[-77.17883,-11.82843],[-77.17853,-11.82865],[-77.17811,-11.82873],[-77.17769,-11.82873],[-77.1772,-11.82869],[-77.17705,-11.82864],[-77.17685,-11.8284],[-77.17672,-11.8281],[-77.1767,-11.82788],[-77.17673,-11.82762],[-77.17689,-11.82723],[-77.17701,-11.82699],[-77.1771,-11.82676],[-77.17707,-11.82655],[-77.17691,-11.82638],[-77.17667,-11.82627],[-77.17623,-11.82616],[-77.17578,-11.82591],[-77.17574,-11.82589],[-77.17528,-11.82565],[-77.17479,-11.82551],[-77.17442,-11.82555],[-77.17413,-11.82561],[-77.17364,-11.82567],[-77.17317,-11.82573],[-77.1726,-11.82588],[-77.17202,-11.82612],[-77.17131,-11.82637],[-77.17085,-11.82655],[-77.1703,-11.82673],[-77.17012,-11.8268],[-77.17003,-11.82681],[-77.16965,-11.82674],[-77.16945,-11.82665],[-77.16921,-11.82643],[-77.169,-11.82616],[-77.16882,-11.82595],[-77.16863,-11.82578],[-77.16829,-11.82567],[-77.1679,-11.82569],[-77.16751,-11.82577],[-77.16717,-11.8259],[-77.16679,-11.82611],[-77.16659,-11.82622],[-77.16638,-11.82642],[-77.1662,-11.82667],[-77.16592,-11.82691],[-77.16546,-11.82703],[-77.16483,-11.82706],[-77.16441,-11.82711],[-77.16414,-11.82712],[-77.16382,-11.82704],[-77.16355,-11.82676],[-77.16337,-11.8264],[-77.16322,-11.82582],[-77.16305,-11.82541],[-77.16288,-11.82523],[-77.16243,-11.82502],[-77.16181,-11.82485],[-77.16125,-11.82483],[-77.15677,-11.82585],[-77.15666,-11.82535],[-77.15651,-11.82487],[-77.15628,-11.82406],[-77.156,-11.82341],[-77.15579,-11.82285],[-77.15551,-11.82243],[-77.15518,-11.82236],[-77.15472,-11.82239],[-77.1543,-11.82243],[-77.15398,-11.82225],[-77.15377,-11.82183],[-77.1533,-11.82141],[-77.15248,-11.82126],[-77.15213,-11.82128],[-77.15202,-11.82128],[-77.15135,-11.82131],[-77.15127,-11.82132],[-77.15091,-11.8215],[-77.15037,-11.82167],[-77.14972,-11.82173],[-77.1492,-11.82161],[-77.14875,-11.82144],[-77.14856,-11.821],[-77.14842,-11.8205],[-77.14842,-11.82008],[-77.14831,-11.81958],[-77.14807,-11.81934],[-77.14754,-11.81923],[-77.14742,-11.8192],[-77.14711,-11.81928],[-77.14621,-11.81709],[-77.1393,-11.8002],[-77.13928,-11.80014],[-77.14061,-11.7989],[-77.14355,-11.79587]]]}},{"type":"Feature","properties":{"id":"150140","name":"Santiago de Surco"},"geometry":{"type":"Polygon","coordinates":[[[-76.94775,-12.11754],[-76.94809,-12.11501],[-76.94839,-12.11353],[-76.94858,-12.11215],[-76.94876,-12.11094],[-76.94908,-12.10991],[-76.94985,-12.10876],[-76.95039,-12.10755],[-76.95058,-12.10654],[-76.95077,-12.105],[-76.95115,-12.10439],[-76.95204,-12.10352],[-76.95311,-12.10212],[-76.95405,-12.10099],[-76.95451,-12.10036],[-76.95555,-12.09929],[-76.95629,-12.09872],[-76.95727,-12.09812],[-76.95797,-12.09732],[-76.95825,-12.09564],[-76.95875,-12.09425],[-76.95909,-12.09376],[-76.95983,-12.09271],[-76.9603,-12.0909],[-76.96087,-12.08647],[-76.96088,-12.08516],[-76.9606,-12.08425],[-76.96007,-12.08286],[-76.95923,-12.08166],[-76.95733,-12.07956],[-76.95662,-12.0791],[-76.95603,-12.07873],[-76.95568,-12.07844],[-76.95551,-12.07837],[-76.95557,-12.078],[-76.95576,-12.0777],[-76.95609,-12.07729],[-76.95639,-12.07692],[-76.95672,-12.07656],[-76.95706,-12.07624],[-76.95739,-12.07604],[-76.95795,-12.07582],[-76.95831,-12.07595],[-76.95923,-12.07576],[-76.9604,-12.07571],[-76.96189,-12.07604],[-76.9631,-12.07657],[-76.96537,-12.07865],[-76.96696,-12.08111],[-76.96757,-12.08171],[-76.96993,-12.0833],[-76.97293,-12.08382],[-76.97301,-12.0835],[-76.97334,-12.08298],[-76.97385,-12.08205],[-76.97388,-12.08158],[-76.97379,-12.07933],[-76.97441,-12.07748],[-76.97462,-12.07765],[-76.97476,-12.07783],[-76.97484,-12.07804],[-76.97487,-12.07839],[-76.97504,-12.07871],[-76.97626,-12.07813],[-76.97675,-12.07903],[-76.97748,-12.08029],[-76.97823,-12.08121],[-76.97845,-12.08147],[-76.97965,-12.08261],[-76.97968,-12.08261],[-76.98059,-12.0833],[-76.98137,-12.08409],[-76.98169,-12.08463],[-76.98178,-12.0851],[-76.98169,-12.08668],[-76.98161,-12.08712],[-76.98126,-12.08883],[-76.98107,-12.09014],[-76.98062,-12.09338],[-76.98012,-12.09692],[-76.97932,-12.10206],[-76.97903,-12.10426],[-76.97817,-12.11026],[-76.97828,-12.11026],[-76.9828,-12.11058],[-76.99275,-12.11129],[-76.99362,-12.11132],[-76.99421,-12.11244],[-76.99458,-12.1134],[-76.99504,-12.11429],[-76.99546,-12.11532],[-76.99584,-12.11613],[-76.9961,-12.11669],[-76.99643,-12.11739],[-76.99703,-12.11867],[-76.99732,-12.11939],[-76.99745,-12.11989],[-76.99754,-12.11999],[-76.99778,-12.12024],[-76.99812,-12.12047],[-76.99827,-12.12058],[-76.99906,-12.12176],[-76.99909,-12.12182],[-76.99933,-12.12237],[-76.99948,-12.12247],[-76.99962,-12.12275],[-76.99992,-12.12298],[-77.0,-12.12304],[-77.00089,-12.12447],[-77.0016,-12.12543],[-77.00211,-12.12595],[-77.00259,-12.12656],[-77.00094,-12.12895],[-77.00163,-12.12886],[-77.00559,-12.12829],[-77.00956,-12.12766],[-77.00957,-12.12779],[-77.00959,-12.12807],[-77.00943,-12.12991],[-77.01131,-12.13008],[-77.01177,-12.13],[-77.01187,-12.13049],[-77.01246,-12.13036],[-77.01257,-12.13081],[-77.01299,-12.13126],[-77.01318,-12.13088],[-77.01306,-12.1302],[-77.0131,-12.12984],[-77.01348,-12.12995],[-77.01374,-12.12941],[-77.014,-12.12948],[-77.01437,-12.12957],[-77.01474,-12.12959],[-77.01519,-12.12958],[-77.01558,-12.12954],[-77.01571,-12.12997],[-77.01588,-12.1302],[-77.01616,-12.12994],[-77.01643,-12.13054],[-77.01712,-12.12994],[-77.01732,-12.13011],[-77.01732,-12.13041],[-77.01802,-12.13042],[-77.018,-12.13125],[-77.01787,-12.13576],[-77.01385,-12.13925],[-77.01249,-12.14043],[-77.0126,-12.1406],[-77.01342,-12.14228],[-77.01382,-12.14309],[-77.01392,-12.14326],[-77.0141,-12.1437],[-77.01418,-12.14386],[-77.01389,-12.14411],[-77.01569,-12.14651],[-77.0152,-12.1471],[-77.01575,-12.14709],[-77.01576,-12.14719],[-77.01583,-12.14729],[-77.01596,-12.14736],[-77.01703,-12.14972],[-77.01736,-12.15052],[-77.01835,-12.15263],[-77.01715,-12.15345],[-77.01683,-12.15369],[-77.01635,-12.15407],[-77.01558,-12.15473],[-77.01585,-12.15511],[-77.01604,-12.15563],[-77.00745,-12.16033],[-77.00781,-12.16146],[-77.0097,-12.16126],[-77.01087,-12.16292],[-77.01192,-12.16434],[-77.01217,-12.16458],[-77.01296,-12.16508],[-77.013,-12.1652],[-77.01203,-12.16609],[-77.01148,-12.1666],[-77.00966,-12.16777],[-77.00963,-12.16805],[-77.00822,-12.16845],[-77.00793,-12.16873],[-77.00781,-12.16893],[-77.00747,-12.16925],[-77.0075,-12.16956],[-77.0075,-12.16968],[-77.00688,-12.17032],[-77.00617,-12.1711],[-77.00568,-12.17172],[-77.00523,-12.17242],[-77.00459,-12.17343],[-77.00344,-12.17383],[-77.00229,-12.17416],[-77.00177,-12.1729],[-77.00203,-12.17273],[-77.00162,-12.17156],[-77.00096,-12.16965],[-77.00033,-12.16787],[-76.99994,-12.16772],[-76.99976,-12.16735],[-76.99951,-12.16685],[-76.99935,-12.16669],[-76.99899,-12.16669],[-76.99815,-12.16701],[-76.99813,-12.16702],[-76.99773,-12.16726],[-76.99711,-12.1678],[-76.996,-12.16863],[-76.99552,-12.16906],[-76.99474,-12.16965],[-76.99372,-12.17028],[-76.99246,-12.17127],[-76.99163,-12.17204],[-76.9913,-12.17259],[-76.99057,-12.17312],[-76.98983,-12.1731],[-76.98934,-12.17302],[-76.9886,-12.17291],[-76.98803,-12.17254],[-76.9871,-12.1712],[-76.98665,-12.16984],[-76.98653,-12.16886],[-76.98649,-12.16812],[-76.98644,-12.16789],[-76.9864,-12.16747],[-76.98637,-12.16736],[-76.98637,-12.16732],[-76.98636,-12.16724],[-76.98635,-12.16707],[-76.98631,-12.16697],[-76.98625,-12.1669],[-76.98618,-12.16681],[-76.98613,-12.16673],[-76.98605,-12.16664],[-76.98598,-12.16657],[-76.98587,-12.16651],[-76.98575,-12.16646],[-76.98563,-12.16644],[-76.98561,-12.16644],[-76.98552,-12.16643],[-76.98539,-12.16643],[-76.98523,-12.16643],[-76.9851,-12.16643],[-76.98498,-12.16644],[-76.98493,-12.16644],[-76.98441,-12.16645],[-76.98423,-12.16579],[-76.98374,-12.16402],[-76.98379,-12.16278],[-76.98415,-12.16248],[-76.98433,-12.16204],[-76.98431,-12.16161],[-76.98424,-12.16133],[-76.98432,-12.16117],[-76.98452,-12.16102],[-76.98473,-12.16095],[-76.98471,-12.16069],[-76.98473,-12.1602],[-76.98494,-12.1602],[-76.98486,-12.15751],[-76.98479,-12.15609],[-76.98445,-12.156],[-76.98424,-12.15589],[-76.98405,-12.15574],[-76.98369,-12.15531],[-76.98377,-12.15474],[-76.98383,-12.15405],[-76.98385,-12.15349],[-76.98383,-12.15309],[-76.98381,-12.1526],[-76.98375,-12.15209],[-76.98368,-12.1516],[-76.98353,-12.15091],[-76.98336,-12.15033],[-76.98303,-12.14935],[-76.98245,-12.14762],[-76.98229,-12.14717],[-76.98217,-12.14672],[-76.98205,-12.14616],[-76.98196,-12.14567],[-76.9819,-12.14533],[-76.98144,-12.14271],[-76.98076,-12.13873],[-76.98059,-12.13877],[-76.98049,-12.13881],[-76.98035,-12.13884],[-76.98019,-12.13888],[-76.98009,-12.13891],[-76.98002,-12.13896],[-76.97993,-12.13898],[-76.9798,-12.139],[-76.97972,-12.139],[-76.97963,-12.139],[-76.97954,-12.13903],[-76.97944,-12.13908],[-76.97934,-12.13915],[-76.97928,-12.13921],[-76.97922,-12.13929],[-76.97917,-12.13934],[-76.9791,-12.13936],[-76.97847,-12.13924],[-76.97809,-12.13917],[-76.97767,-12.13948],[-76.97721,-12.13974],[-76.97739,-12.13992],[-76.97726,-12.14018],[-76.97697,-12.14108],[-76.97744,-12.14121],[-76.97764,-12.14113],[-76.97781,-12.14107],[-76.9779,-12.14107],[-76.97798,-12.14118],[-76.978,-12.14133],[-76.97788,-12.14134],[-76.97772,-12.14142],[-76.97763,-12.14153],[-76.97757,-12.14161],[-76.9775,-12.1417],[-76.97744,-12.14178],[-76.97735,-12.14191],[-76.97709,-12.14211],[-76.97683,-12.14233],[-76.9768,-12.14236],[-76.97664,-12.14261],[-76.97639,-12.143],[-76.97714,-12.14371],[-76.97682,-12.14406],[-76.97491,-12.14233],[-76.97447,-12.14211],[-76.97485,-12.14124],[-76.97494,-12.14098],[-76.97499,-12.14078],[-76.97497,-12.14056],[-76.97491,-12.14018],[-76.97486,-12.13977],[-76.97486,-12.13932],[-76.97488,-12.13896],[-76.97496,-12.13844],[-76.97507,-12.13812],[-76.97525,-12.13775],[-76.97557,-12.13715],[-76.97495,-12.13692],[-76.97443,-12.13677],[-76.97457,-12.13489],[-76.97379,-12.13522],[-76.97215,-12.13511],[-76.97212,-12.13392],[-76.97092,-12.13365],[-76.9708,-12.13225],[-76.97051,-12.1323],[-76.97042,-12.13219],[-76.97036,-12.13211],[-76.97031,-12.13198],[-76.97028,-12.13186],[-76.97023,-12.13176],[-76.97012,-12.1317],[-76.96997,-12.13168],[-76.96976,-12.13165],[-76.96954,-12.13159],[-76.96944,-12.13152],[-76.96935,-12.13144],[-76.96927,-12.13139],[-76.96917,-12.13135],[-76.96908,-12.13131],[-76.96893,-12.13125],[-76.96878,-12.13116],[-76.96861,-12.13103],[-76.96851,-12.13096],[-76.96848,-12.13094],[-76.9683,-12.1308],[-76.9682,-12.13072],[-76.96812,-12.13065],[-76.96811,-12.13063],[-76.96804,-12.1306],[-76.96793,-12.13059],[-76.96776,-12.13055],[-76.96766,-12.13052],[-76.96754,-12.13046],[-76.96747,-12.13043],[-76.96738,-12.1304],[-76.9673,-12.13038],[-76.96721,-12.13036],[-76.96713,-12.13037],[-76.96699,-12.13033],[-76.9669,-12.13022],[-76.96681,-12.13009],[-76.96674,-12.12998],[-76.96659,-12.12983],[-76.96638,-12.12967],[-76.96619,-12.1295],[-76.96615,-12.12947],[-76.966,-12.12933],[-76.96589,-12.12922],[-76.96577,-12.12915],[-76.96572,-12.12912],[-76.96558,-12.12907],[-76.96547,-12.12902],[-76.96537,-12.12899],[-76.96527,-12.12899],[-76.96519,-12.12897],[-76.96506,-12.12894],[-76.96487,-12.12892],[-76.96479,-12.12892],[-76.96471,-12.12891],[-76.96456,-12.1289],[-76.96443,-12.12884],[-76.96432,-12.12875],[-76.96422,-12.12866],[-76.96413,-12.12861],[-76.96401,-12.1285],[-76.9639,-12.12842],[-76.96384,-12.12836],[-76.96375,-12.12828],[-76.96367,-12.12821],[-76.96357,-12.12814],[-76.96346,-12.12808],[-76.96333,-12.128],[-76.96326,-12.12795],[-76.96319,-12.12791],[-76.9631,-12.12789],[-76.96301,-12.12786],[-76.96291,-12.12787],[-76.96286,-12.12787],[-76.96281,-12.12785],[-76.96278,-12.12782],[-76.96277,-12.12777],[-76.96273,-12.12768],[-76.96268,-12.12758],[-76.96259,-12.12748],[-76.96252,-12.12742],[-76.96243,-12.12731],[-76.96234,-12.12718],[-76.96232,-12.12713],[-76.96231,-12.12708],[-76.96232,-12.12689],[-76.96233,-12.12679],[-76.96232,-12.12663],[-76.96235,-12.12645],[-76.96231,-12.12631],[-76.96233,-12.12617],[-76.9623,-12.12604],[-76.9623,-12.12588],[-76.96228,-12.12571],[-76.96225,-12.12555],[-76.96223,-12.12539],[-76.96222,-12.12522],[-76.96225,-12.12509],[-76.9623,-12.12495],[-76.96226,-12.12484],[-76.96219,-12.12472],[-76.96209,-12.12456],[-76.96205,-12.12445],[-76.962,-12.1243],[-76.96197,-12.12417],[-76.96194,-12.12404],[-76.96195,-12.12386],[-76.96192,-12.12374],[-76.96183,-12.12353],[-76.96177,-12.12335],[-76.96175,-12.12306],[-76.96172,-12.12293],[-76.96164,-12.1227],[-76.96145,-12.12238],[-76.96142,-12.12229],[-76.96128,-12.12203],[-76.96118,-12.12176],[-76.96111,-12.12158],[-76.96102,-12.12141],[-76.96096,-12.12127],[-76.96084,-12.12107],[-76.96074,-12.12086],[-76.96066,-12.12072],[-76.96053,-12.1206],[-76.96039,-12.12039],[-76.96026,-12.12026],[-76.96008,-12.12009],[-76.95998,-12.12003],[-76.95989,-12.12002],[-76.95969,-12.12002],[-76.95962,-12.12],[-76.95953,-12.11994],[-76.95948,-12.11989],[-76.95938,-12.11986],[-76.95928,-12.11984],[-76.95918,-12.11982],[-76.95909,-12.1198],[-76.95897,-12.11979],[-76.95885,-12.11977],[-76.95876,-12.11977],[-76.95857,-12.11967],[-76.95849,-12.11956],[-76.95843,-12.11943],[-76.9584,-12.11938],[-76.95821,-12.11905],[-76.95812,-12.1188],[-76.95806,-12.11861],[-76.95796,-12.11831],[-76.95781,-12.11804],[-76.9578,-12.11792],[-76.95778,-12.11781],[-76.95774,-12.11767],[-76.95767,-12.11752],[-76.95761,-12.1174],[-76.9575,-12.11726],[-76.95748,-12.11723],[-76.95742,-12.11716],[-76.95733,-12.11706],[-76.95726,-12.11698],[-76.95711,-12.11679],[-76.957,-12.11663],[-76.95688,-12.1165],[-76.95667,-12.11638],[-76.95649,-12.11626],[-76.95639,-12.11617],[-76.95628,-12.1161],[-76.95614,-12.11603],[-76.956,-12.11594],[-76.95579,-12.11579],[-76.95571,-12.11568],[-76.95561,-12.1156],[-76.95545,-12.11552],[-76.9552,-12.1155],[-76.95472,-12.11552],[-76.95434,-12.11556],[-76.95416,-12.11558],[-76.95396,-12.11557],[-76.95384,-12.11557],[-76.95366,-12.11555],[-76.95354,-12.11554],[-76.95343,-12.11553],[-76.95331,-12.11554],[-76.95324,-12.11556],[-76.95313,-12.11564],[-76.95302,-12.11574],[-76.95294,-12.11579],[-76.95287,-12.11582],[-76.95277,-12.11585],[-76.95267,-12.11588],[-76.95257,-12.11591],[-76.95236,-12.11596],[-76.95227,-12.11598],[-76.95214,-12.11599],[-76.95201,-12.11602],[-76.95181,-12.11606],[-76.95149,-12.11611],[-76.9513,-12.11611],[-76.95115,-12.11612],[-76.95095,-12.11609],[-76.95064,-12.11603],[-76.95039,-12.11596],[-76.95027,-12.11592],[-76.95015,-12.11592],[-76.95004,-12.11595],[-76.94991,-12.11598],[-76.94977,-12.11604],[-76.94967,-12.11609],[-76.94959,-12.11617],[-76.94948,-12.11627],[-76.94933,-12.11638],[-76.94918,-12.11652],[-76.949,-12.11665],[-76.94892,-12.11673],[-76.94884,-12.11683],[-76.94878,-12.11689],[-76.94869,-12.11698],[-76.94857,-12.11709],[-76.94838,-12.11723],[-76.94824,-12.11732],[-76.94814,-12.11738],[-76.94813,-12.11739],[-76.9481,-12.1174],[-76.94797,-12.11746],[-76.94777,-12.11753],[-76.94775,-12.11754]]]}},{"type":"Feature","properties":{"id":"150141","name":"Surquillo"},"geometry":{"type":"Polygon","coordinates":[[[-77.01044,-12.10728],[-77.01469,-12.10804],[-77.01498,-12.10778],[-77.01655,-12.10557],[-77.01647,-12.10435],[-77.01642,-12.10414],[-77.01612,-12.10356],[-77.01633,-12.10343],[-77.01643,-12.10332],[-77.01649,-12.10322],[-77.01651,-12.10306],[-77.01641,-12.1023],[-77.01877,-12.10192],[-77.02732,-12.10284],[-77.02747,-12.1036],[-77.02746,-12.1053],[-77.02742,-12.10597],[-77.02731,-12.10632],[-77.02656,-12.1082],[-77.02631,-12.11035],[-77.02614,-12.11198],[-77.026,-12.11348],[-77.02596,-12.11411],[-77.02595,-12.11433],[-77.02615,-12.11689],[-77.02618,-12.1172],[-77.02614,-12.11746],[-77.02583,-12.11912],[-77.02582,-12.11916],[-77.02519,-12.11918],[-77.02492,-12.11927],[-77.0241,-12.11984],[-77.01823,-12.11941],[-77.01821,-12.11941],[-77.01821,-12.11971],[-77.01822,-12.12009],[-77.01824,-12.12056],[-77.01821,-12.12056],[-77.01728,-12.12055],[-77.01729,-12.11944],[-77.0138,-12.11938],[-77.0138,-12.11882],[-77.01325,-12.11879],[-77.01325,-12.11787],[-77.0132,-12.11769],[-77.01303,-12.11753],[-77.01017,-12.11569],[-77.00468,-12.12368],[-77.00259,-12.12656],[-77.00211,-12.12595],[-77.0016,-12.12543],[-77.00089,-12.12447],[-77.0,-12.12304],[-76.99992,-12.12298],[-76.99962,-12.12275],[-76.99948,-12.12247],[-76.99933,-12.12237],[-76.99909,-12.12182],[-76.99906,-12.12176],[-76.99827,-12.12058],[-76.99812,-12.12047],[-76.99778,-12.12024],[-76.99754,-12.11999],[-76.99745,-12.11989],[-76.99732,-12.11939],[-76.99703,-12.11867],[-76.99643,-12.11739],[-76.9961,-12.11669],[-76.99584,-12.11613],[-76.99546,-12.11532],[-76.99504,-12.11429],[-76.99458,-12.1134],[-76.99421,-12.11244],[-76.99362,-12.11132],[-77.00959,-12.11238],[-77.00977,-12.11029],[-77.00986,-12.11025],[-77.0104,-12.10761],[-77.01044,-12.10728]]]}},{"type":"Feature","properties":{"id":"150142","name":"Villa El Salvador"},"geometry":{"type":"Polygon","coordinates":[[[-76.91096,-12.23349],[-76.91003,-12.23102],[-76.90974,-12.23015],[-76.90961,-12.22977],[-76.91012,-12.22955],[-76.91257,-12.22846],[-76.91482,-12.2278],[-76.91802,-12.22629],[-76.91829,-12.22606],[-76.91895,-12.22552],[-76.91949,-12.22478],[-76.92052,-12.22125],[-76.92071,-12.22057],[-76.92108,-12.2193],[-76.92113,-12.21914],[-76.92117,-12.21897],[-76.92183,-12.21615],[-76.92216,-12.21474],[-76.9222,-12.21454],[-76.92361,-12.21277],[-76.92662,-12.209],[-76.93012,-12.20326],[-76.93279,-12.19856],[-76.93522,-12.19446],[-76.93731,-12.19094],[-76.94232,-12.18247],[-76.94526,-12.18426],[-76.94579,-12.18465],[-76.94704,-12.18572],[-76.94778,-12.18617],[-76.94788,-12.18623],[-76.94793,-12.18626],[-76.94803,-12.18634],[-76.94851,-12.18655],[-76.94874,-12.18661],[-76.94885,-12.1866],[-76.94898,-12.18651],[-76.94917,-12.18628],[-76.94923,-12.18611],[-76.94933,-12.18604],[-76.94953,-12.186],[-76.94993,-12.18601],[-76.95,-12.186],[-76.95049,-12.1859],[-76.95067,-12.18587],[-76.95114,-12.18579],[-76.95167,-12.18559],[-76.95186,-12.18554],[-76.952,-12.18529],[-76.95208,-12.18522],[-76.95225,-12.1852],[-76.95234,-12.18519],[-76.95241,-12.18547],[-76.95266,-12.1861],[-76.95276,-12.1861],[-76.95297,-12.18619],[-76.95302,-12.18629],[-76.95321,-12.18633],[-76.95354,-12.18633],[-76.95389,-12.18629],[-76.95404,-12.18626],[-76.95428,-12.18618],[-76.95433,-12.18626],[-76.95457,-12.18645],[-76.95457,-12.18647],[-76.95447,-12.1867],[-76.95439,-12.18729],[-76.95452,-12.1893],[-76.95421,-12.18985],[-76.95441,-12.19002],[-76.95457,-12.19016],[-76.95469,-12.19023],[-76.95653,-12.1913],[-76.95852,-12.19245],[-76.95862,-12.19228],[-76.95883,-12.19192],[-76.95918,-12.19168],[-76.95965,-12.19168],[-76.96086,-12.19235],[-76.9609,-12.19246],[-76.96094,-12.19259],[-76.96123,-12.19263],[-76.96145,-12.19267],[-76.96278,-12.19281],[-76.96389,-12.19293],[-76.96492,-12.19305],[-76.96697,-12.19332],[-76.96907,-12.19292],[-76.97044,-12.19268],[-76.97124,-12.19251],[-76.97175,-12.19235],[-76.97254,-12.19222],[-76.97291,-12.19495],[-76.97474,-12.20645],[-76.97604,-12.21358],[-76.97678,-12.21764],[-76.97716,-12.21971],[-76.97575,-12.22111],[-76.97427,-12.22264],[-76.9723,-12.22468],[-76.97262,-12.22526],[-76.97345,-12.2267],[-76.97389,-12.22742],[-76.97426,-12.22815],[-76.97435,-12.22826],[-76.97484,-12.2291],[-76.97567,-12.23048],[-76.9759,-12.23075],[-76.97547,-12.2309],[-76.97527,-12.23102],[-76.97492,-12.23114],[-76.9747,-12.23125],[-76.9745,-12.23132],[-76.97421,-12.2314],[-76.97398,-12.23157],[-76.97364,-12.23175],[-76.97319,-12.23187],[-76.97304,-12.23193],[-76.97284,-12.23204],[-76.97261,-12.23215],[-76.97246,-12.23228],[-76.97224,-12.23234],[-76.97189,-12.23255],[-76.97162,-12.23258],[-76.9713,-12.23265],[-76.97099,-12.23283],[-76.97067,-12.23295],[-76.97051,-12.23312],[-76.96978,-12.23344],[-76.96904,-12.23367],[-76.96849,-12.23387],[-76.96818,-12.23403],[-76.96796,-12.23411],[-76.96787,-12.23418],[-76.96765,-12.23422],[-76.96738,-12.2343],[-76.96709,-12.23446],[-76.9668,-12.23456],[-76.96634,-12.23481],[-76.9661,-12.23491],[-76.96571,-12.23509],[-76.96544,-12.23519],[-76.96526,-12.23528],[-76.96498,-12.23537],[-76.96484,-12.2355],[-76.96439,-12.23563],[-76.96427,-12.23573],[-76.96373,-12.23598],[-76.96343,-12.23613],[-76.96327,-12.23628],[-76.96274,-12.23648],[-76.96248,-12.23662],[-76.9622,-12.23678],[-76.96208,-12.23678],[-76.96135,-12.23699],[-76.96127,-12.23709],[-76.96073,-12.23728],[-76.96049,-12.23749],[-76.96026,-12.23754],[-76.96004,-12.23765],[-76.95987,-12.2378],[-76.95954,-12.23793],[-76.9593,-12.23801],[-76.95898,-12.23818],[-76.95875,-12.23826],[-76.95843,-12.23841],[-76.95803,-12.23858],[-76.95764,-12.23874],[-76.95743,-12.23882],[-76.95666,-12.2392],[-76.95615,-12.23934],[-76.95582,-12.23959],[-76.95518,-12.24005],[-76.95488,-12.24016],[-76.95445,-12.24034],[-76.95416,-12.24052],[-76.95368,-12.24072],[-76.95345,-12.24091],[-76.95325,-12.24098],[-76.95276,-12.24121],[-76.95247,-12.24132],[-76.95223,-12.24148],[-76.95194,-12.24161],[-76.95144,-12.24183],[-76.9511,-12.24198],[-76.95068,-12.24218],[-76.95037,-12.24232],[-76.95024,-12.24243],[-76.94976,-12.24262],[-76.94954,-12.2428],[-76.94918,-12.2429],[-76.94901,-12.24304],[-76.94881,-12.24322],[-76.94855,-12.24322],[-76.94821,-12.24337],[-76.94792,-12.24358],[-76.9476,-12.24373],[-76.94728,-12.24386],[-76.94696,-12.24409],[-76.94667,-12.24419],[-76.94642,-12.2443],[-76.9459,-12.24463],[-76.9457,-12.24466],[-76.94532,-12.24487],[-76.94504,-12.24503],[-76.94479,-12.24509],[-76.94467,-12.24516],[-76.94443,-12.24528],[-76.94423,-12.24542],[-76.94406,-12.24554],[-76.94392,-12.24562],[-76.94367,-12.24576],[-76.9434,-12.2459],[-76.94328,-12.246],[-76.94315,-12.24608],[-76.943,-12.24612],[-76.94288,-12.24617],[-76.94274,-12.24625],[-76.94263,-12.2463],[-76.94224,-12.24647],[-76.942,-12.24667],[-76.94188,-12.24672],[-76.9418,-12.24677],[-76.94144,-12.24692],[-76.9413,-12.247],[-76.94118,-12.24711],[-76.94104,-12.2472],[-76.94087,-12.24732],[-76.94073,-12.24737],[-76.94038,-12.24752],[-76.94011,-12.24764],[-76.93998,-12.24768],[-76.93986,-12.24773],[-76.9381,-12.24528],[-76.93522,-12.2468],[-76.93473,-12.24716],[-76.93033,-12.25046],[-76.92852,-12.25183],[-76.92741,-12.25256],[-76.92656,-12.25014],[-76.92611,-12.24965],[-76.92496,-12.24933],[-76.92418,-12.24918],[-76.92343,-12.24904],[-76.92159,-12.24904],[-76.91958,-12.24939],[-76.91867,-12.24965],[-76.91787,-12.25003],[-76.91714,-12.25013],[-76.91608,-12.24972],[-76.91554,-12.24951],[-76.91488,-12.24895],[-76.91468,-12.24825],[-76.91486,-12.24731],[-76.91511,-12.24647],[-76.91495,-12.24537],[-76.91394,-12.24393],[-76.91279,-12.24294],[-76.91173,-12.24208],[-76.91131,-12.2416],[-76.91117,-12.24145],[-76.91164,-12.24069],[-76.91189,-12.24022],[-76.91204,-12.23988],[-76.91224,-12.23924],[-76.91226,-12.23916],[-76.91231,-12.23896],[-76.91237,-12.23873],[-76.91242,-12.23827],[-76.91238,-12.23776],[-76.91236,-12.23768],[-76.9123,-12.23744],[-76.91227,-12.23733],[-76.9122,-12.23703],[-76.91208,-12.23674],[-76.91196,-12.23643],[-76.9118,-12.2359],[-76.91177,-12.23579],[-76.91158,-12.23523],[-76.91147,-12.23492],[-76.91124,-12.23434],[-76.91108,-12.2338],[-76.91096,-12.23349]]]}},{"type":"Feature","properties":{"id":"150143","name":"Villa María del Triunfo"},"geometry":{"type":"Polygon","coordinates":[[[-76.89095,-12.20776],[-76.89113,-12.2073],[-76.89113,-12.20649],[-76.89103,-12.20625],[-76.89081,-12.20579],[-76.89056,-12.20519],[-76.89048,-12.20453],[-76.89036,-12.20366],[-76.89043,-12.20297],[-76.89056,-12.20203],[-76.89087,-12.20142],[-76.8911,-12.20098],[-76.89186,-12.2],[-76.89203,-12.19933],[-76.89188,-12.19877],[-76.89121,-12.19779],[-76.89055,-12.19665],[-76.88988,-12.19564],[-76.88906,-12.19463],[-76.88853,-12.19286],[-76.88774,-12.18995],[-76.88729,-12.18843],[-76.88696,-12.18805],[-76.88623,-12.18772],[-76.88609,-12.18766],[-76.88585,-12.18755],[-76.88551,-12.18728],[-76.88534,-12.18675],[-76.88522,-12.18595],[-76.88505,-12.18524],[-76.8849,-12.18464],[-76.88476,-12.18384],[-76.88447,-12.18282],[-76.88417,-12.18182],[-76.88367,-12.18093],[-76.88341,-12.18048],[-76.8831,-12.1795],[-76.88313,-12.17841],[-76.88322,-12.17778],[-76.88347,-12.17692],[-76.88406,-12.17571],[-76.88465,-12.17487],[-76.88473,-12.17406],[-76.88475,-12.17388],[-76.8847,-12.17371],[-76.88455,-12.1732],[-76.88423,-12.17264],[-76.88388,-12.17233],[-76.8831,-12.1713],[-76.88199,-12.16914],[-76.88124,-12.16786],[-76.88117,-12.16679],[-76.88108,-12.16584],[-76.88124,-12.16461],[-76.88148,-12.16403],[-76.88163,-12.16384],[-76.88196,-12.16316],[-76.88251,-12.16144],[-76.88271,-12.16072],[-76.88307,-12.15955],[-76.88343,-12.15751],[-76.88332,-12.15614],[-76.88343,-12.15516],[-76.88375,-12.15454],[-76.88419,-12.15428],[-76.88534,-12.1539],[-76.88683,-12.15353],[-76.88847,-12.15291],[-76.88984,-12.15261],[-76.89166,-12.15158],[-76.89353,-12.15026],[-76.89483,-12.14874],[-76.89553,-12.14734],[-76.89574,-12.1465],[-76.89606,-12.14511],[-76.89604,-12.14422],[-76.89606,-12.14417],[-76.89632,-12.14275],[-76.89634,-12.14214],[-76.89646,-12.14161],[-76.89696,-12.14099],[-76.89813,-12.14011],[-76.89855,-12.13967],[-76.89878,-12.13937],[-76.89908,-12.13881],[-76.89941,-12.13802],[-76.89967,-12.13754],[-76.90024,-12.1368],[-76.90063,-12.13613],[-76.9007,-12.13584],[-76.90078,-12.13501],[-76.90085,-12.13472],[-76.90161,-12.13384],[-76.90277,-12.13292],[-76.90362,-12.13225],[-76.90461,-12.13184],[-76.90483,-12.13175],[-76.90674,-12.13158],[-76.90901,-12.13076],[-76.91131,-12.12884],[-76.91257,-12.12772],[-76.91258,-12.12672],[-76.91191,-12.12453],[-76.91078,-12.12233],[-76.91163,-12.12168],[-76.91268,-12.12123],[-76.91436,-12.12104],[-76.91504,-12.12067],[-76.91647,-12.11987],[-76.91703,-12.1196],[-76.91815,-12.11906],[-76.91829,-12.11899],[-76.92018,-12.11893],[-76.92098,-12.1191],[-76.92174,-12.11957],[-76.92301,-12.12039],[-76.92438,-12.121],[-76.92577,-12.1216],[-76.92839,-12.1225],[-76.92954,-12.12292],[-76.93106,-12.12349],[-76.93321,-12.12376],[-76.93504,-12.12345],[-76.93785,-12.12247],[-76.94079,-12.12216],[-76.94197,-12.12327],[-76.94249,-12.12383],[-76.94303,-12.12454],[-76.94334,-12.12535],[-76.94357,-12.12584],[-76.94394,-12.12636],[-76.94467,-12.12714],[-76.94511,-12.12757],[-76.94536,-12.12803],[-76.94556,-12.12855],[-76.94559,-12.12907],[-76.94544,-12.12969],[-76.94519,-12.13006],[-76.94521,-12.13052],[-76.94571,-12.13108],[-76.94616,-12.13193],[-76.94659,-12.13269],[-76.94671,-12.13284],[-76.94694,-12.13312],[-76.94749,-12.13333],[-76.94758,-12.13337],[-76.94779,-12.13339],[-76.94811,-12.13342],[-76.94862,-12.1334],[-76.94908,-12.13345],[-76.94926,-12.13351],[-76.9495,-12.1336],[-76.94968,-12.13369],[-76.94983,-12.13369],[-76.94987,-12.13371],[-76.94992,-12.13371],[-76.95005,-12.13371],[-76.95009,-12.13373],[-76.95021,-12.13376],[-76.95051,-12.13402],[-76.95054,-12.13404],[-76.95064,-12.13421],[-76.95077,-12.13441],[-76.95104,-12.13481],[-76.95113,-12.13495],[-76.95138,-12.13533],[-76.95176,-12.13574],[-76.95194,-12.13589],[-76.95218,-12.13597],[-76.95288,-12.13613],[-76.95295,-12.13617],[-76.95326,-12.13633],[-76.95345,-12.13653],[-76.95353,-12.1368],[-76.95369,-12.13724],[-76.95382,-12.1378],[-76.95389,-12.13793],[-76.95402,-12.13802],[-76.95419,-12.13815],[-76.95434,-12.13831],[-76.95435,-12.13835],[-76.95441,-12.13845],[-76.95467,-12.1389],[-76.95496,-12.13957],[-76.95509,-12.13986],[-76.95517,-12.14046],[-76.95573,-12.14111],[-76.95652,-12.14171],[-76.9572,-12.14218],[-76.95758,-12.14244],[-76.95777,-12.14271],[-76.95794,-12.1433],[-76.95798,-12.14376],[-76.95796,-12.14427],[-76.95801,-12.14457],[-76.95801,-12.1447],[-76.95808,-12.14506],[-76.95811,-12.1452],[-76.95819,-12.14555],[-76.95827,-12.14594],[-76.95837,-12.14661],[-76.95845,-12.14701],[-76.95846,-12.14737],[-76.95858,-12.14777],[-76.95872,-12.14815],[-76.95878,-12.14828],[-76.95891,-12.14858],[-76.95895,-12.14913],[-76.95899,-12.1496],[-76.95896,-12.15004],[-76.95887,-12.15026],[-76.95886,-12.15053],[-76.95887,-12.15078],[-76.95883,-12.15097],[-76.95878,-12.15125],[-76.95878,-12.15154],[-76.95887,-12.15207],[-76.95902,-12.1526],[-76.95925,-12.1532],[-76.95943,-12.15365],[-76.95958,-12.15378],[-76.95997,-12.1538],[-76.96074,-12.15363],[-76.96172,-12.15477],[-76.96153,-12.15515],[-76.95635,-12.15959],[-76.95639,-12.1599],[-76.95665,-12.16022],[-76.95672,-12.16053],[-76.95687,-12.16078],[-76.95734,-12.16116],[-76.95772,-12.16205],[-76.9582,-12.1632],[-76.95824,-12.16371],[-76.95814,-12.16423],[-76.95783,-12.16448],[-76.95731,-12.16468],[-76.95708,-12.16499],[-76.95704,-12.16545],[-76.95717,-12.16578],[-76.95677,-12.16643],[-76.9567,-12.16704],[-76.95667,-12.16747],[-76.95658,-12.16761],[-76.95632,-12.1679],[-76.95624,-12.16817],[-76.95619,-12.16855],[-76.95619,-12.16886],[-76.95612,-12.16906],[-76.95597,-12.16929],[-76.95582,-12.16953],[-76.95575,-12.16982],[-76.95573,-12.17002],[-76.95567,-12.1701],[-76.95557,-12.17019],[-76.95536,-12.17037],[-76.95516,-12.17059],[-76.95509,-12.17077],[-76.95515,-12.17133],[-76.95522,-12.17197],[-76.95511,-12.17234],[-76.95488,-12.17269],[-76.95472,-12.17292],[-76.95463,-12.17309],[-76.95453,-12.17339],[-76.95449,-12.17378],[-76.95448,-12.17398],[-76.95454,-12.17426],[-76.95459,-12.17439],[-76.95468,-12.17472],[-76.95475,-12.1748],[-76.9548,-12.17486],[-76.95483,-12.17497],[-76.95481,-12.17513],[-76.95484,-12.17523],[-76.95489,-12.17552],[-76.95486,-12.17571],[-76.95476,-12.17599],[-76.95447,-12.1764],[-76.95419,-12.17689],[-76.95414,-12.17716],[-76.95423,-12.17769],[-76.95426,-12.17811],[-76.95425,-12.17843],[-76.95426,-12.17879],[-76.95423,-12.179],[-76.95415,-12.17919],[-76.95401,-12.17935],[-76.95385,-12.17973],[-76.95376,-12.17991],[-76.95356,-12.18014],[-76.95328,-12.18062],[-76.95308,-12.18099],[-76.95306,-12.18136],[-76.95309,-12.18192],[-76.95318,-12.18227],[-76.95333,-12.18261],[-76.95348,-12.18288],[-76.95353,-12.18329],[-76.95338,-12.18384],[-76.95319,-12.18425],[-76.95314,-12.18434],[-76.95284,-12.18484],[-76.95268,-12.18498],[-76.95234,-12.18519],[-76.95225,-12.1852],[-76.95208,-12.18522],[-76.952,-12.18529],[-76.95186,-12.18554],[-76.95167,-12.18559],[-76.95114,-12.18579],[-76.95067,-12.18587],[-76.95049,-12.1859],[-76.95,-12.186],[-76.94993,-12.18601],[-76.94953,-12.186],[-76.94933,-12.18604],[-76.94923,-12.18611],[-76.94917,-12.18628],[-76.94898,-12.18651],[-76.94885,-12.1866],[-76.94874,-12.18661],[-76.94851,-12.18655],[-76.94803,-12.18634],[-76.94793,-12.18626],[-76.94788,-12.18623],[-76.94778,-12.18617],[-76.94704,-12.18572],[-76.94579,-12.18465],[-76.94526,-12.18426],[-76.94232,-12.18247],[-76.93731,-12.19094],[-76.93522,-12.19446],[-76.93279,-12.19856],[-76.93012,-12.20326],[-76.92662,-12.209],[-76.92361,-12.21277],[-76.9222,-12.21454],[-76.92216,-12.21474],[-76.92183,-12.21615],[-76.92117,-12.21897],[-76.92113,-12.21914],[-76.92108,-12.2193],[-76.92071,-12.22057],[-76.92052,-12.22125],[-76.91949,-12.22478],[-76.91895,-12.22552],[-76.91829,-12.22606],[-76.91802,-12.22629],[-76.91482,-12.2278],[-76.91257,-12.22846],[-76.91012,-12.22955],[-76.90961,-12.22977],[-76.90974,-12.23015],[-76.91003,-12.23102],[-76.91096,-12.23349],[-76.90832,-12.2345],[-76.90801,-12.23448],[-76.90789,-12.23445],[-76.90762,-12.23432],[-76.90708,-12.234],[-76.90518,-12.23147],[-76.90518,-12.23146],[-76.90207,-12.22722],[-76.90155,-12.22588],[-76.90073,-12.22423],[-76.89976,-12.22267],[-76.8983,-12.22084],[-76.8966,-12.21882],[-76.89549,-12.21802],[-76.88936,-12.2145],[-76.88928,-12.21415],[-76.88948,-12.21306],[-76.88997,-12.21148],[-76.89045,-12.20987],[-76.89095,-12.20776]]]}}]}